"Cells","Names","Birth Times","peak exp","CC X20230222_JIM188_tbx.9_die.1_L1","CC X20230223_JIM188_tbx.9_die.1_L4","CC X20230224_RW10265_tbx.8_die.1_L1","CC X20230224_RW10265_tbx.8_die.1_L3","CC X20230224_RW10265_tbx.8_die.1_L4","Position X20230222_JIM188_tbx.9_die.1_L1","Position X20230223_JIM188_tbx.9_die.1_L4","Position X20230224_RW10265_tbx.8_die.1_L1","Position X20230224_RW10265_tbx.8_die.1_L3","Position X20230224_RW10265_tbx.8_die.1_L4","Angle X20230222_JIM188_tbx.9_die.1_L1","Angle X20230223_JIM188_tbx.9_die.1_L4","Angle X20230224_RW10265_tbx.8_die.1_L1","Angle X20230224_RW10265_tbx.8_die.1_L3","Angle X20230224_RW10265_tbx.8_die.1_L4"
"AB",NA,3,0,0,0,0,0,0,0,0,0,0,0,NA,NA,NA,NA,NA
"ABa",NA,19,2256,0,0,0,0,0,0,0,0,0,0,0,0,0,NA,0
"ABal",NA,43,2957,0,0,0,0,0,0,0,0,0,0,0,0,0,0,0
"ABala",NA,56,2957,0,0,0,0,0,0,0,0,0,0,0,0,0,0,0
"ABalaa",NA,75,2957,0,0,1,0,0,0,0,0,0,0,0,0,0,0,0
"ABalaaa",NA,103,2957,0,0,0,0,0,0,0,0,0,0,0,0,0,0,0
"ABalaaaa",NA,137,9319,0,0,0,0,0,0,0,0,0,0,0,0,0,0,0
"ABalaaaal",NA,181,24069,0,0,0,0,1,0,0,0,0,0,0,0,0,0,0
"ABalaaaala",NA,232,24413,0,0,1,1,0,0,0,0,0,0,0,0,0,0,0
"ABalaaaalal","AINL",330,24413,NA,NA,NA,NA,NA,0,0,0,0,0,NA,NA,NA,NA,NA
"ABalaaaalar","death",330,24413,NA,NA,NA,NA,NA,0,0,0,0,0,NA,NA,NA,NA,NA
"ABalaaaalp",NA,232,24069,0,0,1,0,0,0,0,0,0,0,0,0,0,0,0
"ABalaaaalpa","death",325,24069,NA,NA,NA,NA,NA,1,0,0,1,0,NA,NA,NA,NA,NA
"ABalaaaalpp","ILshL",325,24069,NA,NA,NA,NA,NA,1,1,0,1,0,NA,NA,NA,NA,NA
"ABalaaaar",NA,181,24408,0,0,0,0,1,0,0,0,0,0,0,0,0,0,0
"ABalaaaarl",NA,233,24524,0,0,0,1,1,0,0,0,0,0,0,0,0,0,0
"ABalaaaarla","death",314,24524,NA,NA,NA,NA,NA,0,0,0,1,0,NA,NA,NA,NA,NA
"ABalaaaarlp","RMEL",314,24524,NA,NA,NA,NA,NA,0,0,0,0,0,NA,NA,NA,NA,NA
"ABalaaaarr",NA,233,24408,0,0,0,0,1,0,0,0,0,0,0,0,0,0,0
"ABalaaaarra","death",314,24408,NA,NA,NA,NA,NA,0,0,0,1,0,NA,NA,NA,NA,NA
"ABalaaaarrp","RMER",314,24408,NA,NA,NA,NA,NA,0,0,0,1,0,NA,NA,NA,NA,NA
"ABalaaap",NA,137,9114,0,0,0,1,0,0,0,0,0,0,0,0,0,0,0
"ABalaaapa",NA,175,22652,0,0,0,0,0,0,0,0,0,0,0,0,0,0,0
"ABalaaapal",NA,225,23806,1,0,0,0,0,0,0,0,0,0,0,0,0,0,0
"ABalaaapall","ILsoL",299,23806,NA,NA,NA,NA,NA,0,1,0,1,0,NA,NA,NA,NA,NA
"ABalaaapalr","AVDL",299,23806,NA,NA,NA,NA,NA,0,0,0,1,0,NA,NA,NA,NA,NA
"ABalaaapar",NA,225,22652,1,0,0,0,0,0,0,0,0,0,0,0,0,0,0
"ABalaaaparl","death",313,22652,NA,NA,NA,NA,NA,0,1,0,1,0,NA,NA,NA,NA,NA
"ABalaaaparr","ILshDL",313,22652,NA,NA,NA,NA,NA,0,0,0,1,0,NA,NA,NA,NA,NA
"ABalaaapp",NA,175,21001,0,0,1,0,0,0,0,0,0,0,0,0,NA,0,NA
"ABalaaappl",NA,226,23291,1,0,1,0,1,0,0,0,0,0,0,0,0,0,0
"ABalaaappll","ILshDR",312,23291,NA,NA,NA,NA,NA,0,0,0,1,0,NA,NA,NA,NA,NA
"ABalaaapplr","death",312,23291,NA,NA,NA,NA,NA,0,1,0,1,0,NA,NA,NA,NA,NA
"ABalaaappr",NA,226,23432,0,0,0,0,0,0,0,0,0,0,0,1,0,0,0
"ABalaaapprl","AVDR",300,23432,NA,NA,NA,NA,NA,0,0,0,1,0,NA,NA,NA,NA,NA
"ABalaaapprr","ILsoR",300,23432,NA,NA,NA,NA,NA,0,0,0,0,0,NA,NA,NA,NA,NA
"ABalaap",NA,103,2957,0,0,0,0,0,0,0,0,0,0,0,0,0,0,0
"ABalaapa",NA,137,6146,0,0,0,0,0,0,0,0,0,0,0,0,0,0,0
"ABalaapaa",NA,181,17745,0,0,0,1,0,0,0,0,0,0,1,1,0,1,0
"ABalaapaaa",NA,236,17745,1,0,1,1,0,0,0,0,0,0,0,0,0,0,0
"ABalaapaaal","death",334,17745,NA,NA,NA,NA,NA,0,0,NA,1,0,NA,NA,NA,NA,NA
"ABalaapaaar","AINR",334,17745,NA,NA,NA,NA,NA,0,0,NA,1,0,NA,NA,NA,NA,NA
"ABalaapaap",NA,236,17745,1,0,1,1,1,0,0,0,0,0,0,0,0,0,0
"ABalaapaapa","death",325,17745,NA,NA,NA,NA,NA,0,0,1,1,0,NA,NA,NA,NA,NA
"ABalaapaapp","ILshR",325,17745,NA,NA,NA,NA,NA,0,0,1,1,0,NA,NA,NA,NA,NA
"ABalaapap",NA,181,15922,0,0,0,0,0,0,0,0,0,0,0,0,0,0,0
"ABalaapapa","death",235,15922,NA,NA,NA,NA,NA,0,0,0,0,0,NA,NA,NA,NA,NA
"ABalaapapp",NA,235,16431,1,0,1,1,1,0,0,0,0,0,0,0,0,0,0
"ABalaapappa","death",309,16431,NA,NA,NA,NA,NA,0,0,0,0,0,NA,NA,NA,NA,NA
"ABalaapappp","CEPsoVR",309,16431,NA,NA,NA,NA,NA,0,0,0,0,0,NA,NA,NA,NA,NA
"ABalaapp",NA,137,5333,0,0,0,0,0,0,0,0,0,0,0,0,0,0,0
"ABalaappa",NA,175,13031,1,1,1,1,1,0,0,0,0,0,0,0,0,0,0
"ABalaappaa","death",230,13031,NA,NA,NA,NA,NA,0,0,0,0,0,NA,NA,NA,NA,NA
"ABalaappap",NA,230,15050,0,0,1,0,1,0,0,0,0,0,0,0,0,0,0
"ABalaappapa","AVAR",308,15050,NA,NA,NA,NA,NA,0,NA,NA,0,NA,NA,NA,NA,NA,NA
"ABalaappapp","OLQsoVR",308,15050,NA,NA,NA,NA,NA,0,NA,NA,0,NA,NA,NA,NA,NA,NA
"ABalaappp",NA,175,12351,0,0,0,0,0,0,0,0,0,0,0,0,0,0,0
"ABalaapppa",NA,223,16580,0,0,0,1,1,0,0,0,0,0,0,0,0,0,0
"ABalaapppaa","RIAR",316,16580,NA,NA,NA,NA,NA,0,0,0,0,0,NA,NA,NA,NA,NA
"ABalaapppap","death",316,16580,NA,NA,NA,NA,NA,0,0,0,0,0,NA,NA,NA,NA,NA
"ABalaapppp",NA,223,15382,0,0,0,1,1,0,0,0,0,0,0,0,0,0,0
"ABalaappppa",NA,289,15382,0,0,0,0,0,0,0,0,1,1,NA,NA,NA,NA,NA
"ABalaappppaa","IL1R",400,15382,NA,NA,NA,NA,NA,NA,NA,NA,NA,NA,NA,NA,NA,NA,NA
"ABalaappppap","death",400,15382,NA,NA,NA,NA,NA,NA,NA,NA,NA,NA,NA,NA,NA,NA,NA
"ABalaappppp","IL2R",289,15382,NA,NA,NA,NA,NA,0,0,1,0,1,NA,NA,NA,NA,NA
"ABalap",NA,75,2957,0,0,1,0,0,0,0,0,0,0,0,0,0,0,0
"ABalapa",NA,103,3846,0,0,1,0,0,0,0,0,0,0,0,0,0,0,0
"ABalapaa",NA,135,6699,0,0,0,0,0,0,0,0,0,0,0,0,0,0,0
"ABalapaaa",NA,175,12066,0,0,1,0,0,0,0,0,0,0,0,0,0,0,0
"ABalapaaaa",NA,229,12066,1,0,1,0,0,0,0,0,0,0,0,0,0,0,0
"ABalapaaaaa","AVHL",348,12066,NA,NA,NA,NA,NA,1,1,NA,1,0,NA,NA,NA,NA,NA
"ABalapaaaap","death",348,12066,NA,NA,NA,NA,NA,0,1,NA,1,0,NA,NA,NA,NA,NA
"ABalapaaap",NA,229,12066,1,0,1,0,0,0,0,0,0,0,0,0,0,0,0
"ABalapaaapa","CANL",301,12066,NA,NA,NA,NA,NA,0,1,0,1,0,NA,NA,NA,NA,NA
"ABalapaaapp","OLLsoL",301,12066,NA,NA,NA,NA,NA,0,1,0,1,0,NA,NA,NA,NA,NA
"ABalapaap",NA,175,11135,0,0,0,0,0,0,0,0,0,0,0,0,0,0,0
"ABalapaapa",NA,225,12274,0,0,0,1,0,0,0,0,0,0,0,0,0,0,0
"ABalapaapaa","RIAL",321,12274,NA,NA,NA,NA,NA,0,0,0,0,0,NA,NA,NA,NA,NA
"ABalapaapap","death",321,12274,NA,NA,NA,NA,NA,0,0,0,0,0,NA,NA,NA,NA,NA
"ABalapaapp",NA,225,11464,0,0,1,1,0,0,0,0,0,0,0,0,0,0,0
"ABalapaappa",NA,291,11464,0,0,0,0,0,0,1,1,1,0,NA,NA,NA,NA,NA
"ABalapaappaa","IL1L",400,11464,NA,NA,NA,NA,NA,NA,NA,NA,NA,NA,NA,NA,NA,NA,NA
"ABalapaappap","death",400,11464,NA,NA,NA,NA,NA,NA,NA,NA,NA,NA,NA,NA,NA,NA,NA
"ABalapaappp","IL2L",291,11464,NA,NA,NA,NA,NA,0,0,0,0,0,NA,NA,NA,NA,NA
"ABalapap",NA,135,5598,0,0,0,0,0,0,0,0,0,0,0,0,0,0,0
"ABalapapa",NA,171,9604,0,0,0,0,0,0,0,0,0,0,0,0,0,0,0
"ABalapapaa","death",226,9604,NA,NA,NA,NA,NA,0,0,0,0,0,NA,NA,NA,NA,NA
"ABalapapap",NA,226,9884,1,1,1,1,0,0,0,0,0,0,0,0,0,0,0
"ABalapapapa",NA,291,9884,0,0,0,0,0,0,0,0,0,0,NA,NA,NA,NA,NA
"ABalapapapaa","OLQDL",400,9884,NA,NA,NA,NA,NA,NA,NA,NA,NA,NA,NA,NA,NA,NA,NA
"ABalapapapap","death",400,9884,NA,NA,NA,NA,NA,NA,NA,NA,NA,NA,NA,NA,NA,NA,NA
"ABalapapapp","URYDL",291,9884,NA,NA,NA,NA,NA,0,0,0,1,0,NA,NA,NA,NA,NA
"ABalapapp",NA,171,10692,0,0,0,0,0,0,0,0,0,0,0,0,0,0,0
"ABalapappa",NA,218,10775,0,0,0,0,0,0,0,0,0,0,0,0,0,0,0
"ABalapappaa",NA,279,10775,0,0,0,0,0,0,0,0,1,0,NA,NA,NA,NA,NA
"ABalapappaaa","IL1DL",400,10775,NA,NA,NA,NA,NA,NA,NA,NA,NA,NA,NA,NA,NA,NA,NA
"ABalapappaap","death",400,10775,NA,NA,NA,NA,NA,NA,NA,NA,NA,NA,NA,NA,NA,NA,NA
"ABalapappap","IL2DL",279,10775,NA,NA,NA,NA,NA,0,0,0,0,0,NA,NA,NA,NA,NA
"ABalapappp",NA,218,10692,1,0,1,1,1,0,0,0,0,0,0,0,0,0,0
"ABalapapppa","AVJL",294,10692,NA,NA,NA,NA,NA,0,0,0,1,0,NA,NA,NA,NA,NA
"ABalapapppp","CEPsoDL",294,10692,NA,NA,NA,NA,NA,0,0,0,1,0,NA,NA,NA,NA,NA
"ABalapp",NA,103,2957,0,0,0,0,0,0,0,0,0,0,0,0,0,0,0
"ABalappa",NA,135,5646,1,0,0,0,0,0,0,0,0,0,0,0,0,0,0
"ABalappaa",NA,178,10122,0,1,0,0,0,0,0,0,0,0,0,0,0,0,0
"ABalappaaa","death",239,10122,NA,NA,NA,NA,NA,0,0,0,0,0,NA,NA,NA,NA,NA
"ABalappaap",NA,239,10122,1,0,1,0,1,0,0,0,0,0,0,0,0,0,0
"ABalappaapa","RID",339,10122,NA,NA,NA,NA,NA,NA,0,NA,1,0,NA,NA,NA,NA,NA
"ABalappaapp","death",339,10122,NA,NA,NA,NA,NA,NA,0,NA,0,0,NA,NA,NA,NA,NA
"ABalappap",NA,178,11080,0,0,0,0,0,0,0,0,0,0,0,0,0,0,0
"ABalappapa",NA,227,11132,0,0,0,0,0,0,0,0,0,0,0,0,0,0,0
"ABalappapaa","AVHR",332,11132,NA,NA,NA,NA,NA,0,0,NA,1,0,NA,NA,NA,NA,NA
"ABalappapap","death",332,11132,NA,NA,NA,NA,NA,1,0,NA,0,0,NA,NA,NA,NA,NA
"ABalappapp",NA,227,11080,1,0,0,0,1,0,0,0,0,0,0,0,0,0,0
"ABalappappa","CANR",295,11080,NA,NA,NA,NA,NA,0,0,0,0,0,NA,NA,NA,NA,NA
"ABalappappp","OLLsoR",295,11080,NA,NA,NA,NA,NA,0,0,0,0,0,NA,NA,NA,NA,NA
"ABalappp",NA,135,5514,0,0,0,1,0,0,0,0,0,0,0,0,0,0,0
"ABalapppa",NA,172,9326,0,0,0,0,0,0,0,0,0,0,0,0,0,0,0
"ABalapppaa",NA,219,9326,1,0,0,1,1,0,0,0,0,0,0,0,0,0,0
"ABalapppaaa","ALA",295,9326,NA,NA,NA,NA,NA,0,0,0,0,0,NA,NA,NA,NA,NA
"ABalapppaap","RMED",295,9326,NA,NA,NA,NA,NA,0,0,0,1,0,NA,NA,NA,NA,NA
"ABalapppap",NA,219,9326,1,0,1,1,0,0,0,0,0,0,0,NA,NA,0,0
"ABalapppapa",NA,284,9326,0,0,0,0,0,0,0,0,1,0,NA,NA,NA,NA,NA
"ABalapppapaa","OLQDR",400,9326,NA,NA,NA,NA,NA,NA,NA,NA,NA,NA,NA,NA,NA,NA,NA
"ABalapppapap","death",400,9326,NA,NA,NA,NA,NA,NA,NA,NA,NA,NA,NA,NA,NA,NA,NA
"ABalapppapp","URYDR",284,9326,NA,NA,NA,NA,NA,0,0,0,1,0,NA,NA,NA,NA,NA
"ABalapppp",NA,172,8719,0,0,0,0,0,0,0,0,0,0,0,0,0,0,0
"ABalappppa",NA,219,9911,0,0,0,0,0,0,0,0,0,0,0,0,0,0,0
"ABalappppaa",NA,278,9911,0,0,0,0,0,0,0,0,1,0,NA,NA,NA,NA,NA
"ABalappppaaa","IL1DR",400,9911,NA,NA,NA,NA,NA,NA,NA,NA,NA,NA,NA,NA,NA,NA,NA
"ABalappppaap","death",400,9911,NA,NA,NA,NA,NA,NA,NA,NA,NA,NA,NA,NA,NA,NA,NA
"ABalappppap","IL2DR",278,9911,NA,NA,NA,NA,NA,0,0,0,1,0,NA,NA,NA,NA,NA
"ABalappppp",NA,219,8719,1,1,1,1,1,0,0,0,0,0,0,0,0,0,0
"ABalapppppa","AVJR",291,8719,NA,NA,NA,NA,NA,0,0,0,0,0,NA,NA,NA,NA,NA
"ABalapppppp","CEPsoDR",291,8719,NA,NA,NA,NA,NA,0,0,0,0,0,NA,NA,NA,NA,NA
"ABalp",NA,56,2957,0,0,0,0,0,0,0,0,0,0,0,0,0,0,0
"ABalpa",NA,75,2957,0,0,1,0,0,0,0,0,0,0,0,0,NA,0,0
"ABalpaa",NA,102,3849,0,0,1,1,0,0,0,0,0,0,0,0,0,0,0
"ABalpaaa",NA,134,6846,0,0,0,0,0,0,0,0,0,0,0,0,0,0,0
"ABalpaaaa",NA,177,7608,0,0,0,0,1,0,0,0,0,0,0,0,0,0,0
"ABalpaaaaa",NA,232,7608,0,0,0,0,0,0,0,0,0,0,0,0,0,0,0
"ABalpaaaaaa","e3VL",307,7608,NA,NA,NA,NA,NA,1,0,0,0,0,NA,NA,NA,NA,NA
"ABalpaaaaap","m2VL",307,7608,NA,NA,NA,NA,NA,1,0,0,1,1,NA,NA,NA,NA,NA
"ABalpaaaap",NA,232,7608,0,0,0,0,0,0,0,0,0,0,0,0,0,0,0
"ABalpaaaapa","m1VL",318,7608,NA,NA,NA,NA,NA,0,1,0,0,0,NA,NA,NA,NA,NA
"ABalpaaaapp","death",318,7608,NA,NA,NA,NA,NA,1,1,0,0,0,NA,NA,NA,NA,NA
"ABalpaaap",NA,177,6846,1,0,0,0,0,0,0,0,0,0,0,0,0,0,0
"ABalpaaapa",NA,230,6846,0,0,0,1,0,0,0,0,0,0,0,0,0,0,0
"ABalpaaapaa","m2L",315,6846,NA,NA,NA,NA,NA,0,0,0,0,0,NA,NA,NA,NA,NA
"ABalpaaapap","death",315,6846,NA,NA,NA,NA,NA,0,1,0,0,1,NA,NA,NA,NA,NA
"ABalpaaapp",NA,230,6846,0,0,0,0,0,0,0,0,0,0,0,0,0,0,0
"ABalpaaappa","death",313,6846,NA,NA,NA,NA,NA,0,0,0,1,1,NA,NA,NA,NA,NA
"ABalpaaappp","MCL",313,6846,NA,NA,NA,NA,NA,0,0,0,0,1,NA,NA,NA,NA,NA
"ABalpaap",NA,134,9277,0,0,1,0,0,0,0,0,0,0,0,0,0,0,0
"ABalpaapa",NA,170,13644,0,0,0,0,0,0,0,0,0,0,0,0,0,0,0
"ABalpaapaa",NA,212,13644,1,0,0,0,0,0,0,0,0,0,0,0,0,0,0
"ABalpaapaaa","arcpost",284,13644,NA,NA,NA,NA,NA,1,0,1,1,0,NA,NA,NA,NA,NA
"ABalpaapaap","e2DL",284,13644,NA,NA,NA,NA,NA,1,0,0,1,0,NA,NA,NA,NA,NA
"ABalpaapap",NA,212,13644,0,0,0,0,0,0,0,0,0,0,0,0,0,1,0
"ABalpaapapa","mc1DL",263,13644,NA,NA,NA,NA,NA,1,0,0,0,0,NA,NA,NA,NA,NA
"ABalpaapapp","m3L",263,13644,NA,NA,NA,NA,NA,0,0,0,0,0,NA,NA,NA,NA,NA
"ABalpaapp",NA,170,9779,0,0,0,0,0,0,0,0,0,0,0,0,0,0,0
"ABalpaappa",NA,222,11498,0,0,0,0,0,0,0,0,0,0,0,0,0,0,0
"ABalpaappaa","arc_ant",309,11498,NA,NA,NA,NA,NA,0,0,0,0,0,NA,NA,NA,NA,NA
"ABalpaappap","arcpost",309,11498,NA,NA,NA,NA,NA,0,0,0,0,0,NA,NA,NA,NA,NA
"ABalpaappp",NA,222,9779,0,0,0,1,0,0,0,0,0,0,0,0,0,0,1
"ABalpaapppa","hyp1",297,9779,NA,NA,NA,NA,NA,0,0,0,1,0,NA,NA,NA,NA,NA
"ABalpaapppp","hyp2",297,9779,NA,NA,NA,NA,NA,0,0,0,0,0,NA,NA,NA,NA,NA
"ABalpap",NA,102,3818,0,0,1,0,0,0,0,0,0,0,0,0,0,0,0
"ABalpapa",NA,133,6722,0,0,0,1,0,0,0,0,0,0,0,0,0,0,0
"ABalpapaa",NA,172,7715,0,0,0,0,0,0,0,0,0,0,0,0,0,0,0
"ABalpapaaa",NA,223,7715,0,0,0,0,0,0,0,0,0,0,0,0,0,0,0
"ABalpapaaaa","RIPL",291,7715,NA,NA,NA,NA,NA,1,0,0,0,0,NA,NA,NA,NA,NA
"ABalpapaaap","hyp2",291,7715,NA,NA,NA,NA,NA,1,0,0,1,0,NA,NA,NA,NA,NA
"ABalpapaap",NA,223,7715,0,0,0,0,0,0,0,0,0,0,0,0,0,0,0
"ABalpapaapa","arc_ant",310,7715,NA,NA,NA,NA,NA,0,0,0,0,0,NA,NA,NA,NA,NA
"ABalpapaapp","death",310,7715,NA,NA,NA,NA,NA,0,0,0,0,0,NA,NA,NA,NA,NA
"ABalpapap",NA,172,6722,0,0,0,0,0,0,0,0,0,0,0,0,0,0,0
"ABalpapapa",NA,222,6722,0,0,0,0,0,0,0,0,0,0,0,0,0,0,0
"ABalpapapaa","RMDDL",290,6722,NA,NA,NA,NA,NA,0,0,0,0,0,NA,NA,NA,NA,NA
"ABalpapapap",NA,290,6722,0,0,0,0,0,0,0,0,0,0,NA,NA,NA,NA,NA
"ABalpapapapa","death",400,6722,NA,NA,NA,NA,NA,NA,NA,NA,NA,NA,NA,NA,NA,NA,NA
"ABalpapapapp","SMBDL",400,6722,NA,NA,NA,NA,NA,NA,NA,NA,NA,NA,NA,NA,NA,NA,NA
"ABalpapapp",NA,222,6722,0,0,0,0,0,0,0,0,0,0,0,0,0,0,0
"ABalpapappa","death",302,6722,NA,NA,NA,NA,NA,0,0,0,0,0,NA,NA,NA,NA,NA
"ABalpapappp","SMBVL",302,6722,NA,NA,NA,NA,NA,0,0,0,0,0,NA,NA,NA,NA,NA
"ABalpapp",NA,133,4619,0,0,0,0,0,0,0,0,0,0,0,0,0,0,0
"ABalpappa",NA,168,4619,1,0,0,0,0,0,0,0,0,0,0,0,0,0,0
"ABalpappaa",NA,213,4619,0,0,0,0,0,0,0,0,0,0,0,0,0,0,0
"ABalpappaaa","death",292,4619,NA,NA,NA,NA,NA,0,0,0,0,0,NA,NA,NA,NA,NA
"ABalpappaap",NA,292,4619,0,0,0,0,0,1,0,0,0,0,NA,NA,NA,NA,NA
"ABalpappaapa","I2L",400,4619,NA,NA,NA,NA,NA,NA,NA,NA,NA,NA,NA,NA,NA,NA,NA
"ABalpappaapp","death",400,4619,NA,NA,NA,NA,NA,NA,NA,NA,NA,NA,NA,NA,NA,NA,NA
"ABalpappap",NA,213,4619,0,0,0,0,0,0,0,0,0,0,1,0,0,0,0
"ABalpappapa","e2V",273,4619,NA,NA,NA,NA,NA,0,0,0,0,0,NA,NA,NA,NA,NA
"ABalpappapp","mc3V",273,4619,NA,NA,NA,NA,NA,0,0,0,0,0,NA,NA,NA,NA,NA
"ABalpappp",NA,168,4619,0,0,0,0,0,0,0,0,0,0,0,0,0,0,0
"ABalpapppa",NA,213,4619,0,0,0,0,0,0,0,0,0,0,0,0,0,0,0
"ABalpapppaa","I1L",324,4619,NA,NA,NA,NA,NA,0,0,0,0,0,NA,NA,NA,NA,NA
"ABalpapppap","death",324,4619,NA,NA,NA,NA,NA,0,1,0,0,0,NA,NA,NA,NA,NA
"ABalpapppp",NA,213,4619,0,0,0,0,0,0,0,0,0,0,0,0,0,0,0
"ABalpappppa","mc1V",265,4619,NA,NA,NA,NA,NA,0,0,0,0,0,NA,NA,NA,NA,NA
"ABalpappppp","m3VL",265,4619,NA,NA,NA,NA,NA,0,0,0,0,0,NA,NA,NA,NA,NA
"ABalpp",NA,75,2957,0,0,1,0,0,0,0,0,0,0,0,0,0,0,0
"ABalppa",NA,103,2957,0,0,1,0,0,0,0,0,0,0,0,0,0,0,0
"ABalppaa",NA,135,9001,1,0,0,1,0,0,0,0,0,0,1,0,0,0,0
"ABalppaaa",NA,179,14332,1,1,0,0,0,0,0,0,0,0,0,0,0,0,0
"ABalppaaaa","death",234,14332,NA,NA,NA,NA,NA,0,0,0,0,0,NA,NA,NA,NA,NA
"ABalppaaap",NA,234,19191,1,0,1,1,1,0,0,0,0,0,0,0,0,0,0
"ABalppaaapa","AVAL",311,19191,NA,NA,NA,NA,NA,0,0,0,1,0,NA,NA,NA,NA,NA
"ABalppaaapp","OLQsoVL",311,19191,NA,NA,NA,NA,NA,0,0,0,0,0,NA,NA,NA,NA,NA
"ABalppaap",NA,179,13995,1,0,0,0,0,0,0,0,0,0,0,0,0,0,0
"ABalppaapa","death",231,13995,NA,NA,NA,NA,NA,0,0,0,0,0,NA,NA,NA,NA,NA
"ABalppaapp",NA,231,17168,1,0,1,0,0,0,0,0,0,0,0,0,0,0,0
"ABalppaappa","death",308,17168,NA,NA,NA,NA,NA,0,0,0,1,0,NA,NA,NA,NA,NA
"ABalppaappp","CEPsoVL",308,17168,NA,NA,NA,NA,NA,0,1,0,0,0,NA,NA,NA,NA,NA
"ABalppap",NA,135,6167,0,0,0,0,0,0,0,0,0,0,0,0,0,0,0
"ABalppapa",NA,172,6167,0,0,0,1,0,0,0,0,0,0,0,0,NA,0,0
"ABalppapaa",NA,220,8916,0,0,0,0,0,0,0,0,0,0,0,0,0,0,1
"ABalppapaaa","RMDVL",305,8916,NA,NA,NA,NA,NA,0,0,0,0,0,NA,NA,NA,NA,NA
"ABalppapaap","ILshVL",305,8916,NA,NA,NA,NA,NA,0,0,0,0,0,NA,NA,NA,NA,NA
"ABalppapap",NA,220,6189,1,0,1,0,0,0,0,0,0,0,1,0,0,0,1
"ABalppapapa","SAADL",299,6189,NA,NA,NA,NA,NA,0,0,0,0,0,NA,NA,NA,NA,NA
"ABalppapapp","ILsoVL",299,6189,NA,NA,NA,NA,NA,0,0,0,0,0,NA,NA,NA,NA,NA
"ABalppapp",NA,172,6167,0,0,0,0,0,0,0,0,0,0,0,0,0,0,0
"ABalppappa",NA,218,6693,0,0,0,0,0,0,0,0,0,0,0,0,0,0,0
"ABalppappaa","SMDVL",296,6693,NA,NA,NA,NA,NA,0,0,0,0,0,NA,NA,NA,NA,NA
"ABalppappap","BAGL",296,6693,NA,NA,NA,NA,NA,0,0,0,0,0,NA,NA,NA,NA,NA
"ABalppappp",NA,218,6167,0,0,0,0,0,0,0,0,0,0,0,0,0,0,0
"ABalppapppa",NA,286,6167,0,0,0,0,0,0,0,0,0,0,NA,NA,NA,NA,NA
"ABalppapppaa","IL1VL",400,6167,NA,NA,NA,NA,NA,NA,NA,NA,NA,NA,NA,NA,NA,NA,NA
"ABalppapppap","death",400,6167,NA,NA,NA,NA,NA,NA,NA,NA,NA,NA,NA,NA,NA,NA,NA
"ABalppapppp","IL2VL",286,6167,NA,NA,NA,NA,NA,0,0,0,0,0,NA,NA,NA,NA,NA
"ABalppp",NA,103,3245,0,0,0,0,0,0,0,0,0,0,0,0,0,0,0
"ABalpppa",NA,134,6529,0,0,0,0,0,0,0,0,0,0,0,0,0,0,0
"ABalpppaa",NA,173,9639,0,0,0,1,0,0,0,0,0,0,0,0,NA,1,1
"ABalpppaaa",NA,227,10775,1,0,0,1,0,0,0,0,0,0,0,0,NA,0,0
"ABalpppaaaa","AVEL",313,10775,NA,NA,NA,NA,NA,0,0,0,1,0,NA,NA,NA,NA,NA
"ABalpppaaap","OLQshVL",313,10775,NA,NA,NA,NA,NA,0,0,0,0,0,NA,NA,NA,NA,NA
"ABalpppaap",NA,227,10158,0,0,0,1,1,0,0,0,0,0,1,0,0,0,0
"ABalpppaapd","OLLshL",318,10158,NA,NA,NA,NA,NA,0,0,0,0,0,NA,NA,NA,NA,NA
"ABalpppaapv","death",318,10158,NA,NA,NA,NA,NA,0,1,0,1,0,NA,NA,NA,NA,NA
"ABalpppap",NA,173,11112,0,0,0,0,0,0,0,0,0,0,0,0,0,0,0
"ABalpppapa",NA,220,12003,0,0,0,0,0,0,0,0,0,0,0,0,0,0,0
"ABalpppapad","RMDL",298,12003,NA,NA,NA,NA,NA,0,0,0,1,0,NA,NA,NA,NA,NA
"ABalpppapav","AFDL",298,12003,NA,NA,NA,NA,NA,0,0,0,0,0,NA,NA,NA,NA,NA
"ABalpppapp",NA,220,12671,0,0,1,1,0,0,0,0,0,0,0,0,0,0,0
"ABalpppappa","death",287,12671,NA,NA,NA,NA,NA,0,0,0,0,0,NA,NA,NA,NA,NA
"ABalpppappp",NA,287,12671,0,0,0,0,0,0,0,0,0,0,NA,NA,NA,NA,NA
"ABalpppapppa","ASKL",400,12671,NA,NA,NA,NA,NA,NA,NA,NA,NA,NA,NA,NA,NA,NA,NA
"ABalpppapppp","death",400,12671,NA,NA,NA,NA,NA,NA,NA,NA,NA,NA,NA,NA,NA,NA,NA
"ABalpppp",NA,134,6143,0,0,0,0,0,0,0,0,0,0,0,1,0,0,0
"ABalppppa",NA,169,8949,0,0,0,0,0,0,0,0,0,0,0,0,0,0,0
"ABalppppaa",NA,218,8949,0,1,1,1,0,0,0,0,0,0,0,0,0,0,0
"ABalppppaad","ADLL",297,8949,NA,NA,NA,NA,NA,0,0,0,0,0,NA,NA,NA,NA,NA
"ABalppppaav","death",297,8949,NA,NA,NA,NA,NA,0,0,0,0,0,NA,NA,NA,NA,NA
"ABalppppap",NA,218,9192,1,0,0,0,0,0,0,0,0,0,0,0,0,0,0
"ABalppppapa",NA,290,9192,0,0,0,0,0,0,0,0,0,0,NA,NA,NA,NA,NA
"ABalppppapaa","OLLL",400,9192,NA,NA,NA,NA,NA,NA,NA,NA,NA,NA,NA,NA,NA,NA,NA
"ABalppppapap","death",400,9192,NA,NA,NA,NA,NA,NA,NA,NA,NA,NA,NA,NA,NA,NA,NA
"ABalppppapp","death",290,9192,NA,NA,NA,NA,NA,0,0,0,0,0,NA,NA,NA,NA,NA
"ABalppppp",NA,169,11743,0,0,0,0,0,0,0,0,0,0,0,0,0,0,0
"ABalpppppa",NA,211,11743,0,0,0,0,0,0,0,0,0,0,0,0,0,0,0
"ABalpppppaa","ADFL",286,11743,NA,NA,NA,NA,NA,0,0,0,1,0,NA,NA,NA,NA,NA
"ABalpppppap","AWBL",286,11743,NA,NA,NA,NA,NA,0,0,0,0,0,NA,NA,NA,NA,NA
"ABalpppppp",NA,211,13024,0,0,0,0,0,0,0,0,0,0,0,0,0,0,0
"ABalppppppa",NA,264,13024,0,0,1,0,0,0,0,0,0,0,0,0,0,0,0
"ABalppppppaa","ASEL",348,13024,NA,NA,NA,NA,NA,0,0,0,0,0,NA,NA,NA,NA,NA
"ABalppppppap","death",348,13024,NA,NA,NA,NA,NA,0,0,0,1,0,NA,NA,NA,NA,NA
"ABalppppppp",NA,264,13024,1,1,0,0,0,0,0,0,0,0,0,0,0,0,0
"ABalpppppppa","ASJL",338,13024,NA,NA,NA,NA,NA,0,0,0,0,0,NA,NA,NA,NA,NA
"ABalpppppppp","AUAL",338,13024,NA,NA,NA,NA,NA,0,0,0,0,0,NA,NA,NA,NA,NA
"ABar",NA,43,2256,0,0,0,0,0,0,0,0,0,0,0,0,1,1,0
"ABara",NA,56,2256,0,0,0,0,0,0,0,0,0,0,0,0,0,0,0
"ABaraa",NA,75,2256,0,0,1,0,0,0,0,0,0,0,1,0,0,0,1
"ABaraaa",NA,102,2554,0,0,1,1,0,0,0,0,0,0,0,0,0,0,0
"ABaraaaa",NA,135,7413,0,0,0,0,0,0,0,0,0,0,0,0,0,0,0
"ABaraaaaa",NA,179,15213,0,0,0,0,0,0,0,0,0,0,0,0,0,0,0
"ABaraaaaaa",NA,232,15213,0,0,0,0,0,0,0,0,0,0,1,0,0,0,0
"ABaraaaaaaa","e1VL",315,15213,NA,NA,NA,NA,NA,0,0,0,1,0,NA,NA,NA,NA,NA
"ABaraaaaaap","m1L",315,15213,NA,NA,NA,NA,NA,1,0,0,1,0,NA,NA,NA,NA,NA
"ABaraaaaap",NA,232,15213,0,0,0,0,0,0,0,0,0,0,0,0,0,0,0
"ABaraaaaapa","e1VR",314,15213,NA,NA,NA,NA,NA,0,0,0,0,0,NA,NA,NA,NA,NA
"ABaraaaaapp","m1R",314,15213,NA,NA,NA,NA,NA,0,0,0,1,0,NA,NA,NA,NA,NA
"ABaraaaap",NA,179,10362,0,0,0,0,0,0,0,0,0,0,0,0,0,0,0
"ABaraaaapa",NA,238,11599,0,0,1,0,1,0,0,0,0,0,0,0,0,0,0
"ABaraaaapaa","death",330,11599,NA,NA,NA,NA,NA,0,0,0,1,0,NA,NA,NA,NA,NA
"ABaraaaapap","e1D",330,11599,NA,NA,NA,NA,NA,0,0,0,1,0,NA,NA,NA,NA,NA
"ABaraaaapp","death",238,11052,NA,NA,NA,NA,NA,0,0,0,1,0,NA,NA,NA,NA,NA
"ABaraaap",NA,135,7313,1,0,0,0,0,0,0,0,0,0,0,0,0,0,0
"ABaraaapa",NA,171,12715,0,0,0,0,0,0,0,0,0,0,0,0,0,0,0
"ABaraaapaa",NA,214,12715,0,0,0,0,0,0,0,0,0,0,0,0,0,0,0
"ABaraaapaaa","arcpost",291,12715,NA,NA,NA,NA,NA,0,0,0,1,0,NA,NA,NA,NA,NA
"ABaraaapaap","e2DR",291,12715,NA,NA,NA,NA,NA,0,0,0,1,0,NA,NA,NA,NA,NA
"ABaraaapap",NA,214,12715,0,0,0,0,0,0,0,0,0,0,0,0,0,0,0
"ABaraaapapa","mc1DR",274,12715,NA,NA,NA,NA,NA,0,0,0,0,1,NA,NA,NA,NA,NA
"ABaraaapapp","m4R",274,12715,NA,NA,NA,NA,NA,1,0,0,0,1,NA,NA,NA,NA,NA
"ABaraaapp",NA,171,10884,0,1,0,1,0,0,0,0,0,0,0,0,0,0,0
"ABaraaappa",NA,225,11541,0,0,0,0,0,0,0,0,0,0,0,0,0,0,0
"ABaraaappaa","arcpost",314,11541,NA,NA,NA,NA,NA,0,0,0,0,0,NA,NA,NA,NA,NA
"ABaraaappap","arcpost",314,11541,NA,NA,NA,NA,NA,0,0,0,1,0,NA,NA,NA,NA,NA
"ABaraaappp",NA,225,10884,0,0,1,1,1,0,0,0,0,0,0,0,0,0,0
"ABaraaapppa","arc_ant",302,10884,NA,NA,NA,NA,NA,0,0,0,1,0,NA,NA,NA,NA,NA
"ABaraaapppp","hyp1",302,10884,NA,NA,NA,NA,NA,0,0,0,0,0,NA,NA,NA,NA,NA
"ABaraap",NA,102,2256,0,0,1,0,0,0,0,0,0,0,0,0,0,0,0
"ABaraapa",NA,134,3695,1,0,0,1,0,0,0,0,0,0,0,0,0,0,0
"ABaraapaa",NA,173,6358,1,0,0,0,1,0,0,0,0,0,0,0,NA,0,0
"ABaraapaaa",NA,222,7587,0,0,0,0,0,0,0,0,0,0,0,0,NA,0,0
"ABaraapaaaa","e3D",303,7587,NA,NA,NA,NA,NA,1,0,0,1,0,NA,NA,NA,NA,NA
"ABaraapaaap","m1DL",303,7587,NA,NA,NA,NA,NA,1,0,1,1,0,NA,NA,NA,NA,NA
"ABaraapaap",NA,222,8049,0,0,0,0,0,0,0,0,0,0,0,0,0,0,0
"ABaraapaapa","m2DL",288,8049,NA,NA,NA,NA,NA,1,0,0,1,0,NA,NA,NA,NA,NA
"ABaraapaapp","mc2DL",288,8049,NA,NA,NA,NA,NA,1,1,0,1,0,NA,NA,NA,NA,NA
"ABaraapap",NA,173,5999,0,0,0,0,1,0,0,0,0,0,0,0,0,0,0
"ABaraapapa",NA,219,10140,0,0,0,0,1,0,0,0,0,0,0,0,0,0,1
"ABaraapapaa",NA,274,10140,0,0,0,0,0,0,1,0,1,0,NA,NA,NA,NA,NA
"ABaraapapaad","death",400,10140,NA,NA,NA,NA,NA,NA,NA,NA,NA,NA,NA,NA,NA,NA,NA
"ABaraapapaav","NSML",400,10140,NA,NA,NA,NA,NA,NA,NA,NA,NA,NA,NA,NA,NA,NA,NA
"ABaraapapap","m5L",274,10140,NA,NA,NA,NA,NA,0,0,0,1,0,NA,NA,NA,NA,NA
"ABaraapapp",NA,219,7042,0,0,0,0,0,0,0,0,0,0,0,0,0,0,0
"ABaraapappa","M2L",313,7042,NA,NA,NA,NA,NA,0,1,1,1,1,NA,NA,NA,NA,NA
"ABaraapappp","M3L",313,7042,NA,NA,NA,NA,NA,0,0,0,1,0,NA,NA,NA,NA,NA
"ABaraapp",NA,134,2256,0,0,1,1,0,0,0,0,0,0,0,0,0,0,0
"ABaraappa",NA,171,4410,0,0,0,0,0,0,0,0,0,0,0,0,0,0,0
"ABaraappaa",NA,219,8106,0,0,0,0,0,0,0,0,0,0,0,0,0,0,0
"ABaraappaaa","MI",302,8106,NA,NA,NA,NA,NA,0,0,0,1,0,NA,NA,NA,NA,NA
"ABaraappaap","m1DR",302,8106,NA,NA,NA,NA,NA,0,0,0,0,0,NA,NA,NA,NA,NA
"ABaraappap",NA,219,7078,0,0,0,0,0,0,0,0,0,0,0,0,0,0,0
"ABaraappapa","m2DR",283,7078,NA,NA,NA,NA,NA,0,0,0,1,1,NA,NA,NA,NA,NA
"ABaraappapp","mc2DR",283,7078,NA,NA,NA,NA,NA,0,0,0,1,0,NA,NA,NA,NA,NA
"ABaraappp",NA,171,5947,0,0,0,0,0,0,0,0,0,0,0,0,0,0,0
"ABaraapppa",NA,218,7760,1,0,0,1,1,0,0,0,0,0,0,0,0,0,1
"ABaraapppaa",NA,274,7760,NA,NA,NA,NA,NA,0,0,0,0,0,NA,NA,NA,NA,NA
"ABaraapppaad","death",400,7760,NA,NA,NA,NA,NA,NA,NA,NA,NA,NA,NA,NA,NA,NA,NA
"ABaraapppaav","NSMR",400,7760,NA,NA,NA,NA,NA,NA,NA,NA,NA,NA,NA,NA,NA,NA,NA
"ABaraapppap","m5R",274,7760,NA,NA,NA,NA,NA,1,0,0,1,0,NA,NA,NA,NA,NA
"ABaraapppp",NA,218,6196,0,0,0,0,0,0,0,0,0,0,0,0,0,0,0
"ABaraappppa","M2R",311,6196,NA,NA,NA,NA,NA,0,0,0,0,0,NA,NA,NA,NA,NA
"ABaraappppp","M3R",311,6196,NA,NA,NA,NA,NA,0,0,0,1,1,NA,NA,NA,NA,NA
"ABarap",NA,75,2256,0,0,0,1,0,0,0,0,0,0,0,0,0,0,0
"ABarapa",NA,102,2256,0,0,1,0,0,0,0,0,0,0,0,0,0,0,0
"ABarapaa",NA,134,3676,1,0,1,1,0,0,0,0,0,0,0,1,0,0,0
"ABarapaaa",NA,174,5371,1,0,0,0,0,0,0,0,0,0,1,1,0,0,0
"ABarapaaaa",NA,228,5371,0,0,0,0,0,0,0,0,0,0,0,0,0,1,0
"ABarapaaaaa","e3VR",306,5371,NA,NA,NA,NA,NA,0,0,0,1,0,NA,NA,NA,NA,NA
"ABarapaaaap","m2VR",306,5371,NA,NA,NA,NA,NA,0,1,0,0,1,NA,NA,NA,NA,NA
"ABarapaaap",NA,228,5371,0,0,0,0,0,0,0,0,0,0,0,0,0,0,0
"ABarapaaapa","m1VR",316,5371,NA,NA,NA,NA,NA,0,0,1,0,0,NA,NA,NA,NA,NA
"ABarapaaapp","death",316,5371,NA,NA,NA,NA,NA,0,0,0,0,1,NA,NA,NA,NA,NA
"ABarapaap",NA,174,5094,1,0,0,0,0,0,0,0,0,0,0,0,0,0,0
"ABarapaapa",NA,219,5094,0,0,0,0,0,0,0,0,0,0,0,0,0,0,0
"ABarapaapaa","m2R",315,5094,NA,NA,NA,NA,NA,0,0,0,0,0,NA,NA,NA,NA,NA
"ABarapaapap","death",315,5094,NA,NA,NA,NA,NA,0,0,0,1,1,NA,NA,NA,NA,NA
"ABarapaapp",NA,219,5254,0,0,0,0,0,0,0,0,0,0,0,0,0,0,0
"ABarapaappa","m3R",278,5254,NA,NA,NA,NA,NA,0,0,0,1,0,NA,NA,NA,NA,NA
"ABarapaappp","MCR",278,5254,NA,NA,NA,NA,NA,0,0,0,0,0,NA,NA,NA,NA,NA
"ABarapap",NA,134,2960,0,0,0,0,0,0,0,0,0,0,0,0,0,0,0
"ABarapapa",NA,170,4653,0,0,0,0,0,0,0,0,0,0,0,0,0,0,0
"ABarapapaa",NA,217,4653,0,0,0,0,0,0,0,0,0,0,0,0,0,0,0
"ABarapapaaa","death",294,4653,NA,NA,NA,NA,NA,0,0,0,0,1,NA,NA,NA,NA,NA
"ABarapapaap",NA,294,4653,0,0,0,0,0,0,0,0,0,0,NA,NA,NA,NA,NA
"ABarapapaapa","I2R",400,4653,NA,NA,NA,NA,NA,NA,NA,NA,NA,NA,NA,NA,NA,NA,NA
"ABarapapaapp","death",400,4653,NA,NA,NA,NA,NA,NA,NA,NA,NA,NA,NA,NA,NA,NA,NA
"ABarapapap",NA,217,4653,0,0,0,0,0,0,0,0,0,0,1,1,1,0,0
"ABarapapapa","arcpost",284,4653,NA,NA,NA,NA,NA,0,0,0,0,0,NA,NA,NA,NA,NA
"ABarapapapp","I5",284,4653,NA,NA,NA,NA,NA,0,0,0,0,0,NA,NA,NA,NA,NA
"ABarapapp",NA,170,3966,0,0,0,0,0,0,0,0,0,0,0,NA,1,0,0
"ABarapappa",NA,212,3966,0,0,1,0,1,0,0,0,0,0,0,0,0,0,0
"ABarapappaa","I1R",328,3966,NA,NA,NA,NA,NA,0,0,NA,0,0,NA,NA,NA,NA,NA
"ABarapappap","death",328,3966,NA,NA,NA,NA,NA,1,0,NA,0,0,NA,NA,NA,NA,NA
"ABarapappp",NA,212,4334,0,0,0,0,0,0,0,0,0,0,0,0,0,0,0
"ABarapapppa","mc2V",266,4334,NA,NA,NA,NA,NA,0,0,0,0,0,NA,NA,NA,NA,NA
"ABarapapppp","m3VR",266,4334,NA,NA,NA,NA,NA,0,0,0,1,0,NA,NA,NA,NA,NA
"ABarapp",NA,102,2256,0,0,0,0,0,0,0,0,0,0,0,0,0,0,0
"ABarappa",NA,134,3297,0,0,0,0,0,0,0,0,0,0,0,0,0,0,0
"ABarappaa",NA,174,3573,1,0,1,0,1,0,0,0,0,0,0,0,0,0,0
"ABarappaaa",NA,228,3573,0,0,0,0,0,0,0,0,0,0,0,0,0,0,0
"ABarappaaaa","RIPR",309,3573,NA,NA,NA,NA,NA,0,0,0,0,0,NA,NA,NA,NA,NA
"ABarappaaap","death",309,3573,NA,NA,NA,NA,NA,0,0,0,0,0,NA,NA,NA,NA,NA
"ABarappaap",NA,228,3573,0,0,0,0,0,0,0,0,0,0,1,0,0,0,0
"ABarappaapa","hyp1",315,3573,NA,NA,NA,NA,NA,0,0,0,0,0,NA,NA,NA,NA,NA
"ABarappaapp","death",315,3573,NA,NA,NA,NA,NA,0,0,0,0,0,NA,NA,NA,NA,NA
"ABarappap",NA,174,3297,0,0,0,0,0,0,0,0,0,0,0,0,0,0,0
"ABarappapa",NA,223,3297,0,0,0,0,0,0,0,0,0,0,0,0,0,0,0
"ABarappapaa","RMDDR",295,3297,NA,NA,NA,NA,NA,0,0,0,0,0,NA,NA,NA,NA,NA
"ABarappapap",NA,295,3297,0,0,0,0,0,0,0,0,0,0,NA,NA,NA,NA,NA
"ABarappapapa","death",400,3297,NA,NA,NA,NA,NA,NA,NA,NA,NA,NA,NA,NA,NA,NA,NA
"ABarappapapp","SMBDR",400,3297,NA,NA,NA,NA,NA,NA,NA,NA,NA,NA,NA,NA,NA,NA,NA
"ABarappapp",NA,223,3297,0,0,0,0,0,0,0,0,0,0,0,0,0,0,0
"ABarappappa","DB2",301,3297,NA,NA,NA,NA,NA,1,0,0,0,0,NA,NA,NA,NA,NA
"ABarappappp","SMBVR",301,3297,NA,NA,NA,NA,NA,0,0,0,0,0,NA,NA,NA,NA,NA
"ABarappp",NA,134,3179,0,0,0,0,0,0,0,0,0,0,0,0,0,0,0
"ABarapppa",NA,171,5730,0,0,0,0,0,0,0,0,0,0,0,0,0,0,0
"ABarapppaa",NA,221,5730,0,0,0,0,0,0,0,0,0,0,0,0,0,0,0
"ABarapppaaa","RMDVR",304,5730,NA,NA,NA,NA,NA,0,0,0,1,0,NA,NA,NA,NA,NA
"ABarapppaap","ILshVR",304,5730,NA,NA,NA,NA,NA,0,0,0,1,0,NA,NA,NA,NA,NA
"ABarapppap",NA,221,5730,0,0,0,0,0,0,0,0,0,0,0,0,0,0,0
"ABarapppapa","SAADR",300,5730,NA,NA,NA,NA,NA,0,0,0,0,0,NA,NA,NA,NA,NA
"ABarapppapp","ILsoVR",300,5730,NA,NA,NA,NA,NA,0,0,0,0,0,NA,NA,NA,NA,NA
"ABarapppp",NA,171,5245,0,0,0,0,0,0,0,0,0,0,0,0,0,0,0
"ABarappppa",NA,219,5245,0,0,0,1,0,0,0,0,0,0,0,0,0,0,0
"ABarappppaa","SMDVR",296,5245,NA,NA,NA,NA,NA,0,0,0,0,0,NA,NA,NA,NA,NA
"ABarappppap","BAGR",296,5245,NA,NA,NA,NA,NA,0,0,0,1,0,NA,NA,NA,NA,NA
"ABarappppp",NA,219,5245,0,0,0,0,0,0,0,0,0,0,0,0,0,0,0
"ABarapppppa",NA,287,5245,0,0,0,0,0,0,0,0,0,0,NA,NA,NA,NA,NA
"ABarapppppaa","IL1VR",400,5245,NA,NA,NA,NA,NA,NA,NA,NA,NA,NA,NA,NA,NA,NA,NA
"ABarapppppap","death",400,5245,NA,NA,NA,NA,NA,NA,NA,NA,NA,NA,NA,NA,NA,NA,NA
"ABarapppppp","IL2VR",287,5245,NA,NA,NA,NA,NA,0,0,0,0,0,NA,NA,NA,NA,NA
"ABarp",NA,56,2604,0,0,0,0,0,0,0,0,0,0,0,0,0,0,0
"ABarpa",NA,75,2604,1,0,1,0,0,0,0,0,0,0,0,0,0,0,0
"ABarpaa",NA,103,4145,0,0,1,0,0,0,0,0,0,0,0,0,0,0,0
"ABarpaaa",NA,132,9232,0,0,0,0,0,0,0,0,0,0,0,0,0,1,0
"ABarpaaaa",NA,180,11756,0,0,0,0,1,0,0,0,0,0,0,0,0,0,0
"ABarpaaaaa",NA,232,11756,0,0,1,1,0,0,0,0,0,0,0,0,0,0,0
"ABarpaaaaal","OLQsoDL",327,11756,NA,NA,NA,NA,NA,0,0,0,0,0,NA,NA,NA,NA,NA
"ABarpaaaaar","OLQsoDR",327,11756,NA,NA,NA,NA,NA,0,0,0,0,0,NA,NA,NA,NA,NA
"ABarpaaaap",NA,232,11756,0,0,0,1,0,0,0,0,0,0,0,0,0,0,0
"ABarpaaaapa","OLQshDL",324,11756,NA,NA,NA,NA,NA,0,0,0,1,0,NA,NA,NA,NA,NA
"ABarpaaaapp","CEPshDL",324,11756,NA,NA,NA,NA,NA,0,0,0,1,0,NA,NA,NA,NA,NA
"ABarpaaap",NA,180,10508,0,0,0,0,0,0,0,0,0,0,0,0,0,0,0
"ABarpaaapa",NA,237,10669,0,0,1,1,0,0,0,0,0,0,0,0,0,0,0
"ABarpaaapaa","OLQshSR",325,10669,NA,NA,NA,NA,NA,0,0,NA,1,1,NA,NA,NA,NA,NA
"ABarpaaapap","CEPshDR",325,10669,NA,NA,NA,NA,NA,0,0,NA,0,0,NA,NA,NA,NA,NA
"ABarpaaapp","death",237,10508,NA,NA,NA,NA,NA,0,0,0,0,0,NA,NA,NA,NA,NA
"ABarpaap",NA,132,7943,0,0,0,0,0,0,0,0,0,0,0,0,0,0,0
"ABarpaapa",NA,169,13473,0,0,0,1,0,0,0,0,0,0,0,0,0,0,0
"ABarpaapaa","hyp6",216,13473,NA,NA,NA,NA,NA,0,0,0,1,0,NA,NA,NA,NA,NA
"ABarpaapap","hyp7",216,13749,NA,NA,NA,NA,NA,1,0,0,0,0,NA,NA,NA,NA,NA
"ABarpaapp",NA,169,14525,0,0,0,0,0,0,0,0,0,0,0,0,0,0,0
"ABarpaappa","hyp7",216,15356,NA,NA,NA,NA,NA,1,0,0,1,1,NA,NA,NA,NA,NA
"ABarpaappp","hyp7",216,14525,NA,NA,NA,NA,NA,1,0,1,1,1,NA,NA,NA,NA,NA
"ABarpap",NA,103,2699,0,0,1,0,0,0,0,0,0,0,0,0,0,0,0
"ABarpapa",NA,134,5966,0,0,1,0,0,0,0,0,0,0,0,0,0,0,0
"ABarpapaa",NA,171,8720,0,0,0,1,0,0,0,0,0,0,0,0,0,0,0
"ABarpapaaa",NA,223,8720,1,0,0,1,0,0,0,0,0,0,0,0,0,0,0
"ABarpapaaaa","URADR",315,8720,NA,NA,NA,NA,NA,0,0,0,1,1,NA,NA,NA,NA,NA
"ABarpapaaap","CEMDR",315,8720,NA,NA,NA,NA,NA,0,0,0,1,1,NA,NA,NA,NA,NA
"ABarpapaap",NA,223,8868,0,0,0,0,0,0,0,0,0,0,0,0,0,0,0
"ABarpapaapa","death",287,8868,NA,NA,NA,NA,NA,1,0,0,0,0,NA,NA,NA,NA,NA
"ABarpapaapp",NA,287,8868,0,1,0,0,0,0,0,0,0,0,NA,NA,NA,NA,NA
"ABarpapaappa","CEPDR",400,8868,NA,NA,NA,NA,NA,NA,NA,NA,NA,NA,NA,NA,NA,NA,NA
"ABarpapaappp","URXR",400,8868,NA,NA,NA,NA,NA,NA,NA,NA,NA,NA,NA,NA,NA,NA,NA
"ABarpapap",NA,171,8899,0,0,0,0,0,0,0,0,0,0,0,0,0,0,0
"ABarpapapa","hyp4",222,9405,NA,NA,NA,NA,NA,1,0,1,1,1,NA,NA,NA,NA,NA
"ABarpapapp","hyp6",222,10610,NA,NA,NA,NA,NA,1,0,1,1,1,NA,NA,NA,NA,NA
"ABarpapp",NA,134,5245,0,0,0,0,0,0,0,0,0,0,0,0,0,0,0
"ABarpappa",NA,171,7337,1,0,1,0,1,0,0,0,0,0,0,0,0,0,0
"ABarpappaa","XXXR",228,7337,NA,NA,NA,NA,NA,0,1,0,1,1,NA,NA,NA,NA,NA
"ABarpappap","hyp5",228,10586,NA,NA,NA,NA,NA,0,0,0,0,1,NA,NA,NA,NA,NA
"ABarpappp",NA,171,9166,0,0,0,1,0,0,0,0,0,0,0,0,0,0,0
"ABarpapppa","HOR",222,9166,NA,NA,NA,NA,NA,0,1,0,1,0,NA,NA,NA,NA,NA
"ABarpapppp","H1R",222,11416,NA,NA,NA,NA,NA,0,1,0,1,1,NA,NA,NA,NA,NA
"ABarpp",NA,75,2604,1,0,1,1,0,0,0,0,0,0,0,0,0,0,0
"ABarppa",NA,105,2604,0,0,0,0,0,0,0,0,0,0,0,0,0,0,0
"ABarppaa",NA,135,6479,0,0,0,0,0,0,0,0,0,0,0,0,0,0,0
"ABarppaaa",NA,176,10403,0,0,0,1,0,0,0,0,0,0,0,0,0,0,0
"ABarppaaaa","ADEshL",234,10403,NA,NA,NA,NA,NA,0,0,0,0,0,NA,NA,NA,NA,NA
"ABarppaaap","H2L",234,10403,NA,NA,NA,NA,NA,0,0,1,0,1,NA,NA,NA,NA,NA
"ABarppaap",NA,176,11084,1,1,0,1,0,0,0,0,0,0,0,1,0,0,0
"ABarppaapa","hyp7",227,11084,NA,NA,NA,NA,NA,1,0,0,1,1,NA,NA,NA,NA,NA
"ABarppaapp",NA,227,11084,NA,NA,NA,NA,NA,0,0,0,1,1,NA,NA,NA,NA,NA
"ABarppaappa","ALML",400,11084,NA,NA,NA,NA,NA,NA,NA,NA,NA,NA,NA,NA,NA,NA,NA
"ABarppaappp","BDUL",400,11084,NA,NA,NA,NA,NA,NA,NA,NA,NA,NA,NA,NA,NA,NA,NA
"ABarppap",NA,135,6023,0,0,0,0,0,0,0,0,0,0,0,0,0,0,0
"ABarppapa",NA,178,11281,1,1,0,0,1,0,0,0,0,0,0,0,0,0,0
"ABarppapaa","V1L",235,11281,NA,NA,NA,NA,NA,NA,1,0,1,0,NA,NA,NA,NA,NA
"ABarppapap","V2L",235,11281,NA,NA,NA,NA,NA,NA,0,0,0,1,NA,NA,NA,NA,NA
"ABarppapp",NA,178,10927,1,1,1,0,1,0,0,0,0,0,0,0,0,0,0
"ABarppappa","V4L",236,10927,NA,NA,NA,NA,NA,NA,0,1,NA,NA,NA,NA,NA,NA,NA
"ABarppappp","V6L",236,10927,NA,NA,NA,NA,NA,NA,0,0,NA,NA,NA,NA,NA,NA,NA
"ABarppp",NA,105,2880,0,0,1,0,0,0,0,0,0,0,0,0,0,0,0
"ABarpppa",NA,135,6272,0,0,0,0,0,0,0,0,0,0,0,0,0,0,0
"ABarpppaa",NA,175,9535,0,0,0,0,0,0,0,0,0,0,0,0,0,0,0
"ABarpppaaa","ADEshR",231,9535,NA,NA,NA,NA,NA,1,0,0,1,1,NA,NA,NA,NA,NA
"ABarpppaap","H2R",231,9535,NA,NA,NA,NA,NA,0,1,1,1,0,NA,NA,NA,NA,NA
"ABarpppap",NA,175,10457,0,0,0,0,0,0,0,0,0,0,0,0,0,0,1
"ABarpppapa","hyp7",226,10457,NA,NA,NA,NA,NA,0,0,0,0,0,NA,NA,NA,NA,NA
"ABarpppapp",NA,226,10457,NA,NA,NA,NA,NA,1,0,1,1,1,NA,NA,NA,NA,NA
"ABarpppappa","ALMR",400,10457,NA,NA,NA,NA,NA,NA,NA,NA,NA,NA,NA,NA,NA,NA,NA
"ABarpppappp","BDUR",400,10457,NA,NA,NA,NA,NA,NA,NA,NA,NA,NA,NA,NA,NA,NA,NA
"ABarpppp",NA,135,6285,0,0,0,0,0,0,0,0,0,0,0,0,0,0,0
"ABarppppa",NA,177,9874,0,1,1,0,0,0,0,1,0,0,0,0,0,0,0
"ABarppppaa","V1R",232,10693,NA,NA,NA,NA,NA,0,0,NA,NA,1,NA,NA,NA,NA,NA
"ABarppppap","V2R",232,9874,NA,NA,NA,NA,NA,0,0,NA,NA,1,NA,NA,NA,NA,NA
"ABarppppp",NA,177,10020,0,1,1,0,0,0,0,1,0,0,0,0,0,0,0
"ABarpppppa","V4R",234,10020,NA,NA,NA,NA,NA,0,0,NA,NA,0,NA,NA,NA,NA,NA
"ABarpppppp","V6R",234,10020,NA,NA,NA,NA,NA,0,0,NA,NA,1,NA,NA,NA,NA,NA
"ABp",NA,19,1308,0,0,0,0,0,0,0,0,0,0,0,0,0,0,0
"ABpl",NA,43,1609,0,0,0,0,0,0,0,0,0,0,0,0,0,0,0
"ABpla",NA,56,1813,0,0,0,0,0,0,0,0,0,0,0,0,0,0,0
"ABplaa",NA,74,1813,0,0,1,0,0,0,0,0,0,0,0,0,0,0,0
"ABplaaa",NA,102,2219,0,0,0,0,0,0,0,0,0,0,0,0,0,0,0
"ABplaaaa",NA,133,7748,0,0,0,0,0,0,0,0,0,0,0,0,0,0,0
"ABplaaaaa",NA,171,13039,0,0,1,0,0,0,0,0,0,0,0,0,0,0,0
"ABplaaaaaa",NA,224,13039,1,1,1,0,0,0,0,1,0,0,0,0,1,0,0
"ABplaaaaaaa","URADL",317,13039,NA,NA,NA,NA,NA,0,0,NA,1,0,NA,NA,NA,NA,NA
"ABplaaaaaap","CEMDL",317,13039,NA,NA,NA,NA,NA,0,0,NA,1,0,NA,NA,NA,NA,NA
"ABplaaaaap",NA,224,13039,0,0,1,1,0,0,0,0,0,0,0,0,1,0,0
"ABplaaaaapa","death",289,13039,NA,NA,NA,NA,NA,0,0,0,0,0,NA,NA,NA,NA,NA
"ABplaaaaapp",NA,289,13039,0,1,0,0,0,0,0,0,0,0,NA,NA,NA,NA,NA
"ABplaaaaappa","CEPDL",400,13039,NA,NA,NA,NA,NA,NA,NA,NA,NA,NA,NA,NA,NA,NA,NA
"ABplaaaaappp","URXL",400,13039,NA,NA,NA,NA,NA,NA,NA,NA,NA,NA,NA,NA,NA,NA,NA
"ABplaaaap",NA,171,12776,0,0,0,0,0,0,0,0,0,0,0,0,0,0,0
"ABplaaaapa","hyp6",223,13520,NA,NA,NA,NA,NA,0,0,0,1,0,NA,NA,NA,NA,NA
"ABplaaaapp","hyp6",223,14071,NA,NA,NA,NA,NA,0,0,0,1,1,NA,NA,NA,NA,NA
"ABplaaap",NA,133,6765,0,0,0,0,0,0,0,0,0,0,0,0,0,0,0
"ABplaaapa",NA,172,12903,0,1,0,1,1,0,0,0,0,0,0,0,0,0,0
"ABplaaapaa","XXXL",229,12903,NA,NA,NA,NA,NA,1,0,0,1,1,NA,NA,NA,NA,NA
"ABplaaapap","hyp5",229,15266,NA,NA,NA,NA,NA,0,0,0,1,1,NA,NA,NA,NA,NA
"ABplaaapp",NA,172,14335,0,0,0,0,0,0,0,0,0,0,0,0,0,0,0
"ABplaaappa","HOL",223,14335,NA,NA,NA,NA,NA,0,0,0,1,0,NA,NA,NA,NA,NA
"ABplaaappp","H1L",223,15232,NA,NA,NA,NA,NA,1,0,0,0,0,NA,NA,NA,NA,NA
"ABplaap",NA,102,2533,0,0,1,0,0,0,0,0,0,0,0,0,0,0,0
"ABplaapa",NA,132,7553,0,0,0,0,0,0,0,0,0,0,0,0,0,0,0
"ABplaapaa",NA,171,13832,0,0,1,0,0,0,0,0,0,0,0,0,0,0,0
"ABplaapaaa",NA,222,13832,1,0,0,0,0,0,0,0,0,0,0,0,0,0,0
"ABplaapaaaa","hyp3",307,13832,NA,NA,NA,NA,NA,0,0,0,0,0,NA,NA,NA,NA,NA
"ABplaapaaap","ILsoDL",307,13832,NA,NA,NA,NA,NA,1,0,0,1,0,NA,NA,NA,NA,NA
"ABplaapaap",NA,222,13832,0,0,0,0,0,0,0,0,0,0,0,0,0,0,0
"ABplaapaapa","URBL",295,13832,NA,NA,NA,NA,NA,0,0,0,0,0,NA,NA,NA,NA,NA
"ABplaapaapp","AMshL",295,13832,NA,NA,NA,NA,NA,0,0,0,0,0,NA,NA,NA,NA,NA
"ABplaapap",NA,171,12658,0,0,0,0,1,0,0,0,0,0,0,0,0,0,0
"ABplaapapa",NA,221,12658,0,0,0,1,0,0,0,0,0,0,0,0,0,0,0
"ABplaapapaa","AWAL",308,12658,NA,NA,NA,NA,NA,0,0,0,1,0,NA,NA,NA,NA,NA
"ABplaapapap","ASGL",308,12658,NA,NA,NA,NA,NA,0,0,0,1,0,NA,NA,NA,NA,NA
"ABplaapapp",NA,221,12658,0,0,0,1,0,0,0,0,0,0,0,0,0,0,0
"ABplaapappa","AIBL",285,12658,NA,NA,NA,NA,NA,0,0,0,1,0,NA,NA,NA,NA,NA
"ABplaapappp",NA,285,12658,0,0,0,0,0,0,0,0,0,0,NA,NA,NA,NA,NA
"ABplaapapppa","ASIL",400,12658,NA,NA,NA,NA,NA,NA,NA,NA,NA,NA,NA,NA,NA,NA,NA
"ABplaapapppp","death",400,12658,NA,NA,NA,NA,NA,NA,NA,NA,NA,NA,NA,NA,NA,NA,NA
"ABplaapp",NA,132,7948,0,0,0,0,0,0,0,0,0,0,1,1,1,0,1
"ABplaappa",NA,167,15298,1,0,1,0,0,0,0,0,0,0,0,0,0,0,0
"ABplaappaa","hyp4",221,15298,NA,NA,NA,NA,NA,0,1,0,1,1,NA,NA,NA,NA,NA
"ABplaappap","hyp6",221,17924,NA,NA,NA,NA,NA,0,0,0,1,1,NA,NA,NA,NA,NA
"ABplaappp",NA,167,19530,0,0,0,0,0,0,0,0,0,0,0,0,0,0,0
"ABplaapppa","hyp7",214,20502,NA,NA,NA,NA,NA,0,0,0,0,0,NA,NA,NA,NA,NA
"ABplaapppp","hyp7",214,22215,NA,NA,NA,NA,NA,0,1,0,0,0,NA,NA,NA,NA,NA
"ABplap",NA,74,1813,1,0,1,0,0,0,0,0,0,0,0,0,0,0,0
"ABplapa",NA,102,2582,0,0,1,0,0,0,0,0,0,0,0,0,0,0,0
"ABplapaa",NA,132,7512,0,0,0,0,0,0,0,0,0,0,0,0,0,0,0
"ABplapaaa",NA,172,10372,0,0,0,0,0,0,0,0,0,0,0,0,0,0,0
"ABplapaaaa",NA,222,10372,1,0,1,0,0,0,0,0,0,0,0,0,0,0,0
"ABplapaaaaa","death",302,10372,NA,NA,NA,NA,NA,0,0,0,0,0,NA,NA,NA,NA,NA
"ABplapaaaap",NA,302,10372,0,0,0,0,0,0,0,0,0,0,NA,NA,NA,NA,NA
"ABplapaaaapa","ADEL",400,10372,NA,NA,NA,NA,NA,NA,NA,NA,NA,NA,NA,NA,NA,NA,NA
"ABplapaaaapp","ADAL",400,10372,NA,NA,NA,NA,NA,NA,NA,NA,NA,NA,NA,NA,NA,NA,NA
"ABplapaaap",NA,222,10372,0,0,0,1,0,0,0,0,0,0,0,0,0,0,0
"ABplapaaapa",NA,300,10372,NA,NA,NA,NA,NA,0,0,0,0,0,NA,NA,NA,NA,NA
"ABplapaaapad","FLPL",400,10372,NA,NA,NA,NA,NA,NA,NA,NA,NA,NA,NA,NA,NA,NA,NA
"ABplapaaapav","AIZL",400,10372,NA,NA,NA,NA,NA,NA,NA,NA,NA,NA,NA,NA,NA,NA,NA
"ABplapaaapp","RMGL",300,10372,NA,NA,NA,NA,NA,0,0,0,0,0,NA,NA,NA,NA,NA
"ABplapaap",NA,172,11113,0,0,0,0,0,0,0,0,0,0,0,0,0,0,0
"ABplapaapa","G2",227,11113,NA,NA,NA,NA,NA,0,0,0,1,1,NA,NA,NA,NA,NA
"ABplapaapp","P1/2L",227,12810,NA,NA,NA,NA,NA,0,1,0,1,0,NA,NA,NA,NA,NA
"ABplapap",NA,132,7499,0,0,0,0,0,0,0,0,0,0,0,0,0,0,0
"ABplapapa",NA,168,12309,1,1,0,1,0,0,0,0,0,0,0,0,0,0,0
"ABplapapaa",NA,219,14144,NA,NA,NA,NA,NA,1,0,0,1,1,NA,NA,NA,NA,NA
"ABplapapaaa","QL",400,14144,NA,NA,NA,NA,NA,NA,NA,NA,NA,NA,NA,NA,NA,NA,NA
"ABplapapaap","V5L",400,14144,NA,NA,NA,NA,NA,NA,NA,NA,NA,NA,NA,NA,NA,NA,NA
"ABplapapap","P9/10L",219,15878,NA,NA,NA,NA,NA,1,0,0,1,1,NA,NA,NA,NA,NA
"ABplapapp",NA,168,12797,0,0,0,0,0,0,0,0,0,0,0,0,0,0,0
"ABplapappa","P11",216,15497,NA,NA,NA,NA,NA,1,1,1,1,1,NA,NA,NA,NA,NA
"ABplapappp",NA,216,13727,1,1,0,0,0,0,0,0,0,0,0,0,0,0,0
"ABplapapppa","death",305,13727,NA,NA,NA,NA,NA,0,0,0,0,0,NA,NA,NA,NA,NA
"ABplapapppp",NA,305,13727,0,0,0,0,0,0,0,0,1,1,NA,NA,NA,NA,NA
"ABplapappppa",NA,NA,13727,NA,NA,NA,NA,NA,NA,NA,NA,NA,NA,NA,NA,NA,NA,NA
"ABplapappppaa","PLML",400,13727,NA,NA,NA,NA,NA,NA,NA,NA,NA,NA,NA,NA,NA,NA,NA
"ABplapappppap","ALNL",400,13727,NA,NA,NA,NA,NA,NA,NA,NA,NA,NA,NA,NA,NA,NA,NA
"ABplapappppp","death",400,13727,NA,NA,NA,NA,NA,NA,NA,NA,NA,NA,NA,NA,NA,NA,NA
"ABplapp",NA,102,3014,0,0,1,0,0,0,0,0,0,0,0,0,0,0,0
"ABplappa",NA,133,8239,0,0,0,0,0,0,0,0,0,0,0,0,0,0,0
"ABplappaa",NA,172,17714,0,0,0,0,0,0,0,0,0,0,0,0,0,0,0
"ABplappaaa","P3/4L",222,17714,NA,NA,NA,NA,NA,0,0,0,1,1,NA,NA,NA,NA,NA
"ABplappaap","P5/6L",222,17714,NA,NA,NA,NA,NA,1,0,0,1,1,NA,NA,NA,NA,NA
"ABplappap",NA,172,17140,0,0,0,0,0,0,0,0,0,0,0,0,NA,0,0
"ABplappapa","V3L",222,17140,NA,NA,NA,NA,NA,1,0,0,1,1,NA,NA,NA,NA,NA
"ABplappapp","P7/8L",222,17140,NA,NA,NA,NA,NA,1,0,0,1,0,NA,NA,NA,NA,NA
"ABplappp",NA,133,8658,0,0,0,0,0,0,0,0,0,0,0,0,0,0,0
"ABplapppa",NA,174,12558,0,0,0,0,0,0,0,0,0,0,0,0,0,0,0
"ABplapppaa",NA,230,12558,0,0,0,0,0,0,0,0,0,0,0,0,0,0,0
"ABplapppaaa","PVQL",326,12558,NA,NA,NA,NA,NA,0,0,0,0,1,NA,NA,NA,NA,NA
"ABplapppaap","death",326,12558,NA,NA,NA,NA,NA,0,0,0,1,1,NA,NA,NA,NA,NA
"ABplapppap",NA,230,12558,0,0,0,0,0,0,0,0,0,0,0,0,0,0,0
"ABplapppapa","death",301,12558,NA,NA,NA,NA,NA,0,0,0,0,0,NA,NA,NA,NA,NA
"ABplapppapp",NA,301,12558,0,0,0,0,0,0,0,0,1,1,NA,NA,NA,NA,NA
"ABplapppappa","HSNL",400,12558,NA,NA,NA,NA,NA,NA,NA,NA,NA,NA,NA,NA,NA,NA,NA
"ABplapppappp","PHBL",400,12558,NA,NA,NA,NA,NA,NA,NA,NA,NA,NA,NA,NA,NA,NA,NA
"ABplapppp",NA,174,13081,0,0,0,0,0,0,0,0,0,0,0,0,0,0,0
"ABplappppa","hyp7",230,13081,NA,NA,NA,NA,NA,1,0,0,0,1,NA,NA,NA,NA,NA
"ABplappppp","TL",230,13081,NA,NA,NA,NA,NA,0,1,0,0,1,NA,NA,NA,NA,NA
"ABplp",NA,56,1868,0,0,0,0,0,0,0,0,0,0,0,0,0,0,0
"ABplpa",NA,75,2137,0,0,1,0,0,0,0,0,0,0,0,0,0,0,0
"ABplpaa",NA,103,3629,0,0,1,0,0,0,0,0,0,0,1,0,0,0,0
"ABplpaaa",NA,135,9418,0,0,0,1,0,0,0,0,0,0,0,0,1,0,0
"ABplpaaaa",NA,173,9418,0,0,0,0,0,0,0,0,0,0,0,0,0,0,0
"ABplpaaaaa",NA,220,9418,1,0,1,0,0,0,0,0,0,0,0,0,0,0,0
"ABplpaaaaaa","SAAVL",299,9418,NA,NA,NA,NA,NA,0,0,0,0,0,NA,NA,NA,NA,NA
"ABplpaaaaap","AWCL",299,9418,NA,NA,NA,NA,NA,0,0,0,0,0,NA,NA,NA,NA,NA
"ABplpaaaap",NA,220,9418,0,0,1,0,0,0,0,0,0,0,0,0,0,0,0
"ABplpaaaapa","exc_duct",290,9418,NA,NA,NA,NA,NA,0,1,0,1,0,NA,NA,NA,NA,NA
"ABplpaaaapp","DB1/3",290,9418,NA,NA,NA,NA,NA,0,0,0,1,0,NA,NA,NA,NA,NA
"ABplpaaap",NA,173,9418,0,0,0,0,0,0,0,0,0,0,0,0,0,0,0
"ABplpaaapa",NA,222,9418,0,0,1,1,0,0,0,0,0,0,0,0,0,0,0
"ABplpaaapaa","URAVL",317,9418,NA,NA,NA,NA,NA,0,1,0,0,0,NA,NA,NA,NA,NA
"ABplpaaapap","CEPshVL",317,9418,NA,NA,NA,NA,NA,0,1,1,0,0,NA,NA,NA,NA,NA
"ABplpaaapp",NA,222,9418,0,1,1,1,0,0,0,0,0,0,0,0,0,0,0
"ABplpaaappa",NA,290,9418,0,0,0,0,0,0,0,0,0,0,NA,NA,NA,NA,NA
"ABplpaaappaa","OLQVL",400,9418,NA,NA,NA,NA,NA,NA,NA,NA,NA,NA,NA,NA,NA,NA,NA
"ABplpaaappap","death",400,9418,NA,NA,NA,NA,NA,NA,NA,NA,NA,NA,NA,NA,NA,NA,NA
"ABplpaaappp","URYVL",290,9418,NA,NA,NA,NA,NA,0,0,0,0,0,NA,NA,NA,NA,NA
"ABplpaap",NA,135,8948,0,0,0,1,0,0,0,0,0,0,0,0,0,0,0
"ABplpaapa",NA,172,11361,1,0,0,1,0,0,0,0,0,0,0,0,0,0,0
"ABplpaapaa",NA,222,11361,0,0,0,0,1,0,0,0,0,0,0,0,0,0,0
"ABplpaapaaa","RIVL",300,11361,NA,NA,NA,NA,NA,0,0,0,0,0,NA,NA,NA,NA,NA
"ABplpaapaap","AVBL",300,11361,NA,NA,NA,NA,NA,0,0,0,0,0,NA,NA,NA,NA,NA
"ABplpaapap",NA,222,11361,1,0,1,0,1,0,0,0,0,0,0,0,0,0,0
"ABplpaapapa","AMsoL",299,11361,NA,NA,NA,NA,NA,0,0,0,1,0,NA,NA,NA,NA,NA
"ABplpaapapp","CEMVL",299,11361,NA,NA,NA,NA,NA,0,0,0,0,0,NA,NA,NA,NA,NA
"ABplpaapp",NA,172,10112,1,0,0,0,0,0,0,0,0,0,0,0,0,0,0
"ABplpaappa",NA,219,10112,1,0,1,1,1,0,0,0,0,0,0,0,0,0,0
"ABplpaappaa","ASHL",293,10112,NA,NA,NA,NA,NA,0,0,0,0,0,NA,NA,NA,NA,NA
"ABplpaappap","RIBL",293,10112,NA,NA,NA,NA,NA,0,0,0,0,0,NA,NA,NA,NA,NA
"ABplpaappp",NA,219,10112,0,0,0,1,0,0,0,0,0,0,0,0,0,0,0
"ABplpaapppa","AIML",289,10112,NA,NA,NA,NA,NA,0,0,0,1,0,NA,NA,NA,NA,NA
"ABplpaapppp",NA,289,10112,0,1,0,0,0,0,0,0,0,0,NA,NA,NA,NA,NA
"ABplpaappppa","CEPVL",400,10112,NA,NA,NA,NA,NA,NA,NA,NA,NA,NA,NA,NA,NA,NA,NA
"ABplpaappppp","death",400,10112,NA,NA,NA,NA,NA,NA,NA,NA,NA,NA,NA,NA,NA,NA,NA
"ABplpap",NA,103,4998,0,0,1,0,0,0,0,0,0,0,0,0,0,0,0
"ABplpapa",NA,133,8835,0,0,0,0,0,0,0,0,0,0,0,0,0,0,0
"ABplpapaa",NA,171,8835,0,1,0,0,0,0,0,0,0,0,0,0,0,0,0
"ABplpapaaa",NA,224,8835,0,0,0,0,0,0,0,0,0,0,0,0,0,0,0
"ABplpapaaaa","SMDDL",304,8835,NA,NA,NA,NA,NA,0,0,0,0,0,NA,NA,NA,NA,NA
"ABplpapaaap","AIYL",304,8835,NA,NA,NA,NA,NA,0,0,0,0,0,NA,NA,NA,NA,NA
"ABplpapaap",NA,224,8835,0,0,0,1,0,0,0,0,0,0,0,0,0,0,1
"ABplpapaapa","SIADL",305,8835,NA,NA,NA,NA,NA,0,0,0,0,0,NA,NA,NA,NA,NA
"ABplpapaapp","SIBVL",305,8835,NA,NA,NA,NA,NA,0,0,0,1,1,NA,NA,NA,NA,NA
"ABplpapap",NA,171,8835,0,0,0,0,0,0,0,0,0,0,0,0,1,0,1
"ABplpapapa",NA,221,8835,1,0,0,0,0,0,0,0,0,0,0,0,0,0,0
"ABplpapapaa","exc_gl_L",291,8835,NA,NA,NA,NA,NA,0,0,0,0,0,NA,NA,NA,NA,NA
"ABplpapapap","AVKL",291,8835,NA,NA,NA,NA,NA,0,1,0,0,0,NA,NA,NA,NA,NA
"ABplpapapp",NA,221,8835,0,0,0,0,0,0,0,0,0,0,0,0,0,0,0
"ABplpapappa","SIAVL",293,8835,NA,NA,NA,NA,NA,0,0,0,0,0,NA,NA,NA,NA,NA
"ABplpapappp","DB5",293,8835,NA,NA,NA,NA,NA,0,0,0,0,0,NA,NA,NA,NA,NA
"ABplpapp",NA,133,10226,0,0,0,0,0,0,0,0,0,0,0,0,0,0,0
"ABplpappa",NA,168,10226,0,0,0,0,0,0,0,0,0,0,0,0,0,0,0
"ABplpappaa",NA,213,10226,0,0,0,0,0,0,0,0,0,0,0,0,0,0,0
"ABplpappaaa","RMEV",268,10226,NA,NA,NA,NA,NA,0,0,0,0,0,NA,NA,NA,NA,NA
"ABplpappaap","exc_cell",268,10226,NA,NA,NA,NA,NA,0,0,0,0,0,NA,NA,NA,NA,NA
"ABplpappap","death",213,10226,NA,NA,NA,NA,NA,0,0,0,0,0,NA,NA,NA,NA,NA
"ABplpappp",NA,168,10226,0,0,0,0,0,0,0,0,0,0,0,0,0,0,0
"ABplpapppa",NA,222,10226,0,0,1,0,0,0,0,0,0,0,0,0,0,0,0
"ABplpapppaa","K",299,10226,NA,NA,NA,NA,NA,0,1,0,1,1,NA,NA,NA,NA,NA
"ABplpapppap","K'",299,10226,NA,NA,NA,NA,NA,0,1,0,1,0,NA,NA,NA,NA,NA
"ABplpapppp",NA,222,10226,0,0,1,0,1,0,0,0,0,0,0,0,0,0,0
"ABplpappppa","PVT",304,10226,NA,NA,NA,NA,NA,0,0,0,1,0,NA,NA,NA,NA,NA
"ABplpappppp","rect_D",304,10226,NA,NA,NA,NA,NA,0,0,0,1,0,NA,NA,NA,NA,NA
"ABplpp",NA,75,1868,0,0,1,0,0,0,0,0,0,0,0,0,0,0,0
"ABplppa",NA,104,3146,1,0,1,1,0,0,0,0,0,0,0,0,0,0,0
"ABplppaa",NA,136,8919,0,0,0,0,0,0,0,0,0,0,0,0,0,0,0
"ABplppaaa",NA,179,8919,0,0,0,0,0,0,0,0,0,0,0,0,0,0,0
"ABplppaaaa",NA,235,8919,0,0,0,0,0,0,0,0,0,0,0,0,0,0,0
"ABplppaaaaa","SIBDL",297,8919,NA,NA,NA,NA,NA,0,0,1,1,0,NA,NA,NA,NA,NA
"ABplppaaaap",NA,297,8919,0,0,0,0,0,0,0,0,1,0,NA,NA,NA,NA,NA
"ABplppaaaapa","death",400,8919,NA,NA,NA,NA,NA,NA,NA,NA,NA,NA,NA,NA,NA,NA,NA
"ABplppaaaapp","RICL",400,8919,NA,NA,NA,NA,NA,NA,NA,NA,NA,NA,NA,NA,NA,NA,NA
"ABplppaaap","death",235,8919,NA,NA,NA,NA,NA,0,0,0,0,0,NA,NA,NA,NA,NA
"ABplppaap",NA,179,8919,0,0,0,1,0,0,0,0,0,0,0,0,0,0,0
"ABplppaapa",NA,231,8919,0,0,0,0,0,0,0,0,0,0,0,0,0,0,0
"ABplppaapaa","death",317,8919,NA,NA,NA,NA,NA,0,0,1,0,0,NA,NA,NA,NA,NA
"ABplppaapap","RIML",317,8919,NA,NA,NA,NA,NA,0,1,1,0,0,NA,NA,NA,NA,NA
"ABplppaapp",NA,231,8919,0,0,0,0,0,0,0,0,0,0,0,0,0,0,0
"ABplppaappa","AIAL",310,8919,NA,NA,NA,NA,NA,0,0,0,0,0,NA,NA,NA,NA,NA
"ABplppaappp","DB6",310,8919,NA,NA,NA,NA,NA,0,0,0,1,0,NA,NA,NA,NA,NA
"ABplppap",NA,136,9169,0,0,0,0,0,0,0,0,0,0,0,0,0,0,0
"ABplppapa",NA,176,9169,0,0,0,0,0,0,0,0,0,0,0,0,0,0,0
"ABplppapaa",NA,227,9169,1,0,1,1,1,0,0,0,0,0,0,0,0,0,0
"ABplppapaaa",NA,296,9169,NA,NA,NA,NA,NA,0,1,0,0,0,NA,NA,NA,NA,NA
"ABplppapaaaa","SABVL",400,9169,NA,NA,NA,NA,NA,NA,NA,NA,NA,NA,NA,NA,NA,NA,NA
"ABplppapaaap","RIFL",400,9169,NA,NA,NA,NA,NA,NA,NA,NA,NA,NA,NA,NA,NA,NA,NA
"ABplppapaap","SABD",296,9169,NA,NA,NA,NA,NA,1,1,0,0,0,NA,NA,NA,NA,NA
"ABplppapap",NA,227,9169,0,0,0,0,0,0,0,0,0,0,0,0,0,0,0
"ABplppapapa","DA2",315,9169,NA,NA,NA,NA,NA,0,0,0,0,0,NA,NA,NA,NA,NA
"ABplppapapp","DA4",315,9169,NA,NA,NA,NA,NA,0,1,0,1,1,NA,NA,NA,NA,NA
"ABplppapp",NA,176,9169,0,0,0,1,0,0,0,0,0,0,0,0,0,0,0
"ABplppappa",NA,231,9169,1,1,1,0,1,0,0,0,0,0,0,0,0,0,0
"ABplppappaa","RIGL",309,9169,NA,NA,NA,NA,NA,0,0,0,0,0,NA,NA,NA,NA,NA
"ABplppappap","DD1",309,9169,NA,NA,NA,NA,NA,1,0,0,0,0,NA,NA,NA,NA,NA
"ABplppappp",NA,231,9169,0,0,1,0,1,0,0,0,0,0,0,0,0,0,0
"ABplppapppa","DD3",320,9169,NA,NA,NA,NA,NA,0,0,0,0,0,NA,NA,NA,NA,NA
"ABplppapppp","DD5",320,9169,NA,NA,NA,NA,NA,0,0,0,1,0,NA,NA,NA,NA,NA
"ABplppp",NA,104,4625,1,0,0,1,0,0,0,0,0,0,0,0,0,0,0
"ABplpppa",NA,135,11292,0,0,0,0,0,0,0,0,0,0,0,0,0,0,0
"ABplpppaa",NA,173,11292,0,1,0,0,0,0,0,0,0,0,0,1,0,0,0
"ABplpppaaa",NA,223,11292,0,0,0,0,0,0,0,0,0,0,0,0,0,0,0
"ABplpppaaaa","DA9",304,11292,NA,NA,NA,NA,NA,0,0,0,1,0,NA,NA,NA,NA,NA
"ABplpppaaap","DA6",304,11292,NA,NA,NA,NA,NA,1,0,0,1,0,NA,NA,NA,NA,NA
"ABplpppaap",NA,223,11292,0,0,0,1,0,0,0,0,0,0,0,0,0,0,0
"ABplpppaapa",NA,300,11292,NA,NA,NA,NA,NA,0,0,1,1,1,NA,NA,NA,NA,NA
"ABplpppaapaa","PVCL",400,11292,NA,NA,NA,NA,NA,NA,NA,NA,NA,NA,NA,NA,NA,NA,NA
"ABplpppaapap","LUAL",400,11292,NA,NA,NA,NA,NA,NA,NA,NA,NA,NA,NA,NA,NA,NA,NA
"ABplpppaapp","PHAL",300,11292,NA,NA,NA,NA,NA,0,0,1,1,1,NA,NA,NA,NA,NA
"ABplpppap",NA,173,11292,0,0,0,0,0,0,0,0,0,0,0,0,0,0,0
"ABplpppapa",NA,223,11292,0,1,0,0,1,0,0,0,0,0,0,0,0,0,0
"ABplpppapaa","PHshL",278,11292,NA,NA,NA,NA,NA,0,0,1,1,1,NA,NA,NA,NA,NA
"ABplpppapap","hyp8/9",278,11292,NA,NA,NA,NA,NA,1,0,1,1,0,NA,NA,NA,NA,NA
"ABplpppapp","death",223,11292,NA,NA,NA,NA,NA,0,0,0,0,0,NA,NA,NA,NA,NA
"ABplpppp",NA,135,9998,0,0,0,1,0,0,0,0,0,0,0,0,0,0,0
"ABplppppa",NA,171,9998,0,0,0,0,0,0,0,0,0,0,0,0,0,0,0
"ABplppppaa",NA,219,9998,0,0,0,0,0,0,0,0,0,0,0,0,0,0,0
"ABplppppaaa","PVPL",293,9998,NA,NA,NA,NA,NA,0,1,0,0,1,NA,NA,NA,NA,NA
"ABplppppaap","rect_VL",293,9998,NA,NA,NA,NA,NA,0,0,0,0,0,NA,NA,NA,NA,NA
"ABplppppap",NA,219,9998,0,0,0,0,0,0,0,0,0,0,0,0,0,0,0
"ABplppppapa","U",292,9998,NA,NA,NA,NA,NA,0,0,0,1,0,NA,NA,NA,NA,NA
"ABplppppapp","F",292,9998,NA,NA,NA,NA,NA,0,0,0,1,0,NA,NA,NA,NA,NA
"ABplppppp",NA,171,9998,0,0,0,0,0,0,0,0,0,0,0,0,0,0,0
"ABplpppppa",NA,222,9998,0,0,1,0,1,0,0,0,0,0,0,0,0,0,0
"ABplpppppaa","mu_int_L",313,9998,NA,NA,NA,NA,NA,0,1,1,0,0,NA,NA,NA,NA,NA
"ABplpppppap","mu_anal",313,9998,NA,NA,NA,NA,NA,0,1,1,1,0,NA,NA,NA,NA,NA
"ABplpppppp",NA,222,9998,0,0,0,0,0,0,0,0,0,0,0,0,0,0,0
"ABplppppppa","spike",293,9998,NA,NA,NA,NA,NA,0,0,0,1,1,NA,NA,NA,NA,NA
"ABplppppppp","hyp10",293,9998,NA,NA,NA,NA,NA,0,0,0,1,0,NA,NA,NA,NA,NA
"ABpr",NA,43,1308,0,0,0,0,0,0,0,0,0,0,0,0,0,0,0
"ABpra",NA,56,2024,0,0,0,0,0,0,0,0,0,0,0,0,0,0,0
"ABpraa",NA,75,2024,0,0,0,1,0,0,0,0,0,0,0,0,0,0,0
"ABpraaa",NA,102,4352,0,0,0,0,0,0,0,0,0,0,0,0,0,0,0
"ABpraaaa",NA,134,7697,0,0,0,0,0,0,0,0,0,0,0,0,0,0,0
"ABpraaaaa",NA,177,9169,0,0,0,0,0,0,0,0,0,0,0,0,0,0,0
"ABpraaaaaa",NA,232,9169,1,0,0,0,0,0,0,0,0,0,0,0,0,0,0
"ABpraaaaaaa","AVER",316,9169,NA,NA,NA,NA,NA,0,0,0,0,0,NA,NA,NA,NA,NA
"ABpraaaaaap","OLQshVR",316,9169,NA,NA,NA,NA,NA,0,0,0,0,0,NA,NA,NA,NA,NA
"ABpraaaaap",NA,232,9169,1,0,1,0,1,0,0,0,0,0,0,0,0,0,0
"ABpraaaaapd","OLLshR",327,9169,NA,NA,NA,NA,NA,0,0,0,1,0,NA,NA,NA,NA,NA
"ABpraaaaapv","death",327,9169,NA,NA,NA,NA,NA,0,0,0,0,0,NA,NA,NA,NA,NA
"ABpraaaap",NA,177,10749,0,0,0,0,1,0,0,0,0,0,0,0,0,0,0
"ABpraaaapa",NA,224,10749,0,0,1,1,0,0,0,0,0,0,0,0,0,0,0
"ABpraaaapad","RMDR",303,10749,NA,NA,NA,NA,NA,0,0,0,0,0,NA,NA,NA,NA,NA
"ABpraaaapav","AFDR",303,10749,NA,NA,NA,NA,NA,0,0,0,0,0,NA,NA,NA,NA,NA
"ABpraaaapp",NA,224,10749,1,0,0,0,0,0,0,0,0,0,0,0,0,0,0
"ABpraaaappa","death",293,10749,NA,NA,NA,NA,NA,0,0,0,0,0,NA,NA,NA,NA,NA
"ABpraaaappp",NA,293,10749,0,1,0,0,1,0,0,0,0,0,NA,NA,NA,NA,NA
"ABpraaaapppa","ASKR",400,10749,NA,NA,NA,NA,NA,NA,NA,NA,NA,NA,NA,NA,NA,NA,NA
"ABpraaaapppp","death",400,10749,NA,NA,NA,NA,NA,NA,NA,NA,NA,NA,NA,NA,NA,NA,NA
"ABpraaap",NA,134,7587,0,0,0,0,0,0,0,0,0,0,0,0,0,0,0
"ABpraaapa",NA,172,8831,0,0,0,0,0,0,0,0,0,0,0,0,0,0,0
"ABpraaapaa",NA,224,8831,0,0,1,0,1,0,0,0,0,0,0,0,0,0,0
"ABpraaapaad","ADLR",309,8831,NA,NA,NA,NA,NA,0,0,0,0,0,NA,NA,NA,NA,NA
"ABpraaapaav","death",309,8831,NA,NA,NA,NA,NA,0,0,0,0,0,NA,NA,NA,NA,NA
"ABpraaapap",NA,224,8831,0,0,0,0,0,0,0,0,0,0,0,0,0,0,0
"ABpraaapapa",NA,299,8831,0,0,0,0,0,0,0,0,0,1,NA,NA,NA,NA,NA
"ABpraaapapaa","OLLR",400,8831,NA,NA,NA,NA,NA,NA,NA,NA,NA,NA,NA,NA,NA,NA,NA
"ABpraaapapap","death",400,8831,NA,NA,NA,NA,NA,NA,NA,NA,NA,NA,NA,NA,NA,NA,NA
"ABpraaapapp","death",299,8831,NA,NA,NA,NA,NA,0,0,0,0,1,NA,NA,NA,NA,NA
"ABpraaapp",NA,172,9759,0,0,0,0,0,0,0,0,0,0,0,0,0,0,0
"ABpraaappa",NA,215,9759,0,0,0,0,0,0,0,0,0,0,0,0,0,0,0
"ABpraaappaa","ADFR",295,9759,NA,NA,NA,NA,NA,0,0,0,0,1,NA,NA,NA,NA,NA
"ABpraaappap","AWBR",295,9759,NA,NA,NA,NA,NA,0,0,0,0,0,NA,NA,NA,NA,NA
"ABpraaappp",NA,215,9759,0,0,0,0,0,0,0,0,0,0,0,0,0,0,0
"ABpraaapppa",NA,269,9759,0,0,0,0,0,0,0,1,0,0,0,0,0,0,0
"ABpraaapppaa","ASER",359,9759,NA,NA,NA,NA,NA,1,0,NA,1,1,NA,NA,NA,NA,NA
"ABpraaapppap","death",359,9759,NA,NA,NA,NA,NA,1,0,NA,1,0,NA,NA,NA,NA,NA
"ABpraaapppp",NA,269,9759,0,0,0,1,1,0,0,0,0,0,0,0,0,0,0
"ABpraaappppa","ASJR",349,9759,NA,NA,NA,NA,NA,0,0,0,0,0,NA,NA,NA,NA,NA
"ABpraaappppp","AUAR",349,9759,NA,NA,NA,NA,NA,0,1,0,0,0,NA,NA,NA,NA,NA
"ABpraap",NA,102,2576,0,0,1,0,0,0,0,0,0,0,0,0,0,0,0
"ABpraapa",NA,133,9776,0,0,0,0,0,0,0,0,0,0,0,0,0,0,0
"ABpraapaa",NA,173,12168,0,0,0,0,0,0,0,0,0,0,0,0,0,0,0
"ABpraapaaa",NA,224,12168,0,0,1,0,0,0,0,0,0,0,0,0,0,0,0
"ABpraapaaaa","hyp3",307,12168,NA,NA,NA,NA,NA,0,0,0,1,0,NA,NA,NA,NA,NA
"ABpraapaaap","ILsoDR",307,12168,NA,NA,NA,NA,NA,0,0,0,1,1,NA,NA,NA,NA,NA
"ABpraapaap",NA,224,12168,0,0,1,1,0,0,0,0,0,0,0,0,0,0,0
"ABpraapaapa","URBR",295,12168,NA,NA,NA,NA,NA,0,0,0,0,0,NA,NA,NA,NA,NA
"ABpraapaapp","AMshR",295,12168,NA,NA,NA,NA,NA,0,0,0,1,0,NA,NA,NA,NA,NA
"ABpraapap",NA,173,11346,0,0,0,0,0,0,0,0,0,0,0,0,0,0,0
"ABpraapapa",NA,222,11346,1,0,1,0,1,0,0,0,0,0,0,0,0,0,0
"ABpraapapaa","AWAR",309,11346,NA,NA,NA,NA,NA,0,0,0,0,1,NA,NA,NA,NA,NA
"ABpraapapap","ASGR",309,11346,NA,NA,NA,NA,NA,0,0,0,0,0,NA,NA,NA,NA,NA
"ABpraapapp",NA,222,11346,1,0,0,0,0,0,0,0,0,0,0,0,0,0,0
"ABpraapappa","AIBR",287,11346,NA,NA,NA,NA,NA,0,0,0,1,0,NA,NA,NA,NA,NA
"ABpraapappp",NA,287,11346,0,1,0,0,0,0,0,0,1,1,NA,NA,NA,NA,NA
"ABpraapapppa","ASIR",400,11346,NA,NA,NA,NA,NA,NA,NA,NA,NA,NA,NA,NA,NA,NA,NA
"ABpraapapppp","death",400,11346,NA,NA,NA,NA,NA,NA,NA,NA,NA,NA,NA,NA,NA,NA,NA
"ABpraapp",NA,133,9357,0,0,0,0,0,0,0,0,0,0,0,0,1,0,0
"ABpraappa",NA,169,14170,1,1,1,1,1,0,0,0,0,0,0,0,0,0,0
"ABpraappaa","hyp4",225,14170,NA,NA,NA,NA,NA,1,1,0,1,0,NA,NA,NA,NA,NA
"ABpraappap","hyp6",225,14170,NA,NA,NA,NA,NA,1,0,0,1,0,NA,NA,NA,NA,NA
"ABpraappp",NA,169,15893,0,0,0,0,0,0,0,0,0,0,0,0,0,0,0
"ABpraapppa","hyp7",218,15893,NA,NA,NA,NA,NA,0,0,0,0,0,NA,NA,NA,NA,NA
"ABpraapppp","hyp7",218,15893,NA,NA,NA,NA,NA,0,0,0,0,1,NA,NA,NA,NA,NA
"ABprap",NA,75,2557,0,0,0,0,0,0,0,0,0,0,0,0,0,0,0
"ABprapa",NA,102,4444,0,0,0,0,0,0,0,0,0,0,0,0,0,0,0
"ABprapaa",NA,133,6956,0,0,0,0,0,0,0,0,0,0,0,0,0,0,0
"ABprapaaa",NA,174,9652,0,0,0,1,0,0,0,0,0,0,0,0,0,0,0
"ABprapaaaa",NA,225,9652,1,0,1,0,0,0,0,0,0,0,0,0,0,0,0
"ABprapaaaaa","death",307,9652,NA,NA,NA,NA,NA,0,0,0,0,1,NA,NA,NA,NA,NA
"ABprapaaaap",NA,307,9652,0,0,0,0,0,0,0,0,0,0,NA,NA,NA,NA,NA
"ABprapaaaapa","ADER",400,9652,NA,NA,NA,NA,NA,NA,NA,NA,NA,NA,NA,NA,NA,NA,NA
"ABprapaaaapp","ADAR",400,9652,NA,NA,NA,NA,NA,NA,NA,NA,NA,NA,NA,NA,NA,NA,NA
"ABprapaaap",NA,225,9912,1,0,1,1,1,0,0,0,0,0,0,0,0,0,0
"ABprapaaapa",NA,303,9912,NA,NA,NA,NA,NA,0,0,0,0,0,NA,NA,NA,NA,NA
"ABprapaaapad","FLPR",400,9912,NA,NA,NA,NA,NA,NA,NA,NA,NA,NA,NA,NA,NA,NA,NA
"ABprapaaapav","AIZR",400,9912,NA,NA,NA,NA,NA,NA,NA,NA,NA,NA,NA,NA,NA,NA,NA
"ABprapaaapp","RMGR",303,9912,NA,NA,NA,NA,NA,1,1,0,0,0,NA,NA,NA,NA,NA
"ABprapaap",NA,174,9237,0,0,0,0,0,0,0,0,0,0,0,0,0,0,0
"ABprapaapa","W",230,9237,NA,NA,NA,NA,NA,0,1,1,1,1,NA,NA,NA,NA,NA
"ABprapaapp","P1/2R",230,10235,NA,NA,NA,NA,NA,0,1,0,1,1,NA,NA,NA,NA,NA
"ABprapap",NA,133,6647,0,0,0,0,0,0,0,0,0,0,0,0,0,0,0
"ABprapapa",NA,170,11373,0,0,0,0,0,0,0,0,0,0,0,0,0,0,0
"ABprapapaa",NA,222,13258,NA,NA,NA,NA,NA,0,0,1,1,1,NA,NA,NA,NA,NA
"ABprapapaaa","QR",400,13258,NA,NA,NA,NA,NA,NA,NA,NA,NA,NA,NA,NA,NA,NA,NA
"ABprapapaap","V5R",400,13258,NA,NA,NA,NA,NA,NA,NA,NA,NA,NA,NA,NA,NA,NA,NA
"ABprapapap","P9/10R",222,14050,NA,NA,NA,NA,NA,0,1,0,0,1,NA,NA,NA,NA,NA
"ABprapapp",NA,170,12621,1,0,0,0,0,0,0,0,0,0,0,0,0,0,0
"ABprapappa","P12",219,12621,NA,NA,NA,NA,NA,0,0,0,0,0,NA,NA,NA,NA,NA
"ABprapappp",NA,219,12898,0,1,0,0,1,0,0,0,0,0,0,0,0,0,0
"ABprapapppa","death",310,12898,NA,NA,NA,NA,NA,0,0,1,1,1,NA,NA,NA,NA,NA
"ABprapapppp",NA,310,12898,0,0,0,0,0,0,0,1,0,1,NA,NA,NA,NA,NA
"ABprapappppa",NA,NA,12898,NA,NA,NA,NA,NA,NA,NA,NA,NA,NA,NA,NA,NA,NA,NA
"ABprapappppaa","PLMR",400,12898,NA,NA,NA,NA,NA,NA,NA,NA,NA,NA,NA,NA,NA,NA,NA
"ABprapappppap","ALNR",400,12898,NA,NA,NA,NA,NA,NA,NA,NA,NA,NA,NA,NA,NA,NA,NA
"ABprapappppp","death",400,12898,NA,NA,NA,NA,NA,NA,NA,NA,NA,NA,NA,NA,NA,NA,NA
"ABprapp",NA,102,3801,0,0,0,0,0,0,0,0,0,0,0,0,0,0,0
"ABprappa",NA,133,9106,0,0,0,0,0,0,0,0,0,0,0,0,0,0,0
"ABprappaa",NA,174,18831,0,0,0,0,0,0,0,0,0,0,0,0,0,0,0
"ABprappaaa","P3/4R",226,18831,NA,NA,NA,NA,NA,0,1,1,1,0,NA,NA,NA,NA,NA
"ABprappaap","P5/6R",226,18831,NA,NA,NA,NA,NA,0,1,1,1,1,NA,NA,NA,NA,NA
"ABprappap",NA,174,18264,0,0,0,1,0,0,0,0,0,0,0,0,0,0,0
"ABprappapa","V3R",226,20412,NA,NA,NA,NA,NA,0,1,1,1,1,NA,NA,NA,NA,NA
"ABprappapp","P7/8R",226,18483,NA,NA,NA,NA,NA,0,0,1,1,0,NA,NA,NA,NA,NA
"ABprappp",NA,133,7602,0,0,0,0,0,0,0,0,0,0,0,0,0,0,0
"ABprapppa",NA,176,12643,0,0,1,0,0,0,0,0,0,0,0,0,0,0,0
"ABprapppaa",NA,233,12643,0,0,0,0,0,0,0,0,0,0,0,0,0,0,0
"ABprapppaaa","PVQR",333,12643,NA,NA,NA,NA,NA,0,0,1,1,1,NA,NA,NA,NA,NA
"ABprapppaap","death",333,12643,NA,NA,NA,NA,NA,0,0,1,1,1,NA,NA,NA,NA,NA
"ABprapppap",NA,233,12643,0,0,0,0,0,0,0,0,0,0,0,0,NA,0,0
"ABprapppapa","death",306,12643,NA,NA,NA,NA,NA,0,0,1,0,1,NA,NA,NA,NA,NA
"ABprapppapp",NA,306,12643,0,0,0,0,0,0,0,1,0,1,NA,NA,NA,NA,NA
"ABprapppappa","HSNR",400,12643,NA,NA,NA,NA,NA,NA,NA,NA,NA,NA,NA,NA,NA,NA,NA
"ABprapppappp","PHRB",400,12643,NA,NA,NA,NA,NA,NA,NA,NA,NA,NA,NA,NA,NA,NA,NA
"ABprapppp",NA,176,11046,0,0,0,1,0,0,0,0,0,0,0,0,0,0,0
"ABprappppa","hyp7",233,11046,NA,NA,NA,NA,NA,0,0,1,0,1,NA,NA,NA,NA,NA
"ABprappppp","TR",233,11046,NA,NA,NA,NA,NA,0,0,1,0,1,NA,NA,NA,NA,NA
"ABprp",NA,56,1308,0,0,0,0,0,0,0,0,0,0,0,0,0,0,0
"ABprpa",NA,75,1308,0,0,1,0,0,0,0,0,0,0,0,0,0,0,0
"ABprpaa",NA,103,3273,0,0,0,0,0,0,0,0,0,0,0,0,0,0,0
"ABprpaaa",NA,135,6593,0,0,0,0,0,0,0,0,0,0,0,0,0,0,0
"ABprpaaaa",NA,173,9578,1,0,0,0,0,0,0,0,0,0,0,0,0,0,0
"ABprpaaaaa",NA,221,9578,0,0,1,0,0,0,0,0,0,0,0,0,0,0,0
"ABprpaaaaaa","SAAVR",301,9578,NA,NA,NA,NA,NA,0,0,0,0,0,NA,NA,NA,NA,NA
"ABprpaaaaap","AWCR",301,9578,NA,NA,NA,NA,NA,0,0,0,0,0,NA,NA,NA,NA,NA
"ABprpaaaap",NA,221,9578,0,0,0,0,0,0,0,0,0,0,0,0,NA,NA,0
"ABprpaaaapa","G1",291,9578,NA,NA,NA,NA,NA,0,0,0,0,0,NA,NA,NA,NA,NA
"ABprpaaaapp","DB3/1",291,9578,NA,NA,NA,NA,NA,0,0,0,0,0,NA,NA,NA,NA,NA
"ABprpaaap",NA,173,9979,0,0,0,0,0,0,0,0,0,0,0,0,NA,NA,0
"ABprpaaapa",NA,222,9979,0,0,1,1,1,0,0,0,0,0,0,0,0,0,0
"ABprpaaapaa","URAVR",317,9979,NA,NA,NA,NA,NA,0,0,0,0,0,NA,NA,NA,NA,NA
"ABprpaaapap","CEPshVR",317,9979,NA,NA,NA,NA,NA,0,0,0,0,0,NA,NA,NA,NA,NA
"ABprpaaapp",NA,222,9979,0,0,0,1,0,0,0,0,0,0,0,0,0,0,0
"ABprpaaappa",NA,290,9979,0,0,0,0,0,0,0,0,0,0,NA,NA,NA,NA,NA
"ABprpaaappaa","OLQVR",400,9979,NA,NA,NA,NA,NA,NA,NA,NA,NA,NA,NA,NA,NA,NA,NA
"ABprpaaappap","death",400,9979,NA,NA,NA,NA,NA,NA,NA,NA,NA,NA,NA,NA,NA,NA,NA
"ABprpaaappp","URYVR",290,9979,NA,NA,NA,NA,NA,0,0,0,0,0,NA,NA,NA,NA,NA
"ABprpaap",NA,135,7596,0,0,0,0,0,0,0,0,0,0,1,0,0,0,0
"ABprpaapa",NA,172,10893,1,0,0,0,0,0,0,0,0,0,0,0,0,0,0
"ABprpaapaa",NA,223,10893,0,0,1,1,0,0,0,0,0,0,0,0,0,0,0
"ABprpaapaaa","RIVR",301,10893,NA,NA,NA,NA,NA,0,0,0,0,1,NA,NA,NA,NA,NA
"ABprpaapaap","AVBR",301,10893,NA,NA,NA,NA,NA,0,0,0,0,0,NA,NA,NA,NA,NA
"ABprpaapap",NA,223,10893,1,1,0,1,0,0,0,0,0,0,NA,0,0,NA,NA
"ABprpaapapa","AMsoR",301,10893,NA,NA,NA,NA,NA,0,0,0,0,0,NA,NA,NA,NA,NA
"ABprpaapapp","CEMVR",301,10893,NA,NA,NA,NA,NA,0,0,0,1,0,NA,NA,NA,NA,NA
"ABprpaapp",NA,172,10964,0,0,0,0,0,0,0,0,0,0,NA,0,0,0,0
"ABprpaappa",NA,220,10964,0,1,1,1,1,0,0,0,0,0,0,0,0,0,0
"ABprpaappaa","ASHR",293,10964,NA,NA,NA,NA,NA,0,0,0,0,0,NA,NA,NA,NA,NA
"ABprpaappap","RIBR",293,10964,NA,NA,NA,NA,NA,0,0,0,0,0,NA,NA,NA,NA,NA
"ABprpaappp",NA,220,10964,0,0,0,0,0,0,0,0,0,0,0,0,0,0,0
"ABprpaapppa","AIMR",291,10964,NA,NA,NA,NA,NA,0,0,0,0,0,NA,NA,NA,NA,NA
"ABprpaapppp",NA,291,10964,0,0,0,0,0,0,0,0,0,0,NA,NA,NA,NA,NA
"ABprpaappppa","CEPVR",400,10964,NA,NA,NA,NA,NA,NA,NA,NA,NA,NA,NA,NA,NA,NA,NA
"ABprpaappppp","death",400,10964,NA,NA,NA,NA,NA,NA,NA,NA,NA,NA,NA,NA,NA,NA,NA
"ABprpap",NA,103,2062,0,0,0,0,0,0,0,0,0,0,0,0,0,0,0
"ABprpapa",NA,134,4140,0,0,0,0,0,0,0,0,0,0,0,0,0,0,0
"ABprpapaa",NA,172,6000,0,0,0,0,0,0,0,0,0,0,0,0,0,0,0
"ABprpapaaa",NA,226,6000,0,0,0,0,0,0,0,0,0,0,0,0,0,0,0
"ABprpapaaaa","SMDDR",305,6000,NA,NA,NA,NA,NA,0,0,0,0,0,NA,NA,NA,NA,NA
"ABprpapaaap","AIYR",305,6000,NA,NA,NA,NA,NA,0,0,0,0,0,NA,NA,NA,NA,NA
"ABprpapaap",NA,226,6000,0,0,1,1,1,0,0,0,0,0,0,0,0,0,0
"ABprpapaapa","SIADR",305,6000,NA,NA,NA,NA,NA,0,0,0,0,0,NA,NA,NA,NA,NA
"ABprpapaapp","SIBVR",305,6000,NA,NA,NA,NA,NA,1,0,0,0,1,NA,NA,NA,NA,NA
"ABprpapap",NA,172,4643,0,0,0,0,0,0,0,0,0,0,0,0,0,0,0
"ABprpapapa",NA,222,4643,1,0,0,0,0,0,0,0,0,0,0,0,0,0,0
"ABprpapapaa","exc_gl_R",291,4643,NA,NA,NA,NA,NA,0,0,0,0,0,NA,NA,NA,NA,NA
"ABprpapapap","AVKR",291,4643,NA,NA,NA,NA,NA,0,0,0,0,0,NA,NA,NA,NA,NA
"ABprpapapp",NA,222,4643,0,0,0,1,0,0,0,0,0,0,0,0,0,0,0
"ABprpapappa","SIAVR",293,4643,NA,NA,NA,NA,NA,0,0,0,0,0,NA,NA,NA,NA,NA
"ABprpapappp","DA8",293,4643,NA,NA,NA,NA,NA,0,1,0,0,0,NA,NA,NA,NA,NA
"ABprpapp",NA,134,2666,0,0,0,0,0,0,0,0,0,0,0,0,0,0,0
"ABprpappa",NA,170,3288,0,0,1,0,0,0,0,0,0,0,0,0,0,0,0
"ABprpappaa",NA,219,3288,1,0,1,1,0,0,0,0,0,0,0,0,0,0,0
"ABprpappaaa","RIH",287,3288,NA,NA,NA,NA,NA,0,0,0,0,0,NA,NA,NA,NA,NA
"ABprpappaap","AVL",287,3288,NA,NA,NA,NA,NA,0,0,0,0,0,NA,NA,NA,NA,NA
"ABprpappap",NA,219,3288,0,0,0,0,0,0,0,0,0,0,0,0,0,0,0
"ABprpappapa","RIS",289,3288,NA,NA,NA,NA,NA,0,0,0,0,0,NA,NA,NA,NA,NA
"ABprpappapp","DB4",289,3288,NA,NA,NA,NA,NA,0,1,0,1,0,NA,NA,NA,NA,NA
"ABprpappp",NA,170,3355,0,0,1,0,0,0,0,0,0,0,0,0,0,0,0
"ABprpapppa",NA,220,3355,0,0,1,1,1,0,0,0,0,0,0,0,0,0,0
"ABprpapppaa","RIR",295,3355,NA,NA,NA,NA,NA,0,0,0,0,0,NA,NA,NA,NA,NA
"ABprpapppap","AVG",295,3355,NA,NA,NA,NA,NA,0,1,0,0,1,NA,NA,NA,NA,NA
"ABprpapppp",NA,220,3355,0,0,0,0,0,0,0,0,0,0,0,0,0,0,0
"ABprpappppa","virR",292,3355,NA,NA,NA,NA,NA,1,1,1,1,1,NA,NA,NA,NA,NA
"ABprpappppp","virL",292,3355,NA,NA,NA,NA,NA,1,0,1,1,1,NA,NA,NA,NA,NA
"ABprpp",NA,75,1308,0,0,0,1,0,0,0,0,0,0,0,0,0,0,0
"ABprppa",NA,104,4114,0,0,1,1,0,0,0,0,0,0,0,0,NA,0,0
"ABprppaa",NA,137,6777,1,0,0,0,1,0,0,0,0,0,0,0,0,0,0
"ABprppaaa",NA,179,7158,0,0,0,0,0,0,0,0,0,0,0,0,0,0,0
"ABprppaaaa",NA,235,7158,0,0,0,0,0,0,0,0,0,0,0,0,0,0,0
"ABprppaaaaa","SIBDR",298,7158,NA,NA,NA,NA,NA,1,0,0,0,0,NA,NA,NA,NA,NA
"ABprppaaaap",NA,298,7158,0,1,0,0,0,1,0,0,0,0,NA,NA,NA,NA,NA
"ABprppaaaapa","death",400,7158,NA,NA,NA,NA,NA,NA,NA,NA,NA,NA,NA,NA,NA,NA,NA
"ABprppaaaapp","RICR",400,7158,NA,NA,NA,NA,NA,NA,NA,NA,NA,NA,NA,NA,NA,NA,NA
"ABprppaaap","death",235,7158,NA,NA,NA,NA,NA,0,0,1,1,0,NA,NA,NA,NA,NA
"ABprppaap",NA,179,6777,0,0,0,0,0,0,0,0,0,0,0,0,0,0,0
"ABprppaapa",NA,231,6777,0,0,1,0,0,0,0,0,0,0,0,0,0,0,0
"ABprppaapaa","death",317,6777,NA,NA,NA,NA,NA,1,0,0,1,0,NA,NA,NA,NA,NA
"ABprppaapap","RIMR",317,6777,NA,NA,NA,NA,NA,1,1,0,0,0,NA,NA,NA,NA,NA
"ABprppaapp",NA,231,6777,1,0,1,0,1,0,0,0,0,0,0,0,0,0,0
"ABprppaappa","AIAR",309,6777,NA,NA,NA,NA,NA,0,0,0,0,0,NA,NA,NA,NA,NA
"ABprppaappp","DB7",309,6777,NA,NA,NA,NA,NA,0,1,0,1,0,NA,NA,NA,NA,NA
"ABprppap",NA,137,6596,0,0,0,0,1,0,0,0,0,0,0,0,0,0,0
"ABprppapa",NA,176,7831,0,0,0,0,0,0,0,0,0,0,0,0,0,0,0
"ABprppapaa",NA,226,7831,1,0,1,1,0,0,0,0,0,0,0,0,0,0,0
"ABprppapaaa",NA,297,7831,NA,NA,NA,NA,NA,1,1,0,0,0,NA,NA,NA,NA,NA
"ABprppapaaaa","SABVR",400,7831,NA,NA,NA,NA,NA,NA,NA,NA,NA,NA,NA,NA,NA,NA,NA
"ABprppapaaap","RIFR",400,7831,NA,NA,NA,NA,NA,NA,NA,NA,NA,NA,NA,NA,NA,NA,NA
"ABprppapaap","DA1",297,7831,NA,NA,NA,NA,NA,0,1,0,0,1,NA,NA,NA,NA,NA
"ABprppapap",NA,226,7831,0,0,0,0,0,0,0,0,0,0,0,0,0,0,0
"ABprppapapa","DA3",319,7831,NA,NA,NA,NA,NA,0,0,0,0,0,NA,NA,NA,NA,NA
"ABprppapapp","DA5",319,7831,NA,NA,NA,NA,NA,0,0,0,0,1,NA,NA,NA,NA,NA
"ABprppapp",NA,176,7674,0,0,0,0,0,0,0,0,0,0,0,0,0,0,0
"ABprppappa",NA,231,7674,1,0,1,1,0,0,0,0,0,0,0,0,0,0,0
"ABprppappaa","RIGR",309,7674,NA,NA,NA,NA,NA,0,1,0,0,0,NA,NA,NA,NA,NA
"ABprppappap","DD2",309,7674,NA,NA,NA,NA,NA,0,0,0,0,0,NA,NA,NA,NA,NA
"ABprppappp",NA,231,7674,0,1,1,0,0,0,0,0,0,0,0,0,0,0,0
"ABprppapppa","DD4",323,7674,NA,NA,NA,NA,NA,0,0,0,0,0,NA,NA,NA,NA,NA
"ABprppapppp","DD6",323,7674,NA,NA,NA,NA,NA,0,0,1,0,0,NA,NA,NA,NA,NA
"ABprppp",NA,104,1960,0,0,0,0,0,0,0,0,0,0,0,0,0,0,0
"ABprpppa",NA,135,6749,0,0,1,1,0,0,0,0,0,0,0,0,0,0,0
"ABprpppaa",NA,173,8288,1,0,0,0,0,0,0,0,0,0,0,0,0,0,0
"ABprpppaaa",NA,224,8288,1,0,0,1,0,0,0,0,0,0,0,0,0,0,0
"ABprpppaaaa","PDA/Y",303,8288,NA,NA,NA,NA,NA,0,0,0,0,0,NA,NA,NA,NA,NA
"ABprpppaaap","DA7",303,8288,NA,NA,NA,NA,NA,0,0,1,1,0,NA,NA,NA,NA,NA
"ABprpppaap",NA,224,8288,0,0,0,0,0,0,0,0,0,0,0,0,0,0,0
"ABprpppaapa",NA,304,8288,NA,NA,NA,NA,NA,0,0,1,0,1,NA,NA,NA,NA,NA
"ABprpppaapaa","PVCR",400,8288,NA,NA,NA,NA,NA,NA,NA,NA,NA,NA,NA,NA,NA,NA,NA
"ABprpppaapap","LUAR",400,8288,NA,NA,NA,NA,NA,NA,NA,NA,NA,NA,NA,NA,NA,NA,NA
"ABprpppaapp","PHAR",304,8288,NA,NA,NA,NA,NA,1,1,1,0,1,NA,NA,NA,NA,NA
"ABprpppap",NA,173,8382,1,0,0,0,0,0,0,0,0,0,0,0,0,0,0
"ABprpppapa",NA,225,8382,1,1,0,0,1,0,0,0,0,0,0,0,0,0,0
"ABprpppapaa","PHshR",280,8382,NA,NA,NA,NA,NA,0,0,0,0,1,NA,NA,NA,NA,NA
"ABprpppapap","hyp8/9",280,8382,NA,NA,NA,NA,NA,0,0,0,0,1,NA,NA,NA,NA,NA
"ABprpppapp","death",225,8382,NA,NA,NA,NA,NA,0,0,0,0,0,NA,NA,NA,NA,NA
"ABprpppp",NA,135,3783,0,0,0,0,0,0,0,0,0,0,0,0,0,0,0
"ABprppppa",NA,172,4494,0,0,0,0,0,0,0,0,0,0,0,0,0,0,0
"ABprppppaa",NA,220,4494,0,0,0,0,0,0,0,0,0,0,0,0,0,0,0
"ABprppppaaa","PVPR",294,4494,NA,NA,NA,NA,NA,0,0,0,0,0,NA,NA,NA,NA,NA
"ABprppppaap","rect_VR",294,4494,NA,NA,NA,NA,NA,0,1,0,0,1,NA,NA,NA,NA,NA
"ABprppppap",NA,220,4494,0,0,0,1,0,0,0,0,0,0,0,0,0,0,0
"ABprppppapa","B",291,4494,NA,NA,NA,NA,NA,0,0,0,0,0,NA,NA,NA,NA,NA
"ABprppppapp","DVA",291,4494,NA,NA,NA,NA,NA,0,0,0,0,0,NA,NA,NA,NA,NA
"ABprppppp",NA,172,5334,0,0,0,1,0,0,0,0,0,0,0,0,NA,1,0
"ABprpppppa",NA,223,5334,0,0,1,1,0,0,0,0,0,0,0,0,0,0,0
"ABprpppppaa","mu_bod",310,5334,NA,NA,NA,NA,NA,1,NA,NA,1,1,NA,NA,NA,NA,NA
"ABprpppppap","mu_sph",310,5334,NA,NA,NA,NA,NA,1,NA,NA,1,1,NA,NA,NA,NA,NA
"ABprpppppp",NA,223,5334,0,0,0,0,0,0,0,0,0,0,0,0,0,0,0
"ABprppppppa","spike",293,5334,NA,NA,NA,NA,NA,0,0,1,1,0,NA,NA,NA,NA,NA
"ABprppppppp","hyp10",293,5334,NA,NA,NA,NA,NA,0,0,0,1,1,NA,NA,NA,NA,NA
"C",NA,49,4405,1,0,1,0,0,0,0,0,0,0,0,0,0,0,0
"Ca",NA,67,4405,0,0,1,0,0,0,0,0,0,0,0,0,0,0,0
"Caa",NA,94,4405,0,0,0,0,0,0,0,0,0,0,0,0,0,0,0
"Caaa",NA,128,5262,0,0,0,0,0,0,0,0,0,0,0,0,0,0,1
"Caaaa",NA,168,8207,0,0,0,0,0,0,0,0,0,0,0,0,0,0,0
"Caaaaa","hyp7",219,8571,NA,NA,NA,NA,NA,0,0,0,0,0,NA,NA,NA,NA,NA
"Caaaap","hyp7",219,8542,NA,NA,NA,NA,NA,1,0,0,1,0,NA,NA,NA,NA,NA
"Caaap",NA,168,8925,0,0,0,0,0,0,0,0,0,0,0,0,0,0,0
"Caaapa","hyp7",216,9205,NA,NA,NA,NA,NA,0,1,0,1,1,NA,NA,NA,NA,NA
"Caaapp","hyp7",216,9925,NA,NA,NA,NA,NA,1,1,0,1,1,NA,NA,NA,NA,NA
"Caap",NA,128,5003,0,0,0,0,0,0,0,0,0,0,0,0,0,0,0
"Caapa",NA,176,6977,0,0,0,0,0,0,0,0,0,0,0,0,0,0,0
"Caapaa","DVC",306,6977,NA,NA,NA,NA,NA,0,0,1,1,1,NA,NA,NA,NA,NA
"Caapap","death",306,6977,NA,NA,NA,NA,NA,0,0,0,0,0,NA,NA,NA,NA,NA
"Caapp",NA,176,10116,0,0,0,0,0,0,0,0,0,0,0,0,0,0,0
"Caappd","hyp7",231,10116,NA,NA,NA,NA,NA,1,1,1,1,1,NA,NA,NA,NA,NA
"Caappv","PVR",231,10116,NA,NA,NA,NA,NA,0,0,0,0,1,NA,NA,NA,NA,NA
"Cap",NA,94,4405,0,0,0,0,0,0,0,0,0,0,0,0,0,0,0
"Capa",NA,133,8617,0,0,0,0,0,0,0,0,0,0,0,0,0,0,0
"Capaa",NA,189,8617,0,0,0,0,0,0,0,0,0,0,0,0,0,0,0
"Capaaa",NA,247,8617,0,0,0,0,0,0,0,0,0,0,0,0,0,0,0
"Capaaaa","mu_bod",327,8617,NA,NA,NA,NA,NA,0,0,1,1,0,NA,NA,NA,NA,NA
"Capaaap","mu_bod",327,8617,NA,NA,NA,NA,NA,0,0,0,1,1,NA,NA,NA,NA,NA
"Capaap",NA,247,8617,0,0,1,0,1,0,0,0,0,0,0,0,0,0,0
"Capaapa","mu_bod",336,8617,NA,NA,NA,NA,NA,1,1,0,1,0,NA,NA,NA,NA,NA
"Capaapp","mu_bod",336,8617,NA,NA,NA,NA,NA,0,1,0,1,1,NA,NA,NA,NA,NA
"Capap",NA,189,8617,0,0,0,0,0,0,0,0,0,0,0,0,0,0,0
"Capapa",NA,248,8617,0,0,0,0,0,0,0,0,0,0,0,0,0,0,0
"Capapaa","mu_bod",333,8617,NA,NA,NA,NA,NA,1,0,0,1,1,NA,NA,NA,NA,NA
"Capapap","mu_bod",333,8617,NA,NA,NA,NA,NA,1,1,0,1,1,NA,NA,NA,NA,NA
"Capapp",NA,248,8617,0,0,0,0,0,0,0,0,0,0,0,0,0,0,0
"Capappa","mu_bod",343,8617,NA,NA,NA,NA,NA,0,0,1,1,1,NA,NA,NA,NA,NA
"Capappp","mu_bod",343,8617,NA,NA,NA,NA,NA,1,0,1,0,1,NA,NA,NA,NA,NA
"Capp",NA,133,8954,0,0,0,1,0,0,0,0,0,0,0,0,0,0,0
"Cappa",NA,181,8954,0,0,0,0,0,0,0,0,0,0,0,0,0,0,0
"Cappaa",NA,237,8954,0,0,1,0,0,0,0,0,0,0,0,0,0,0,0
"Cappaaa","mu_bod",311,8954,NA,NA,NA,NA,NA,1,0,0,1,1,NA,NA,NA,NA,NA
"Cappaap","mu_bod",311,8954,NA,NA,NA,NA,NA,1,1,0,1,1,NA,NA,NA,NA,NA
"Cappap",NA,237,8954,1,1,1,1,1,0,0,0,0,0,0,0,0,0,0
"Cappapa","mu_bod",320,8954,NA,NA,NA,NA,NA,1,1,1,1,1,NA,NA,NA,NA,NA
"Cappapp","mu_bod",320,8954,NA,NA,NA,NA,NA,0,1,0,1,0,NA,NA,NA,NA,NA
"Cappp",NA,181,8954,0,0,0,0,0,0,0,0,0,0,0,0,0,0,0
"Capppa",NA,242,8954,1,1,1,1,0,0,0,0,0,0,0,0,0,0,1
"Capppaa","mu_bod",323,8954,NA,NA,NA,NA,NA,1,1,NA,1,1,NA,NA,NA,NA,NA
"Capppap","mu_bod",323,8954,NA,NA,NA,NA,NA,0,1,NA,0,1,NA,NA,NA,NA,NA
"Capppp",NA,242,8954,1,0,1,0,0,0,0,0,0,0,0,0,0,0,0
"Cappppd","mu_bod",337,8954,NA,NA,NA,NA,NA,0,0,NA,1,1,NA,NA,NA,NA,NA
"Cappppv","mu_bod",337,8954,NA,NA,NA,NA,NA,0,0,NA,1,0,NA,NA,NA,NA,NA
"Cp",NA,67,4405,0,0,1,0,0,0,0,0,0,0,0,0,0,0,0
"Cpa",NA,94,4405,1,0,1,0,1,0,0,0,0,0,0,0,0,0,0
"Cpaa",NA,127,6733,0,0,0,0,0,0,0,0,0,0,0,0,0,0,0
"Cpaaa",NA,165,12277,0,0,0,0,0,0,0,0,0,0,0,0,0,0,0
"Cpaaaa","hyp7",220,13693,NA,NA,NA,NA,NA,0,0,1,1,0,NA,NA,NA,NA,NA
"Cpaaap","hyp7",220,13128,NA,NA,NA,NA,NA,0,0,0,1,0,NA,NA,NA,NA,NA
"Cpaap",NA,165,13179,0,0,0,0,0,0,0,0,0,0,0,0,0,0,0
"Cpaapa","hyp7",216,13762,NA,NA,NA,NA,NA,1,0,1,1,1,NA,NA,NA,NA,NA
"Cpaapp","hyp7",216,16932,NA,NA,NA,NA,NA,1,0,1,1,1,NA,NA,NA,NA,NA
"Cpap",NA,127,6044,0,0,0,0,0,0,0,0,0,0,0,0,0,0,0
"Cpapa",NA,167,17582,0,0,0,0,0,0,0,0,0,0,0,0,0,0,0
"Cpapaa","hyp7",225,17582,NA,NA,NA,NA,NA,0,0,0,0,0,NA,NA,NA,NA,NA
"Cpapap","hyp7",225,17582,NA,NA,NA,NA,NA,0,0,1,1,0,NA,NA,NA,NA,NA
"Cpapp",NA,167,15184,1,1,0,0,0,0,0,0,0,0,0,0,0,0,0
"Cpappd","hyp7",227,15184,NA,NA,NA,NA,NA,0,0,0,0,0,NA,NA,NA,NA,NA
"Cpappv","hyp11",227,15184,NA,NA,NA,NA,NA,0,0,0,1,1,NA,NA,NA,NA,NA
"Cpp",NA,94,4405,1,0,1,0,0,0,0,0,0,0,0,0,0,0,0
"Cppa",NA,131,9357,0,0,1,0,0,0,0,0,0,0,0,0,0,1,0
"Cppaa",NA,186,9357,1,0,0,1,0,0,0,0,0,0,0,0,0,0,0
"Cppaaa",NA,244,9357,0,0,0,0,0,0,0,0,0,0,0,0,0,0,0
"Cppaaaa","mu_bod",324,9357,NA,NA,NA,NA,NA,1,0,0,1,0,NA,NA,NA,NA,NA
"Cppaaap","mu_bod",324,9357,NA,NA,NA,NA,NA,1,1,0,1,1,NA,NA,NA,NA,NA
"Cppaap",NA,244,9357,0,0,0,1,0,0,0,0,0,0,0,0,0,0,0
"Cppaapa","mu_bod",337,9357,NA,NA,NA,NA,NA,1,0,0,0,0,NA,NA,NA,NA,NA
"Cppaapp","mu_bod",337,9357,NA,NA,NA,NA,NA,0,1,1,1,1,NA,NA,NA,NA,NA
"Cppap",NA,186,9357,0,0,0,0,0,0,0,0,0,0,0,0,0,0,0
"Cppapa",NA,245,9357,1,0,1,0,0,0,0,0,0,0,0,0,0,0,0
"Cppapaa","mu_bod",331,9357,NA,NA,NA,NA,NA,1,1,1,1,1,NA,NA,NA,NA,NA
"Cppapap","mu_bod",331,9357,NA,NA,NA,NA,NA,1,1,0,1,1,NA,NA,NA,NA,NA
"Cppapp",NA,245,9357,1,0,1,0,0,0,0,0,0,0,0,0,0,0,0
"Cppappa","mu_bod",340,9357,NA,NA,NA,NA,NA,0,0,0,1,1,NA,NA,NA,NA,NA
"Cppappp","mu_bod",340,9357,NA,NA,NA,NA,NA,1,0,1,1,1,NA,NA,NA,NA,NA
"Cppp",NA,131,11458,0,0,1,1,0,0,0,0,0,0,0,0,0,0,0
"Cpppa",NA,178,12894,0,0,0,0,0,0,0,0,0,0,0,0,0,0,0
"Cpppaa",NA,233,12894,0,0,0,0,0,0,0,0,0,0,0,0,0,0,0
"Cpppaaa","mu_bod",303,12894,NA,NA,NA,NA,NA,1,0,1,1,0,NA,NA,NA,NA,NA
"Cpppaap","mu_bod",303,12894,NA,NA,NA,NA,NA,1,1,1,1,1,NA,NA,NA,NA,NA
"Cpppap",NA,233,12894,0,0,0,0,0,0,0,0,0,0,0,0,0,0,0
"Cpppapa","mu_bod",317,12894,NA,NA,NA,NA,NA,1,1,1,1,1,NA,NA,NA,NA,NA
"Cpppapp","mu_bod",317,12894,NA,NA,NA,NA,NA,0,1,1,1,1,NA,NA,NA,NA,NA
"Cpppp",NA,178,11458,0,0,0,0,0,0,0,0,0,0,0,0,0,0,0
"Cppppa",NA,237,11458,0,0,1,0,0,0,0,0,0,0,0,0,0,0,0
"Cppppaa","mu_bod",317,11458,NA,NA,NA,NA,NA,1,1,1,1,1,NA,NA,NA,NA,NA
"Cppppap","mu_bod",317,11458,NA,NA,NA,NA,NA,1,1,0,1,1,NA,NA,NA,NA,NA
"Cppppp",NA,237,11458,1,0,1,0,0,0,0,0,0,0,0,0,0,0,0
"Cpppppd","mu_bod",329,11458,NA,NA,NA,NA,NA,0,0,0,1,0,NA,NA,NA,NA,NA
"Cpppppv","mu_bod",329,11458,NA,NA,NA,NA,NA,0,0,1,1,0,NA,NA,NA,NA,NA
"D",NA,75,4405,0,0,0,0,0,0,0,0,0,0,0,1,0,0,0
"Da",NA,114,4405,0,0,0,0,0,0,0,0,0,0,0,0,0,0,0
"Daa",NA,161,4405,0,0,0,0,0,0,0,0,0,0,0,0,0,0,0
"Daaa",NA,214,8029,1,0,0,0,1,0,0,0,0,0,0,0,0,0,0
"Daaaa","mu_bod",276,8029,NA,NA,NA,NA,NA,0,0,0,0,0,NA,NA,NA,NA,NA
"Daaap","mu_bod",276,8029,NA,NA,NA,NA,NA,0,0,0,0,0,NA,NA,NA,NA,NA
"Daap",NA,214,7060,0,0,0,0,1,0,0,0,0,0,0,0,0,0,0
"Daapa","mu_bod",281,7060,NA,NA,NA,NA,NA,0,0,0,0,0,NA,NA,NA,NA,NA
"Daapp","mu_bod",281,7060,NA,NA,NA,NA,NA,0,0,0,0,0,NA,NA,NA,NA,NA
"Dap",NA,161,4405,0,0,0,0,0,0,0,0,0,0,1,0,0,0,0
"Dapa",NA,208,8980,0,0,0,0,0,0,0,0,0,0,0,0,0,0,0
"Dapaa","mu_bod",271,8980,NA,NA,NA,NA,NA,0,0,0,1,0,NA,NA,NA,NA,NA
"Dapap","mu_bod",271,8980,NA,NA,NA,NA,NA,1,0,1,1,1,NA,NA,NA,NA,NA
"Dapp",NA,208,7872,0,0,0,0,0,0,0,0,0,0,0,0,0,0,0
"Dappa",NA,268,7872,0,0,1,0,0,0,0,0,0,0,0,0,0,0,0
"Dappaa","mu_bod",352,7872,NA,NA,NA,NA,NA,1,0,NA,1,1,NA,NA,NA,NA,NA
"Dappap","mu_bod",352,7872,NA,NA,NA,NA,NA,1,0,NA,1,1,NA,NA,NA,NA,NA
"Dappp",NA,268,7872,0,0,0,0,1,0,0,1,0,0,0,0,0,0,0
"Dapppa","mu_bod",363,7872,NA,NA,NA,NA,NA,1,0,NA,1,1,NA,NA,NA,NA,NA
"Dapppp","mu_bod",363,7872,NA,NA,NA,NA,NA,1,0,NA,1,1,NA,NA,NA,NA,NA
"Dp",NA,114,4405,0,0,0,0,0,0,0,0,0,0,0,0,0,0,0
"Dpa",NA,161,4405,0,0,0,1,1,0,0,0,0,0,0,0,0,0,0
"Dpaa",NA,213,7814,0,0,0,0,0,0,0,0,0,0,0,0,0,0,0
"Dpaaa","mu_bod",279,7814,NA,NA,NA,NA,NA,0,0,0,0,1,NA,NA,NA,NA,NA
"Dpaap","mu_bod",279,7814,NA,NA,NA,NA,NA,1,0,1,1,1,NA,NA,NA,NA,NA
"Dpap",NA,213,4706,0,0,0,0,0,0,0,0,0,0,0,0,0,0,0
"Dpapa","mu_bod",280,4706,NA,NA,NA,NA,NA,0,0,0,0,0,NA,NA,NA,NA,NA
"Dpapp","mu_bod",280,4706,NA,NA,NA,NA,NA,0,0,0,0,0,NA,NA,NA,NA,NA
"Dpp",NA,161,4405,0,0,0,1,1,0,0,0,0,0,0,0,0,0,0
"Dppa",NA,207,7321,0,0,1,1,0,0,0,0,0,0,0,0,0,0,0
"Dppaa","mu_bod",274,7321,NA,NA,NA,NA,NA,1,0,0,0,1,NA,NA,NA,NA,NA
"Dppap","mu_bod",274,7321,NA,NA,NA,NA,NA,1,0,1,1,1,NA,NA,NA,NA,NA
"Dppp",NA,207,8980,0,0,0,1,0,0,0,0,0,0,0,0,0,0,0
"Dpppa",NA,269,8980,0,0,0,0,0,0,0,1,0,0,0,0,0,0,0
"Dpppaa","mu_bod",353,8980,NA,NA,NA,NA,NA,1,NA,NA,1,1,NA,NA,NA,NA,NA
"Dpppap","mu_bod",353,8980,NA,NA,NA,NA,NA,1,NA,NA,1,1,NA,NA,NA,NA,NA
"Dpppp",NA,269,8980,0,0,0,0,0,1,0,1,1,0,NA,NA,NA,NA,NA
"Dppppa","mu_bod",400,8980,NA,NA,NA,NA,NA,NA,NA,NA,NA,NA,NA,NA,NA,NA,NA
"Dppppp","mu_bod",400,8980,NA,NA,NA,NA,NA,NA,NA,NA,NA,NA,NA,NA,NA,NA,NA
"E",NA,46,1885,0,0,0,0,0,0,0,0,0,0,0,0,0,1,0
"EMS",NA,23,1485,0,0,0,0,0,0,0,0,0,0,0,0,0,0,0
"Ea",NA,63,1885,0,0,1,0,0,0,0,0,0,0,0,0,0,0,0
"Eal",NA,108,3925,0,0,1,0,0,0,0,0,0,0,0,0,0,0,0
"Eala",NA,155,9416,0,0,0,1,1,0,0,0,0,0,0,0,0,0,0
"Ealaa",NA,224,12653,0,1,0,0,1,0,0,0,1,0,NA,NA,NA,NA,NA
"Ealaad","int",400,12653,NA,NA,NA,NA,NA,NA,NA,NA,NA,NA,NA,NA,NA,NA,NA
"Ealaav","int",400,12653,NA,NA,NA,NA,NA,NA,NA,NA,NA,NA,NA,NA,NA,NA,NA
"Ealap","int",224,11891,NA,NA,NA,NA,NA,0,0,0,0,0,NA,NA,NA,NA,NA
"Ealapa",NA,NA,11891,NA,NA,NA,NA,NA,NA,NA,NA,NA,NA,NA,NA,NA,NA,NA
"Ealapp",NA,NA,11891,NA,NA,NA,NA,NA,NA,NA,NA,NA,NA,NA,NA,NA,NA,NA
"Ealp",NA,155,8461,1,0,0,0,0,0,0,0,0,0,0,0,0,0,0
"Ealpa","int",227,8461,NA,NA,NA,NA,NA,1,0,1,1,1,NA,NA,NA,NA,NA
"Ealpp","int",227,10589,NA,NA,NA,NA,NA,1,0,0,1,0,NA,NA,NA,NA,NA
"Ealppa",NA,NA,10589,NA,NA,NA,NA,NA,NA,NA,NA,NA,NA,NA,NA,NA,NA,NA
"Ealppp",NA,NA,10589,NA,NA,NA,NA,NA,NA,NA,NA,NA,NA,NA,NA,NA,NA,NA
"Ear",NA,108,3742,0,1,1,0,0,0,0,0,0,0,0,0,0,0,0
"Eara",NA,157,11574,1,0,0,0,0,0,0,0,0,0,0,0,0,0,0
"Earaa",NA,230,11574,0,1,0,0,1,0,0,0,1,0,NA,NA,NA,NA,NA
"Earaad","int",400,11574,NA,NA,NA,NA,NA,NA,NA,NA,NA,NA,NA,NA,NA,NA,NA
"Earaav","int",400,11574,NA,NA,NA,NA,NA,NA,NA,NA,NA,NA,NA,NA,NA,NA,NA
"Earap","int",230,12745,NA,NA,NA,NA,NA,0,0,0,1,0,NA,NA,NA,NA,NA
"Earapa",NA,NA,12745,NA,NA,NA,NA,NA,NA,NA,NA,NA,NA,NA,NA,NA,NA,NA
"Earapp",NA,NA,12745,NA,NA,NA,NA,NA,NA,NA,NA,NA,NA,NA,NA,NA,NA,NA
"Earp",NA,157,9311,1,0,0,1,1,0,0,0,0,0,0,0,0,0,0
"Earpa","int",232,9311,NA,NA,NA,NA,NA,1,0,1,1,1,NA,NA,NA,NA,NA
"Earpp","int",232,9509,NA,NA,NA,NA,NA,1,0,1,1,1,NA,NA,NA,NA,NA
"Earppa",NA,NA,9509,NA,NA,NA,NA,NA,NA,NA,NA,NA,NA,NA,NA,NA,NA,NA
"Earppp",NA,NA,9509,NA,NA,NA,NA,NA,NA,NA,NA,NA,NA,NA,NA,NA,NA,NA
"Ep",NA,63,1885,0,0,0,0,0,0,0,0,0,0,0,0,0,0,0
"Epl",NA,110,5675,0,0,1,0,0,0,0,0,0,0,0,0,0,0,0
"Epla",NA,160,11204,0,0,1,0,0,0,0,0,0,0,0,0,0,0,0
"Eplaa","int",232,14413,NA,NA,NA,NA,NA,0,0,0,1,0,NA,NA,NA,NA,NA
"Eplaaa",NA,NA,14413,NA,NA,NA,NA,NA,NA,NA,NA,NA,NA,NA,NA,NA,NA,NA
"Eplaap",NA,NA,14413,NA,NA,NA,NA,NA,NA,NA,NA,NA,NA,NA,NA,NA,NA,NA
"Eplap","int",232,12967,NA,NA,NA,NA,NA,0,0,0,1,0,NA,NA,NA,NA,NA
"Eplapa",NA,NA,12967,NA,NA,NA,NA,NA,NA,NA,NA,NA,NA,NA,NA,NA,NA,NA
"Eplapp",NA,NA,12967,NA,NA,NA,NA,NA,NA,NA,NA,NA,NA,NA,NA,NA,NA,NA
"Eplp",NA,160,10010,1,0,0,0,0,0,0,0,0,0,0,0,0,0,0
"Eplpa","int",238,11023,NA,NA,NA,NA,NA,0,0,0,1,1,NA,NA,NA,NA,NA
"Eplpaa",NA,NA,11023,NA,NA,NA,NA,NA,NA,NA,NA,NA,NA,NA,NA,NA,NA,NA
"Eplpap",NA,NA,11023,NA,NA,NA,NA,NA,NA,NA,NA,NA,NA,NA,NA,NA,NA,NA
"Eplpp",NA,238,10451,0,0,0,0,0,0,1,1,1,1,NA,NA,NA,NA,NA
"Eplppa","int",400,10451,NA,NA,NA,NA,NA,NA,NA,NA,NA,NA,NA,NA,NA,NA,NA
"Eplppaa",NA,NA,10451,NA,NA,NA,NA,NA,NA,NA,NA,NA,NA,NA,NA,NA,NA,NA
"Eplppap",NA,NA,10451,NA,NA,NA,NA,NA,NA,NA,NA,NA,NA,NA,NA,NA,NA,NA
"Eplppp","int",400,10451,NA,NA,NA,NA,NA,NA,NA,NA,NA,NA,NA,NA,NA,NA,NA
"Eplpppa",NA,NA,10451,NA,NA,NA,NA,NA,NA,NA,NA,NA,NA,NA,NA,NA,NA,NA
"Eplpppp",NA,NA,10451,NA,NA,NA,NA,NA,NA,NA,NA,NA,NA,NA,NA,NA,NA,NA
"Epr",NA,110,4642,0,0,0,0,0,0,0,0,0,0,0,0,0,0,0
"Epra",NA,161,11761,1,1,1,1,0,0,0,0,0,0,0,0,0,0,0
"Epraa","int",235,13943,NA,NA,NA,NA,NA,1,0,0,1,0,NA,NA,NA,NA,NA
"Epraaa",NA,NA,13943,NA,NA,NA,NA,NA,NA,NA,NA,NA,NA,NA,NA,NA,NA,NA
"Epraap",NA,NA,13943,NA,NA,NA,NA,NA,NA,NA,NA,NA,NA,NA,NA,NA,NA,NA
"Eprap","int",235,15502,NA,NA,NA,NA,NA,1,0,0,1,0,NA,NA,NA,NA,NA
"Eprapa",NA,NA,15502,NA,NA,NA,NA,NA,NA,NA,NA,NA,NA,NA,NA,NA,NA,NA
"Eprapp",NA,NA,15502,NA,NA,NA,NA,NA,NA,NA,NA,NA,NA,NA,NA,NA,NA,NA
"Eprp",NA,161,12413,1,0,0,0,0,0,0,0,0,0,0,0,0,0,0
"Eprpa","int",241,12413,NA,NA,NA,NA,NA,0,0,1,1,0,NA,NA,NA,NA,NA
"Eprpaa",NA,NA,12413,NA,NA,NA,NA,NA,NA,NA,NA,NA,NA,NA,NA,NA,NA,NA
"Eprpap",NA,NA,12413,NA,NA,NA,NA,NA,NA,NA,NA,NA,NA,NA,NA,NA,NA,NA
"Eprpp",NA,241,12413,0,1,0,0,0,1,1,1,1,1,NA,NA,NA,NA,NA
"Eprppa","int",400,12413,NA,NA,NA,NA,NA,NA,NA,NA,NA,NA,NA,NA,NA,NA,NA
"Eprppaa",NA,NA,12413,NA,NA,NA,NA,NA,NA,NA,NA,NA,NA,NA,NA,NA,NA,NA
"Eprppap",NA,NA,12413,NA,NA,NA,NA,NA,NA,NA,NA,NA,NA,NA,NA,NA,NA,NA
"Eprppp","int",400,12413,NA,NA,NA,NA,NA,NA,NA,NA,NA,NA,NA,NA,NA,NA,NA
"Eprpppa",NA,NA,12413,NA,NA,NA,NA,NA,NA,NA,NA,NA,NA,NA,NA,NA,NA,NA
"Eprpppp",NA,NA,12413,NA,NA,NA,NA,NA,NA,NA,NA,NA,NA,NA,NA,NA,NA,NA
"MS",NA,46,1485,1,0,0,0,0,0,0,0,0,0,0,0,0,0,0
"MSa",NA,62,1485,0,0,0,0,0,0,0,0,0,0,0,0,0,0,0
"MSaa",NA,85,1485,0,0,1,0,0,0,0,0,0,0,0,0,0,0,0
"MSaaa",NA,113,1990,0,0,1,0,0,0,0,0,0,0,0,0,0,0,0
"MSaaaa",NA,145,4019,1,0,1,0,0,0,0,0,0,0,0,0,0,0,0
"MSaaaaa",NA,179,8309,0,0,0,0,0,0,0,0,0,0,0,0,0,0,0
"MSaaaaaa",NA,221,8309,0,1,0,0,0,0,0,1,0,0,NA,NA,NA,NA,NA
"MSaaaaaal","GLRDL",400,8309,NA,NA,NA,NA,NA,NA,NA,NA,NA,NA,NA,NA,NA,NA,NA
"MSaaaaaar","GLRDR",400,8309,NA,NA,NA,NA,NA,NA,NA,NA,NA,NA,NA,NA,NA,NA,NA
"MSaaaaap",NA,221,8309,0,0,0,0,0,0,0,0,0,0,0,0,0,0,0
"MSaaaaapa",NA,271,8309,0,0,0,0,0,0,0,0,0,0,0,0,0,0,0
"MSaaaaapaa","I3",346,8309,NA,NA,NA,NA,NA,0,0,0,0,1,NA,NA,NA,NA,NA
"MSaaaaapap","g1P",346,8309,NA,NA,NA,NA,NA,0,0,0,0,0,NA,NA,NA,NA,NA
"MSaaaaapp","m4DL",271,8309,NA,NA,NA,NA,NA,0,0,0,0,0,NA,NA,NA,NA,NA
"MSaaaap",NA,179,6996,0,0,0,0,0,0,0,0,0,0,0,0,0,0,0
"MSaaaapa",NA,225,7680,0,0,0,0,0,0,0,0,0,0,0,0,0,0,0
"MSaaaapaa","I4",287,7680,NA,NA,NA,NA,NA,1,0,1,0,1,NA,NA,NA,NA,NA
"MSaaaapap","m5DL",287,7680,NA,NA,NA,NA,NA,0,0,1,1,1,NA,NA,NA,NA,NA
"MSaaaapp",NA,225,6996,0,0,0,0,0,0,0,0,0,0,0,0,0,0,0
"MSaaaappa","death",300,6996,NA,NA,NA,NA,NA,1,0,1,1,1,NA,NA,NA,NA,NA
"MSaaaappp","m7D",300,6996,NA,NA,NA,NA,NA,0,0,1,1,1,NA,NA,NA,NA,NA
"MSaaap",NA,145,3290,1,1,1,0,1,0,0,0,0,0,0,0,0,0,0
"MSaaapa",NA,183,7296,0,0,0,0,0,0,0,0,0,0,0,0,0,0,0
"MSaaapaa",NA,223,7364,0,0,0,1,0,0,0,0,0,0,0,0,0,0,0
"MSaaapaaa","m3DL",278,7364,NA,1,NA,NA,1,0,0,0,0,0,NA,NA,NA,NA,NA
"MSaaapaaaa",NA,NA,NA,NA,NA,NA,NA,NA,NA,NA,NA,NA,NA,NA,NA,NA,NA,NA
"MSaaapaaap",NA,NA,NA,NA,NA,NA,NA,NA,NA,NA,NA,NA,NA,NA,NA,NA,NA,NA
"MSaaapaap","m4L",278,7364,NA,NA,NA,NA,NA,0,0,0,0,0,NA,NA,NA,NA,NA
"MSaaapap",NA,223,7296,0,0,0,0,0,0,0,0,0,0,0,0,0,0,0
"MSaaapapa","mc3DL",285,7296,NA,NA,NA,NA,NA,1,0,1,0,1,NA,NA,NA,NA,NA
"MSaaapapp","m8",285,7296,NA,NA,NA,NA,NA,1,0,0,1,1,NA,NA,NA,NA,NA
"MSaaapp",NA,183,5239,0,0,0,0,1,0,0,0,0,0,0,0,0,0,0
"MSaaappa","death",259,5239,NA,NA,NA,NA,NA,1,0,0,1,0,NA,NA,NA,NA,NA
"MSaaappp","vpi3D",259,5239,NA,1,NA,NA,NA,1,0,0,1,1,NA,NA,NA,NA,NA
"MSaaapppa",NA,NA,NA,NA,NA,NA,NA,NA,NA,NA,NA,NA,NA,NA,NA,NA,NA,NA
"MSaaapppp",NA,NA,NA,NA,NA,NA,NA,NA,NA,NA,NA,NA,NA,NA,NA,NA,NA,NA
"MSaap",NA,113,1485,0,0,0,0,0,0,0,0,0,0,0,0,0,0,0
"MSaapa",NA,145,1485,0,0,0,0,0,0,0,0,0,0,0,0,0,0,0
"MSaapaa",NA,179,3815,0,0,0,0,0,0,0,0,0,0,0,0,0,0,0
"MSaapaaa",NA,221,3984,1,0,1,1,0,0,0,0,0,0,1,0,0,0,0
"MSaapaaaa","m4VL",282,3984,NA,NA,NA,NA,NA,0,1,1,0,1,NA,NA,NA,NA,NA
"MSaapaaap","m5VL",282,3984,NA,NA,NA,NA,NA,1,0,0,1,0,NA,NA,NA,NA,NA
"MSaapaap",NA,221,6967,1,0,0,1,0,0,0,0,0,0,0,0,0,0,0
"MSaapaapa",NA,276,6967,0,0,0,0,0,0,0,0,1,0,NA,NA,NA,NA,NA
"MSaapaapaa","g1AL",400,6967,NA,NA,NA,NA,NA,NA,NA,NA,NA,NA,NA,NA,NA,NA,NA
"MSaapaapap","death",400,6967,NA,NA,NA,NA,NA,NA,NA,NA,NA,NA,NA,NA,NA,NA,NA
"MSaapaapp","m7VL",276,6967,NA,NA,NA,NA,NA,0,0,0,0,1,NA,NA,NA,NA,NA
"MSaapap",NA,179,2144,0,0,0,0,0,0,0,0,0,0,0,0,0,0,0
"MSaapapa",NA,231,2144,0,0,1,0,0,0,0,0,0,0,0,0,0,0,0
"MSaapapaa","g2L",351,2144,NA,NA,NA,NA,NA,1,0,NA,1,0,NA,NA,NA,NA,NA
"MSaapapap","death",351,2144,NA,NA,NA,NA,NA,1,0,NA,1,0,NA,NA,NA,NA,NA
"MSaapapp",NA,231,2144,1,0,1,0,0,0,0,0,0,0,0,0,0,0,0
"MSaapappa","m6VL",295,2144,NA,NA,NA,NA,NA,0,0,0,0,0,NA,NA,NA,NA,NA
"MSaapappp","vpi2DL",295,2144,NA,NA,NA,NA,NA,0,0,0,1,0,NA,NA,NA,NA,NA
"MSaapp",NA,145,2049,0,0,0,0,0,0,0,0,0,0,0,0,0,0,0
"MSaappa",NA,189,2049,0,0,1,0,0,0,0,0,0,0,0,0,0,0,0
"MSaappaa","vpi2V",276,2049,NA,NA,NA,NA,NA,0,0,0,1,1,NA,NA,NA,NA,NA
"MSaappap","vpi3V",276,2049,NA,NA,NA,NA,NA,0,0,0,1,0,NA,NA,NA,NA,NA
"MSaappp",NA,189,2607,0,0,0,0,0,0,0,0,0,0,0,0,0,0,0
"MSaapppa",NA,266,2607,0,1,0,0,0,0,0,0,0,0,0,0,0,0,0
"MSaapppaa","mu_bod",351,2607,NA,NA,NA,NA,NA,0,NA,NA,0,0,NA,NA,NA,NA,NA
"MSaapppap","mu_bod",351,2607,NA,NA,NA,NA,NA,0,NA,NA,0,0,NA,NA,NA,NA,NA
"MSaapppp",NA,266,2607,0,1,0,0,1,0,0,0,0,0,NA,NA,NA,NA,NA
"MSaappppa","mu_bod",400,2607,NA,NA,NA,NA,NA,NA,NA,NA,NA,NA,NA,NA,NA,NA,NA
"MSaappppp","mu_bod",400,2607,NA,NA,NA,NA,NA,NA,NA,NA,NA,NA,NA,NA,NA,NA,NA
"MSap",NA,85,1747,0,0,1,0,0,0,0,0,0,0,0,0,1,0,0
"MSapa",NA,116,4571,0,0,1,0,0,0,0,0,0,0,0,0,0,0,0
"MSapaa",NA,149,6003,0,0,0,0,0,0,0,0,0,0,0,0,0,0,0
"MSapaaa",NA,189,10174,0,0,0,0,0,0,0,0,0,0,0,0,0,0,0
"MSapaaaa",NA,239,10174,0,0,0,0,0,0,0,0,0,0,NA,NA,NA,NA,NA
"MSapaaaad","GLRL",400,10174,NA,NA,NA,NA,NA,NA,NA,NA,NA,NA,NA,NA,NA,NA,NA
"MSapaaaav","GLRVL",400,10174,NA,NA,NA,NA,NA,NA,NA,NA,NA,NA,NA,NA,NA,NA,NA
"MSapaaap","mu_bod",239,10174,NA,NA,NA,NA,NA,0,1,0,0,0,NA,NA,NA,NA,NA
"MSapaap",NA,189,8719,0,0,0,0,0,0,0,0,0,0,0,0,NA,0,0
"MSapaapa","death",261,8719,NA,NA,NA,NA,NA,0,0,0,0,0,NA,NA,NA,NA,NA
"MSapaapp","M",261,8719,NA,NA,NA,NA,NA,0,0,0,0,0,NA,NA,NA,NA,NA
"MSapap",NA,149,7424,0,0,0,0,0,0,0,0,0,0,0,0,0,0,0
"MSapapa",NA,189,8493,0,0,0,0,0,0,0,0,0,0,NA,1,NA,0,0
"MSapapaa",NA,239,8493,NA,NA,NA,NA,NA,0,0,0,1,0,NA,NA,NA,NA,NA
"MSapapaaa","ccAL",400,8493,NA,NA,NA,NA,NA,NA,NA,NA,NA,NA,NA,NA,NA,NA,NA
"MSapapaap","ccPL",400,8493,NA,NA,NA,NA,NA,NA,NA,NA,NA,NA,NA,NA,NA,NA,NA
"MSapapap","mu_bod",239,8493,NA,NA,NA,NA,NA,0,1,1,1,0,NA,NA,NA,NA,NA
"MSapapp",NA,189,10517,0,0,0,0,0,0,0,0,0,0,0,0,0,0,0
"MSapappa","mu_bod",249,10517,NA,NA,NA,NA,NA,0,0,0,0,0,NA,NA,NA,NA,NA
"MSapappp","mu_bod",249,10517,NA,NA,NA,NA,NA,0,0,0,0,1,NA,NA,NA,NA,NA
"MSapp",NA,116,3018,0,0,1,0,0,0,0,0,0,0,0,0,0,0,0
"MSappa",NA,150,4807,0,0,0,0,0,0,0,0,0,0,0,0,0,0,0
"MSappaa",NA,196,4989,0,0,0,1,0,0,0,0,0,0,0,0,0,0,0
"MSappaaa","hmc",263,4989,NA,NA,NA,NA,NA,0,0,0,0,0,NA,NA,NA,NA,NA
"MSappaap","Z4",263,4989,NA,NA,NA,NA,NA,1,1,0,1,1,NA,NA,NA,NA,NA
"MSappap",NA,196,4807,0,0,0,0,0,0,0,0,0,0,0,0,0,0,0
"MSappapa","death",273,4807,NA,NA,NA,NA,NA,0,0,0,0,0,NA,NA,NA,NA,NA
"MSappapp","mu_bod",273,4807,NA,NA,NA,NA,NA,0,1,0,1,1,NA,NA,NA,NA,NA
"MSappp",NA,150,8868,1,0,1,0,0,0,0,0,0,0,0,0,0,0,0
"MSapppa",NA,200,9218,1,1,0,1,0,0,0,0,0,0,0,0,0,0,0
"MSapppaa","mu_bod",260,9218,NA,NA,NA,NA,NA,0,0,0,0,0,NA,NA,NA,NA,NA
"MSapppap","mu_bod",260,9218,NA,NA,NA,NA,NA,0,0,0,1,1,NA,NA,NA,NA,NA
"MSapppp",NA,200,9820,0,1,0,1,0,0,0,0,0,0,0,0,0,0,0
"MSappppa","mu_bod",265,9820,NA,NA,NA,NA,NA,0,0,0,1,1,NA,NA,NA,NA,NA
"MSappppp","mu_bod",265,9820,NA,NA,NA,NA,NA,0,0,0,1,0,NA,NA,NA,NA,NA
"MSp",NA,62,1485,0,0,1,0,0,0,0,0,0,0,0,0,0,0,0
"MSpa",NA,85,1485,0,0,1,1,0,0,0,0,0,0,0,0,0,0,0
"MSpaa",NA,113,1686,1,0,1,0,0,0,0,0,0,0,0,0,0,0,0
"MSpaaa",NA,146,4518,0,0,0,1,0,0,0,0,0,0,0,0,0,0,0
"MSpaaaa",NA,180,6692,0,0,0,0,0,0,0,0,0,0,0,0,0,0,0
"MSpaaaaa",NA,222,6927,0,0,1,0,1,0,0,0,0,0,0,0,NA,1,0
"MSpaaaaaa","M4",320,6927,NA,NA,NA,NA,NA,1,0,0,0,1,NA,NA,NA,NA,NA
"MSpaaaaap","death",320,6927,NA,NA,NA,NA,NA,0,0,0,0,0,NA,NA,NA,NA,NA
"MSpaaaap",NA,222,7809,0,0,0,0,0,0,0,0,0,0,0,0,0,0,0
"MSpaaaapa","m3DR",278,7809,NA,NA,NA,NA,NA,0,0,0,0,1,NA,NA,NA,NA,NA
"MSpaaaapp","m4DR",278,7809,NA,NA,NA,NA,NA,0,0,0,0,0,NA,NA,NA,NA,NA
"MSpaaap",NA,180,7225,0,0,0,0,0,0,0,0,0,0,0,0,0,0,0
"MSpaaapa",NA,225,7225,1,0,1,1,1,0,0,0,0,0,0,0,0,0,0
"MSpaaapaa","I6",311,7225,NA,NA,NA,NA,NA,0,0,0,0,0,NA,NA,NA,NA,NA
"MSpaaapap","M5",311,7225,NA,NA,NA,NA,NA,0,0,0,1,0,NA,NA,NA,NA,NA
"MSpaaapp",NA,225,7225,1,0,1,1,0,0,0,0,0,0,0,0,0,0,0
"MSpaaappa","m5DR",281,7225,NA,NA,NA,NA,NA,0,0,0,0,0,NA,NA,NA,NA,NA
"MSpaaappp","m6D",281,7225,NA,NA,NA,NA,NA,1,0,0,1,1,NA,NA,NA,NA,NA
"MSpaap",NA,146,2443,0,0,1,1,0,0,0,0,0,0,0,0,0,0,0
"MSpaapa",NA,187,7404,0,0,0,0,0,0,0,0,0,0,0,0,0,0,0
"MSpaapaa",NA,231,7404,1,0,1,0,0,0,0,0,0,0,0,0,0,0,0
"MSpaapaaa","M1",319,7404,NA,NA,NA,NA,NA,0,0,0,0,0,NA,NA,NA,NA,NA
"MSpaapaap","death",319,7404,NA,NA,NA,NA,NA,0,0,0,0,0,NA,NA,NA,NA,NA
"MSpaapap",NA,231,10259,1,0,1,0,1,0,0,0,0,0,0,NA,NA,1,NA
"MSpaapapa","mc3DR",291,10259,NA,NA,NA,NA,NA,0,0,0,0,0,NA,NA,NA,NA,NA
"MSpaapapp","vpi1",291,10259,NA,NA,NA,NA,NA,0,0,0,1,0,NA,NA,NA,NA,NA
"MSpaapp","death",187,2443,NA,NA,NA,NA,NA,0,0,0,0,0,NA,NA,NA,NA,NA
"MSpap",NA,113,1485,0,0,0,1,0,0,0,0,0,0,0,0,0,0,0
"MSpapa",NA,146,1485,0,0,0,0,0,0,0,0,0,0,0,0,0,0,0
"MSpapaa",NA,180,3291,0,0,0,0,0,0,0,0,0,0,0,0,0,0,0
"MSpapaaa",NA,222,3455,1,0,0,0,0,0,0,0,0,0,0,0,0,0,0
"MSpapaaaa","m4VR",283,3455,NA,NA,NA,NA,NA,1,0,0,1,0,NA,NA,NA,NA,NA
"MSpapaaap","m5VR",283,3455,NA,NA,NA,NA,NA,1,1,0,1,0,NA,NA,NA,NA,NA
"MSpapaap",NA,222,3524,0,1,1,0,0,0,0,0,0,0,0,0,0,0,0
"MSpapaapa",NA,277,3524,0,0,0,0,0,1,0,0,1,0,NA,NA,NA,NA,NA
"MSpapaapaa","g1AR",400,3524,NA,NA,NA,NA,NA,NA,NA,NA,NA,NA,NA,NA,NA,NA,NA
"MSpapaapap","death",400,3524,NA,NA,NA,NA,NA,NA,NA,NA,NA,NA,NA,NA,NA,NA,NA
"MSpapaapp","m7VR",277,3524,NA,NA,NA,NA,NA,1,0,1,1,1,NA,NA,NA,NA,NA
"MSpapap",NA,180,1491,0,0,0,0,0,0,0,0,0,0,0,0,NA,0,0
"MSpapapa",NA,231,1937,1,0,0,0,0,0,0,0,0,0,0,0,0,0,0
"MSpapapaa","g2R",343,1937,NA,NA,NA,NA,NA,1,1,1,1,1,NA,NA,NA,NA,NA
"MSpapapap","death",343,1937,NA,NA,NA,NA,NA,1,1,1,1,1,NA,NA,NA,NA,NA
"MSpapapp",NA,231,1972,1,0,0,0,0,0,0,0,0,0,0,0,0,0,0
"MSpapappa","m6VR",295,1972,NA,NA,NA,NA,NA,1,0,0,1,0,NA,NA,NA,NA,NA
"MSpapappp","vpi2DR",295,1972,NA,NA,NA,NA,NA,0,0,0,1,0,NA,NA,NA,NA,NA
"MSpapp",NA,146,1485,0,0,0,0,0,0,0,0,0,0,0,0,0,0,0
"MSpappa",NA,189,1552,1,0,1,0,1,0,0,0,0,0,0,0,1,0,1
"MSpappaa","mu_bod",279,1552,NA,NA,NA,NA,NA,0,1,0,0,0,NA,NA,NA,NA,NA
"MSpappap","mu_bod",279,1552,NA,NA,NA,1,NA,1,1,0,0,1,NA,NA,NA,NA,NA
"MSpappapa",NA,NA,NA,NA,NA,NA,NA,NA,NA,NA,NA,NA,NA,NA,NA,NA,NA,NA
"MSpappapp",NA,NA,NA,NA,NA,NA,NA,NA,NA,NA,NA,NA,NA,NA,NA,NA,NA,NA
"MSpappp",NA,189,2713,0,0,1,0,0,0,0,0,0,0,0,0,0,0,0
"MSpapppa",NA,263,2713,1,0,0,0,1,0,0,0,0,0,0,0,0,0,0
"MSpapppaa","mu_bod",348,2713,NA,NA,NA,NA,NA,0,1,NA,0,NA,NA,NA,NA,NA,NA
"MSpapppap","mu_bod",348,2713,NA,NA,NA,NA,NA,0,1,NA,1,NA,NA,NA,NA,NA,NA
"MSpapppp",NA,263,2713,0,0,0,0,0,0,0,0,0,0,NA,NA,NA,NA,NA
"MSpappppa","mu_bod",400,2713,NA,NA,NA,NA,NA,NA,NA,NA,NA,NA,NA,NA,NA,NA,NA
"MSpappppp","mu_bod",400,2713,NA,NA,NA,NA,NA,NA,NA,NA,NA,NA,NA,NA,NA,NA,NA
"MSpp",NA,85,1485,0,0,0,1,0,0,0,0,0,0,0,0,0,1,0
"MSppa",NA,116,1485,0,0,0,0,0,0,0,0,0,0,0,0,0,0,0
"MSppaa",NA,150,7181,0,0,0,0,0,0,0,0,0,0,0,0,0,0,0
"MSppaaa",NA,190,8035,0,0,0,0,0,0,0,0,0,0,0,0,1,0,0
"MSppaaaa",NA,238,8035,0,0,0,0,0,0,0,0,0,0,NA,NA,NA,NA,NA
"MSppaaaad","GLRR",400,8035,NA,NA,NA,NA,NA,NA,NA,NA,NA,NA,NA,NA,NA,NA,NA
"MSppaaaav","GLRVR",400,8035,NA,NA,NA,NA,NA,NA,NA,NA,NA,NA,NA,NA,NA,NA,NA
"MSppaaap","mu_bod",238,8035,NA,NA,NA,NA,NA,0,0,0,0,0,NA,NA,NA,NA,NA
"MSppaap",NA,190,7181,0,0,0,0,0,0,0,0,0,0,0,0,0,1,0
"MSppaapa","death",263,7181,NA,NA,NA,NA,NA,0,0,0,0,0,NA,NA,NA,NA,NA
"MSppaapp","mu_int_R",263,7181,NA,NA,NA,NA,NA,1,0,0,1,0,NA,NA,NA,NA,NA
"MSppap",NA,150,6666,0,0,1,0,1,0,0,0,0,0,0,0,0,0,0
"MSppapa",NA,189,8036,0,0,0,0,0,0,0,0,0,0,0,0,0,0,0
"MSppapaa",NA,238,8036,NA,NA,NA,NA,NA,0,0,0,0,0,NA,NA,NA,NA,NA
"MSppapaaa","ccAR",400,8036,NA,NA,NA,NA,NA,NA,NA,NA,NA,NA,NA,NA,NA,NA,NA
"MSppapaap","ccPR",400,8036,NA,NA,NA,NA,NA,NA,NA,NA,NA,NA,NA,NA,NA,NA,NA
"MSppapap","mu_bod",238,8036,NA,NA,NA,NA,NA,0,0,0,0,0,NA,NA,NA,NA,NA
"MSppapp",NA,189,9725,1,0,0,0,0,0,0,0,0,0,0,0,0,0,0
"MSppappa","mu_bod",248,9725,NA,NA,NA,NA,NA,1,1,1,1,0,NA,NA,NA,NA,NA
"MSppappp","mu_bod",248,9725,NA,NA,NA,NA,NA,1,0,0,1,1,NA,NA,NA,NA,NA
"MSppp",NA,116,1485,0,0,1,1,0,0,0,0,0,0,0,0,0,0,0
"MSpppa",NA,150,3741,0,0,0,0,0,0,0,0,0,0,0,0,0,0,0
"MSpppaa",NA,194,5657,0,0,0,0,0,0,0,0,0,0,0,0,0,0,0
"MSpppaaa","death",261,5657,NA,NA,NA,NA,NA,0,0,0,0,0,NA,NA,NA,NA,NA
"MSpppaap","Z1",261,5657,NA,NA,NA,NA,NA,0,0,0,0,0,NA,NA,NA,NA,NA
"MSpppap",NA,194,3741,0,0,0,0,0,0,0,0,0,0,0,0,0,0,0
"MSpppapa","death",268,3741,NA,NA,NA,NA,NA,1,1,1,0,1,NA,NA,NA,NA,NA
"MSpppapp","mu_bod",268,3741,NA,NA,NA,NA,NA,0,1,1,1,0,NA,NA,NA,NA,NA
"MSpppp",NA,150,5311,0,0,0,1,0,0,0,0,0,0,0,0,0,0,0
"MSppppa",NA,200,10140,0,1,1,1,1,0,0,0,0,0,0,0,0,0,0
"MSppppaa","mu_bod",261,10140,NA,NA,NA,NA,NA,0,0,0,0,0,NA,NA,NA,NA,NA
"MSppppap","mu_bod",261,10140,NA,NA,NA,NA,NA,1,0,0,1,1,NA,NA,NA,NA,NA
"MSppppp",NA,200,9166,0,0,0,0,1,0,0,0,0,0,0,0,0,0,0
"MSpppppa","mu_bod",266,9166,NA,NA,NA,NA,NA,1,0,0,1,1,NA,NA,NA,NA,NA
"MSpppppp","mu_bod",266,9166,NA,NA,NA,NA,NA,0,0,0,1,1,NA,NA,NA,NA,NA
"P0",NA,NA,0,NA,NA,NA,NA,NA,NA,NA,NA,NA,NA,NA,NA,NA,NA,NA
"P1",NA,3,0,0,0,0,0,0,0,0,0,0,0,NA,NA,NA,NA,NA
"P2",NA,23,4405,0,0,0,0,0,0,0,0,0,0,0,0,0,0,0
"P3",NA,49,4405,1,0,1,0,0,0,0,0,0,0,0,0,0,0,0
"P4",NA,75,4405,0,1,0,0,0,0,0,0,0,0,0,0,0,0,0
"Z2","Z2",142,4405,NA,NA,NA,NA,NA,0,0,0,NA,0,NA,NA,NA,NA,NA
"Z3","Z3",142,4405,NA,NA,NA,NA,NA,0,0,0,NA,0,NA,NA,NA,NA,NA
"ABplaappppa",NA,NA,22215,NA,NA,NA,NA,NA,NA,NA,NA,NA,NA,NA,NA,NA,NA,NA
"ABplaappppp",NA,NA,22215,NA,NA,NA,NA,NA,NA,NA,NA,NA,NA,NA,NA,NA,NA,NA
"MSpppappa",NA,NA,3741,NA,NA,NA,NA,NA,NA,NA,NA,NA,NA,NA,NA,NA,NA,NA
"MSpppappp",NA,NA,3741,NA,NA,NA,NA,NA,NA,NA,NA,NA,NA,NA,NA,NA,NA,NA
"P",NA,NA,0,NA,NA,NA,NA,NA,NA,NA,NA,NA,NA,NA,NA,NA,NA,NA
