Cell	20081128_sulston	20230224_RW10265_tbx-8_die-1_L4	20230224_RW10265_tbx-8_die-1_L3	20230224_RW10265_tbx-8_die-1_L1	20230223_JIM188_tbx-9_die-1_L4	20230222_JIM188_tbx-9_die-1_L1
AB	16	61.8	53	51.7	48.6	54.9
ABa	33	61.8	53	61.2	54.3	54.9
ABal	51	67.9	61.6	72.2	68.6	66.1
ABala	73	83.2	78.7	87.3	84.4	80.5
ABalaa	103	107.6	104.4	109.2	107.2	107.9
ABalaaa	132	138.1	135.3	138	137.3	138.3
ABalaaaa	171	179.3	178.2	180.6	179	178.5
ABalaaaal	239	225.7	224.7	225.9	225.1	222.4
ABalaaaala	324	337.4	322.6	350.8	349.5	329.1
ABalaaaalal	NA	NA	NA	NA	NA	NA
ABalaaaalar	NA	NA	NA	NA	NA	NA
ABalaaaalp	369	330.6	320.7	349.2	333	323.6
ABalaaaalpa	NA	NA	NA	NA	NA	NA
ABalaaaalpp	NA	NA	NA	NA	NA	NA
ABalaaaar	239	227.3	229.9	230.3	225.1	224
ABalaaaarl	314	313.7	311.4	314.5	333	338.1
ABalaaaarla	NA	NA	NA	NA	NA	NA
ABalaaaarlp	NA	NA	NA	NA	NA	NA
ABalaaaarr	314	305.2	311.4	319.3	311.5	321.9
ABalaaaarra	NA	NA	NA	NA	NA	NA
ABalaaaarrp	NA	NA	NA	NA	NA	NA
ABalaaap	171	173.2	172.9	172.3	170.2	173.7
ABalaaapa	229	222.6	223	220.2	222	224
ABalaaapal	284	303.6	298.4	299.1	301.8	302.5
ABalaaapall	NA	NA	NA	NA	NA	NA
ABalaaapalr	NA	NA	NA	NA	NA	NA
ABalaaapar	294	325.4	307.7	320.8	308.3	316.6
ABalaaaparl	NA	NA	NA	NA	NA	NA
ABalaaaparr	NA	NA	NA	NA	NA	NA
ABalaaapp	229	221	219.4	227.4	215.9	222.4
ABalaaappl	294	330.6	305.8	331.8	303.4	334.4
ABalaaappll	NA	NA	NA	NA	NA	NA
ABalaaapplr	NA	NA	NA	NA	NA	NA
ABalaaappr	284	301.9	298.4	309.9	305.1	304.2
ABalaaapprl	NA	NA	NA	NA	NA	NA
ABalaaapprr	NA	NA	NA	NA	NA	NA
ABalaap	132	136.6	137	138	135.9	136.7
ABalaapa	171	174.8	174.8	175.1	174.6	178.5
ABalaapaa	239	227.3	228.2	225.9	223.6	229
ABalaapaaa	324	344.2	315.1	NA	344.6	341.6
ABalaapaaal	NA	NA	NA	NA	NA	NA
ABalaapaaar	NA	NA	NA	NA	NA	NA
ABalaapaap	319	334	317	334.9	331.2	332.6
ABalaapaapa	NA	NA	NA	NA	NA	NA
ABalaapaapp	NA	NA	NA	NA	NA	NA
ABalaapap	239	227.3	226.5	224.5	225.1	229
ABalaapapa	NA	NA	NA	NA	NA	NA
ABalaapapp	294	322.1	309.5	311.4	313.2	320.1
ABalaapappa	NA	NA	NA	NA	NA	NA
ABalaapappp	NA	NA	NA	NA	NA	NA
ABalaapp	171	171.7	171.2	170.9	170.2	172.1
ABalaappa	239	339.1	235.3	265.7	309.9	234
ABalaappaa	NA	NA	NA	NA	NA	NA
ABalaappap	294	NA	313.2	NA	NA	329.1
ABalaappapa	NA	NA	NA	NA	NA	NA
ABalaappapp	NA	NA	NA	NA	NA	NA
ABalaappp	224	224.1	224.7	220.2	219	222.4
ABalaapppa	314	334	326.4	330.2	341.2	345.2
ABalaapppaa	NA	NA	NA	NA	NA	NA
ABalaapppap	NA	NA	NA	NA	NA	NA
ABalaapppp	289	295.3	296.6	286.8	305.1	299
ABalaappppa	409	NA	NA	NA	NA	NA
ABalaappppaa	NA	NA	NA	NA	NA	NA
ABalaappppap	NA	NA	NA	NA	NA	NA
ABalaappppp	NA	NA	NA	NA	NA	NA
ABalap	103	107.6	104.4	109.2	107.2	106.3
ABalapa	132	135.1	133.6	135.3	135.9	136.7
ABalapaa	171	171.7	171.2	172.3	173.2	173.7
ABalapaaa	219	221	224.7	220.2	223.6	225.7
ABalapaaaa	339	366.8	335.8	NA	337.9	361.6
ABalapaaaaa	NA	NA	NA	NA	NA	NA
ABalapaaaap	NA	NA	NA	NA	NA	NA
ABalapaaap	289	310.3	302.1	309.9	301.8	306
ABalapaaapa	NA	NA	NA	NA	NA	NA
ABalapaaapp	NA	NA	NA	NA	NA	NA
ABalapaap	220	219.4	221.3	221.6	222	225.7
ABalapaapa	319	322.1	330.1	322.4	344.6	330.8
ABalapaapaa	NA	NA	NA	NA	NA	NA
ABalapaapap	NA	NA	NA	NA	NA	NA
ABalapaapp	284	295.3	294.7	297.6	305.1	299
ABalapaappa	394	NA	NA	NA	NA	NA
ABalapaappaa	NA	NA	NA	NA	NA	NA
ABalapaappap	NA	NA	NA	NA	NA	NA
ABalapaappp	NA	NA	NA	NA	NA	NA
ABalapap	171	168.7	169.5	170.9	168.8	172.1
ABalapapa	220	219.4	221.3	217.3	219	222.4
ABalapapaa	NA	NA	NA	NA	NA	NA
ABalapapap	284	295.3	296.6	296	292.1	293.7
ABalapapapa	404	NA	NA	NA	NA	NA
ABalapapapaa	NA	NA	NA	NA	NA	NA
ABalapapapap	NA	NA	NA	NA	NA	NA
ABalapapapp	NA	NA	NA	NA	NA	NA
ABalapapp	214	213.1	217.7	220.2	214.5	219.1
ABalapappa	279	273.9	283.7	285.3	277.8	281.5
ABalapappaa	394	NA	NA	NA	NA	NA
ABalapappaaa	NA	NA	NA	NA	NA	NA
ABalapappaap	NA	NA	NA	NA	NA	NA
ABalapappap	NA	NA	NA	NA	NA	NA
ABalapappp	289	298.5	296.6	317.6	303.4	311.2
ABalapapppa	NA	NA	NA	NA	NA	NA
ABalapapppp	NA	NA	NA	NA	NA	NA
ABalapp	132	135.1	133.6	138	135.9	136.7
ABalappa	171	171.7	172.9	177.8	174.6	178.5
ABalappaa	239	228.9	224.7	233.2	232.7	240.6
ABalappaaa	NA	NA	NA	NA	NA	NA
ABalappaap	339	366.8	335.8	NA	346.2	NA
ABalappaapa	NA	NA	NA	NA	NA	NA
ABalappaapp	NA	NA	NA	NA	NA	NA
ABalappap	224	217.9	219.4	224.5	222	227.3
ABalappapa	329	358.1	324.4	NA	349.5	347
ABalappapaa	NA	NA	NA	NA	NA	NA
ABalappapap	NA	NA	NA	NA	NA	NA
ABalappapp	289	293.6	287.4	297.6	293.7	302.5
ABalappappa	NA	NA	NA	NA	NA	NA
ABalappappp	NA	NA	NA	NA	NA	NA
ABalappp	171	168.7	169.5	170.9	167.4	172.1
ABalapppa	220	214.8	217.7	213	211.5	215.7
ABalapppaa	304	301.9	300.3	299.1	298.6	306
ABalapppaaa	NA	NA	NA	NA	NA	NA
ABalapppaap	NA	NA	NA	NA	NA	NA
ABalapppap	284	288.6	283.7	285.3	287.4	283.3
ABalapppapa	404	NA	NA	NA	NA	NA
ABalapppapaa	NA	NA	NA	NA	NA	NA
ABalapppapap	NA	NA	NA	NA	NA	NA
ABalapppapp	NA	NA	NA	NA	NA	NA
ABalapppp	214	213.1	217.7	213	209.9	219.1
ABalappppa	279	273.9	280.1	274.7	268.3	283.3
ABalappppaa	394	NA	NA	NA	NA	NA
ABalappppaaa	NA	NA	NA	NA	NA	NA
ABalappppaap	NA	NA	NA	NA	NA	NA
ABalappppap	NA	NA	NA	NA	NA	NA
ABalappppp	289	296.9	300.3	300.6	295.3	300.7
ABalapppppa	NA	NA	NA	NA	NA	NA
ABalapppppp	NA	NA	NA	NA	NA	NA
ABalp	73	83.2	78.7	87.3	82.9	80.5
ABalpa	103	106.1	104.4	109.2	107.2	106.3
ABalpaa	132	133.5	133.6	133.9	133	133.5
ABalpaaa	171	171.7	174.8	172.3	174.6	172.1
ABalpaaaa	234	225.7	224.7	224.5	225.1	215.7
ABalpaaaaa	319	307	305.8	305.2	300.2	281.5
ABalpaaaaaa	NA	NA	NA	NA	NA	NA
ABalpaaaaap	NA	NA	NA	NA	NA	NA
ABalpaaaap	319	310.3	300.3	305.2	298.6	300.7
ABalpaaaapa	NA	NA	NA	NA	NA	NA
ABalpaaaapp	NA	NA	NA	NA	NA	NA
ABalpaaap	234	219.4	226.5	223.1	223.6	222.4
ABalpaaapa	344	307	303.9	317.6	323.1	314.8
ABalpaaapaa	NA	NA	NA	NA	NA	NA
ABalpaaapap	NA	NA	NA	NA	NA	NA
ABalpaaapp	339	300.3	298.4	305.2	318.1	304.2
ABalpaaappa	NA	NA	NA	NA	NA	NA
ABalpaaappp	NA	NA	NA	NA	NA	NA
ABalpaap	171	165.6	167.8	162.7	164.5	165.6
ABalpaapa	220	203.9	205.5	200.2	202.5	205.9
ABalpaapaa	299	291.9	276.4	271.7	269.9	279.8
ABalpaapaaa	NA	NA	NA	NA	NA	NA
ABalpaapaap	NA	NA	NA	NA	NA	NA
ABalpaapap	279	254.4	254.8	247.9	248	254.1
ABalpaapapa	NA	NA	NA	NA	NA	NA
ABalpaapapp	NA	NA	NA	NA	NA	NA
ABalpaapp	229	213.1	214.2	210.2	213	212.4
ABalpaappa	304	315.3	302.1	296	306.7	304.2
ABalpaappaa	NA	NA	NA	NA	NA	NA
ABalpaappap	NA	NA	NA	NA	NA	NA
ABalpaappp	294	290.3	285.6	291.4	298.6	286.8
ABalpaapppa	NA	NA	NA	NA	NA	NA
ABalpaapppp	NA	NA	NA	NA	NA	NA
ABalpap	132	133.5	133.6	133.9	133	133.5
ABalpapa	171	168.7	169.5	168.2	164.5	168.9
ABalpapaa	224	214.8	219.4	214.4	211.5	222.4
ABalpapaaa	284	280.4	287.4	282.3	281	297.1
ABalpapaaaa	NA	NA	NA	NA	NA	NA
ABalpapaaap	NA	NA	NA	NA	NA	NA
ABalpapaap	309	303.6	305.8	306.8	303.4	304.2
ABalpapaapa	NA	NA	NA	NA	NA	NA
ABalpapaapp	NA	NA	NA	NA	NA	NA
ABalpapap	224	219.4	219.4	215.9	211.5	214.1
ABalpapapa	284	290.3	287.4	288.4	281	286.8
ABalpapapaa	NA	NA	NA	NA	NA	NA
ABalpapapap	389	NA	NA	NA	NA	NA
ABalpapapapa	NA	NA	NA	NA	NA	NA
ABalpapapapp	NA	NA	NA	NA	NA	NA
ABalpapapp	304	300.3	300.3	303.7	300.2	299
ABalpapappa	NA	NA	NA	NA	NA	NA
ABalpapappp	NA	NA	NA	NA	NA	NA
ABalpapp	171	165.6	167.8	164.1	163.1	165.6
ABalpappa	214	205.4	210.8	208.7	207	207.6
ABalpappaa	299	285.3	289.2	286.8	277.8	281.5
ABalpappaaa	NA	NA	NA	NA	NA	NA
ABalpappaap	389	NA	399.4	NA	NA	NA
ABalpappaapa	NA	NA	NA	NA	NA	NA
ABalpappaapp	NA	NA	NA	NA	NA	NA
ABalpappap	269	264	269.1	265.7	268.3	266.1
ABalpappapa	NA	NA	NA	NA	NA	NA
ABalpappapp	NA	NA	NA	NA	NA	NA
ABalpappp	211	206.9	210.8	207.3	202.5	207.6
ABalpapppa	319	323.8	318.8	322.4	318.1	316.6
ABalpapppaa	NA	NA	NA	NA	NA	NA
ABalpapppap	NA	NA	NA	NA	NA	NA
ABalpapppp	259	257.5	263.8	255.2	251.2	255.8
ABalpappppa	NA	NA	NA	NA	NA	NA
ABalpappppp	NA	NA	NA	NA	NA	NA
ABalpp	103	107.6	104.4	109.2	107.2	106.3
ABalppa	132	136.6	135.3	135.3	134.4	138.3
ABalppaa	171	174.8	178.2	176.5	171.8	178.5
ABalppaaa	234	222.6	226.5	225.9	220.5	230.6
ABalppaaaa	NA	NA	NA	NA	NA	NA
ABalppaaap	299	317	317	328.7	316.5	327.3
ABalppaaapa	NA	NA	NA	NA	NA	NA
ABalppaaapp	NA	NA	NA	NA	NA	NA
ABalppaap	229	221	229.9	227.4	222	230.6
ABalppaapa	NA	NA	NA	NA	NA	NA
ABalppaapp	304	311.9	298.4	317.6	301.8	307.7
ABalppaappa	NA	NA	NA	NA	NA	NA
ABalppaappp	NA	NA	NA	NA	NA	NA
ABalppap	171	171.7	171.2	169.5	167.4	172.1
ABalppapa	219	216.3	217.7	214.4	209.9	215.7
ABalppapaa	299	305.2	298.4	297.6	295.3	297.1
ABalppapaaa	NA	NA	NA	NA	NA	NA
ABalppapaap	NA	NA	NA	NA	NA	NA
ABalppapap	294	310.3	298.4	300.6	292.1	300.7
ABalppapapa	NA	NA	NA	NA	NA	NA
ABalppapapp	NA	NA	NA	NA	NA	NA
ABalppapp	214	214.8	216	211.6	208.5	214.1
ABalppappa	289	298.5	298.4	293	295.3	304.2
ABalppappaa	NA	NA	NA	NA	NA	NA
ABalppappap	NA	NA	NA	NA	NA	NA
ABalppappp	284	287	285.6	280.7	281	283.3
ABalppapppa	409	NA	NA	NA	NA	NA
ABalppapppaa	NA	NA	NA	NA	NA	NA
ABalppapppap	NA	NA	NA	NA	NA	NA
ABalppapppp	NA	NA	NA	NA	NA	NA
ABalppp	132	135.1	133.6	135.3	133	135.1
ABalpppa	171	170.2	172.9	169.5	167.4	170.5
ABalpppaa	234	217.9	224.7	221.6	214.5	219.1
ABalpppaaa	314	334	322.6	314.5	329.6	311.2
ABalpppaaaa	NA	NA	NA	NA	NA	NA
ABalpppaaap	NA	NA	NA	NA	NA	NA
ABalpppaap	324	313.7	322.6	323.9	318.1	329.1
ABalpppaapd	NA	NA	NA	NA	NA	NA
ABalpppaapv	NA	NA	NA	NA	NA	NA
ABalpppap	224	216.3	217.7	215.9	208.5	214.1
ABalpppapa	299	301.9	296.6	297.6	289	293.7
ABalpppapad	NA	NA	NA	NA	NA	NA
ABalpppapav	NA	NA	NA	NA	NA	NA
ABalpppapp	284	287	281.9	288.4	289	283.3
ABalpppappa	NA	NA	NA	NA	NA	NA
ABalpppappp	379	NA	362.5	NA	NA	381.8
ABalpppapppa	NA	NA	NA	NA	NA	NA
ABalpppapppp	NA	NA	NA	NA	NA	NA
ABalpppp	171	168.7	169.5	166.8	166	167.3
ABalppppa	220	213.1	216	211.6	209.9	212.4
ABalppppaa	289	301.9	309.5	305.2	305.1	286.8
ABalppppaad	NA	NA	NA	NA	NA	NA
ABalppppaav	NA	NA	NA	NA	NA	NA
ABalppppap	299	295.3	294.7	291.4	287.4	293.7
ABalppppapa	409	NA	NA	NA	NA	NA
ABalppppapaa	NA	NA	NA	NA	NA	NA
ABalppppapap	NA	NA	NA	NA	NA	NA
ABalppppapp	NA	NA	NA	NA	NA	NA
ABalppppp	214	206.9	212.5	205.9	204	205.9
ABalpppppa	279	282	292.8	277.7	277.8	278
ABalpppppaa	NA	NA	NA	NA	NA	NA
ABalpppppap	NA	NA	NA	NA	NA	NA
ABalpppppp	259	259.1	267.3	259.7	258.9	259.2
ABalppppppa	349	339.1	354.7	357.3	341.2	341.6
ABalppppppaa	NA	NA	NA	NA	NA	NA
ABalppppppap	NA	NA	NA	NA	NA	NA
ABalppppppp	349	346	354.7	339.7	333	343.4
ABalpppppppa	NA	NA	NA	NA	NA	NA
ABalpppppppp	NA	NA	NA	NA	NA	NA
ABar	51	67.9	63.3	72.2	68.6	64.5
ABara	73	83.2	78.7	87.3	84.4	80.5
ABaraa	103	106.1	104.4	107.9	107.2	104.7
ABaraaa	132	136.6	133.6	135.3	134.4	135.1
ABaraaaa	171	174.8	172.9	176.5	174.6	173.7
ABaraaaaa	239	224.1	223	227.4	226.6	225.7
ABaraaaaaa	324	315.3	302.1	314.5	316.5	306
ABaraaaaaaa	NA	NA	NA	NA	NA	NA
ABaraaaaaap	NA	NA	NA	NA	NA	NA
ABaraaaaap	329	307	300.3	311.4	309.9	313.1
ABaraaaaapa	NA	NA	NA	NA	NA	NA
ABaraaaaapp	NA	NA	NA	NA	NA	NA
ABaraaaap	244	232	226.5	234.7	235.7	234
ABaraaaapa	324	328.9	311.4	341.2	331.2	343.4
ABaraaaapaa	NA	NA	NA	NA	NA	NA
ABaraaaapap	NA	NA	NA	NA	NA	NA
ABaraaaapp	NA	NA	NA	NA	NA	NA
ABaraaap	171	167.1	172.9	169.5	166	167.3
ABaraaapa	220	205.4	214.2	214.4	205.5	207.6
ABaraaapaa	294	290.3	287.4	306.8	285.7	285
ABaraaapaaa	NA	NA	NA	NA	NA	NA
ABaraaapaap	NA	NA	NA	NA	NA	NA
ABaraaapap	279	264	271	280.7	265.2	262.6
ABaraaapapa	NA	NA	NA	NA	NA	NA
ABaraaapapp	NA	NA	NA	NA	NA	NA
ABaraaapp	231	216.3	219.4	221.6	211.5	222.4
ABaraaappa	304	300.3	317	306.8	311.5	313.1
ABaraaappaa	NA	NA	NA	NA	NA	NA
ABaraaappap	NA	NA	NA	NA	NA	NA
ABaraaappp	299	301.9	294.7	314.5	306.7	325.4
ABaraaapppa	NA	NA	NA	NA	NA	NA
ABaraaapppp	NA	NA	NA	NA	NA	NA
ABaraap	132	135.1	131.8	133.9	134.4	133.5
ABaraapa	171	167.1	167.8	168.2	166	168.9
ABaraapaa	229	210.1	216	213	209.9	212.4
ABaraapaaa	299	290.3	291	286.8	295.3	281.5
ABaraapaaaa	NA	NA	NA	NA	NA	NA
ABaraapaaap	NA	NA	NA	NA	NA	NA
ABaraapaap	284	275.5	280.1	273.2	274.6	272.9
ABaraapaapa	NA	NA	NA	NA	NA	NA
ABaraapaapp	NA	NA	NA	NA	NA	NA
ABaraapap	229	208.6	212.5	213	209.9	209.2
ABaraapapa	279	265.6	271	270.2	269.9	272.9
ABaraapapaa	409	NA	NA	NA	NA	NA
ABaraapapaad	NA	NA	NA	NA	NA	NA
ABaraapapaav	NA	NA	NA	NA	NA	NA
ABaraapapap	NA	NA	NA	NA	NA	NA
ABaraapapp	324	311.9	305.8	314.5	313.2	307.7
ABaraapappa	NA	NA	NA	NA	NA	NA
ABaraapappp	NA	NA	NA	NA	NA	NA
ABaraapp	171	167.1	167.8	165.4	166	165.6
ABaraappa	229	217.9	216	215.9	213	217.5
ABaraappaa	304	303.6	296.6	302.1	295.3	300.7
ABaraappaaa	NA	NA	NA	NA	NA	NA
ABaraappaap	NA	NA	NA	NA	NA	NA
ABaraappap	284	280.4	280.1	283.8	276.2	278
ABaraappapa	NA	NA	NA	NA	NA	NA
ABaraappapp	NA	NA	NA	NA	NA	NA
ABaraappp	229	213.1	212.5	215.9	211.5	210.8
ABaraapppa	279	277.1	265.6	271.7	274.6	283.3
ABaraapppaa	409	NA	NA	NA	NA	NA
ABaraapppaad	NA	NA	NA	NA	NA	NA
ABaraapppaav	NA	NA	NA	NA	NA	NA
ABaraapppap	NA	NA	NA	NA	NA	NA
ABaraapppp	319	298.5	300.3	320.8	311.5	318.4
ABaraappppa	NA	NA	NA	NA	NA	NA
ABaraappppp	NA	NA	NA	NA	NA	NA
ABarap	103	106.1	104.4	109.2	105.8	104.7
ABarapa	132	133.5	133.6	135.3	134.4	135.1
ABarapaa	171	167.1	171.2	169.5	168.8	170.5
ABarapaaa	234	213.1	221.3	218.7	219	220.7
ABarapaaaa	319	288.6	296.6	289.9	293.7	293.7
ABarapaaaaa	NA	NA	NA	NA	NA	NA
ABarapaaaap	NA	NA	NA	NA	NA	NA
ABarapaaap	324	301.9	296.6	297.6	300.2	307.7
ABarapaaapa	NA	NA	NA	NA	NA	NA
ABarapaaapp	NA	NA	NA	NA	NA	NA
ABarapaap	229	206.9	214.2	211.6	211.5	212.4
ABarapaapa	339	303.6	303.9	303.7	306.7	307.7
ABarapaapaa	NA	NA	NA	NA	NA	NA
ABarapaapap	NA	NA	NA	NA	NA	NA
ABarapaapp	284	265.6	271	270.2	263.6	266.1
ABarapaappa	NA	NA	NA	NA	NA	NA
ABarapaappp	NA	NA	NA	NA	NA	NA
ABarapap	171	165.6	169.5	166.8	166	167.3
ABarapapa	214	206.9	214.2	208.7	213	209.2
ABarapapaa	304	290.3	289.2	285.3	300.2	285
ABarapapaaa	NA	NA	NA	NA	NA	NA
ABarapapaap	389	NA	401.3	NA	NA	372.6
ABarapapaapa	NA	NA	NA	NA	NA	NA
ABarapapaapp	NA	NA	NA	NA	NA	NA
ABarapapap	279	277.1	280.1	276.3	289	276.3
ABarapapapa	NA	NA	NA	NA	NA	NA
ABarapapapp	NA	NA	NA	NA	NA	NA
ABarapapp	210	205.4	212.5	207.3	208.5	209.2
ABarapappa	319	330.6	330.1	NA	334.6	352.5
ABarapappaa	NA	NA	NA	NA	NA	NA
ABarapappap	NA	NA	NA	NA	NA	NA
ABarapappp	259	264	271	255.2	258.9	259.2
ABarapapppa	NA	NA	NA	NA	NA	NA
ABarapapppp	NA	NA	NA	NA	NA	NA
ABarapp	132	135.1	133.6	136.7	135.9	133.5
ABarappa	171	170.2	169.5	172.3	170.2	168.9
ABarappaa	229	216.3	219.4	220.2	220.5	217.5
ABarappaaa	304	300.3	302.1	306.8	303.4	297.1
ABarappaaaa	NA	NA	NA	NA	NA	NA
ABarappaaap	NA	NA	NA	NA	NA	NA
ABarappaap	314	308.6	300.3	309.9	311.5	299
ABarappaapa	NA	NA	NA	NA	NA	NA
ABarappaapp	NA	NA	NA	NA	NA	NA
ABarappap	219	217.9	219.4	217.3	214.5	214.1
ABarappapa	294	290.3	285.6	286.8	292.1	285
ABarappapaa	NA	NA	NA	NA	NA	NA
ABarappapap	404	NA	NA	NA	NA	NA
ABarappapapa	NA	NA	NA	NA	NA	NA
ABarappapapp	NA	NA	NA	NA	NA	NA
ABarappapp	299	301.9	292.8	296	300.2	293.7
ABarappappa	NA	NA	NA	NA	NA	NA
ABarappappp	NA	NA	NA	NA	NA	NA
ABarappp	171	167.1	167.8	170.9	168.8	167.3
ABarapppa	220	213.1	217.7	218.7	214.5	214.1
ABarapppaa	294	303.6	294.7	309.9	298.6	299
ABarapppaaa	NA	NA	NA	NA	NA	NA
ABarapppaap	NA	NA	NA	NA	NA	NA
ABarapppap	294	293.6	296.6	302.1	297	290.2
ABarapppapa	NA	NA	NA	NA	NA	NA
ABarapppapp	NA	NA	NA	NA	NA	NA
ABarapppp	219	213.1	214.2	217.3	214.5	210.8
ABarappppa	294	296.9	298.4	299.1	303.4	297.1
ABarappppaa	NA	NA	NA	NA	NA	NA
ABarappppap	NA	NA	NA	NA	NA	NA
ABarappppp	289	287	283.7	285.3	287.4	281.5
ABarapppppa	404	NA	NA	NA	NA	NA
ABarapppppaa	NA	NA	NA	NA	NA	NA
ABarapppppap	NA	NA	NA	NA	NA	NA
ABarapppppp	NA	NA	NA	NA	NA	NA
ABarp	73	83.2	78.7	85.9	82.9	80.5
ABarpa	103	106.1	104.4	109.2	107.2	106.3
ABarpaa	132	132	131.8	132.6	131.6	131.9
ABarpaaa	171	173.2	176.5	177.8	173.2	173.7
ABarpaaaa	239	222.6	228.2	228.8	220.5	220.7
ABarpaaaaa	319	330.6	337.6	355.6	349.5	329.1
ABarpaaaaal	NA	NA	NA	NA	NA	NA
ABarpaaaaar	NA	NA	NA	NA	NA	NA
ABarpaaaap	319	323.8	318.8	331.8	336.2	313.1
ABarpaaaapa	NA	NA	NA	NA	NA	NA
ABarpaaaapp	NA	NA	NA	NA	NA	NA
ABarpaaap	239	227.3	231.8	234.7	228.1	230.6
ABarpaaapa	314	315.3	322.6	NA	336.2	334.4
ABarpaaapaa	NA	NA	NA	NA	NA	NA
ABarpaaapap	NA	NA	NA	NA	NA	NA
ABarpaaapp	NA	NA	NA	NA	NA	NA
ABarpaap	171	167.1	167.8	165.4	164.5	167.3
ABarpaapa	219	214.8	210.8	208.7	205.5	209.2
ABarpaapaa	NA	NA	NA	NA	NA	NA
ABarpaapap	NA	NA	NA	NA	NA	NA
ABarpaapp	214	214.8	216	208.7	205.5	212.4
ABarpaappa	NA	NA	NA	NA	NA	NA
ABarpaappp	NA	NA	NA	NA	NA	NA
ABarpap	132	132	133.6	133.9	133	133.5
ABarpapa	171	164.1	171.2	165.4	166	167.3
ABarpapaa	230	211.6	219.4	217.3	213	219.1
ABarpapaaa	319	320.4	303.9	322.4	319.7	320.1
ABarpapaaaa	NA	NA	NA	NA	NA	NA
ABarpapaaap	NA	NA	NA	NA	NA	NA
ABarpapaap	289	282	285.6	288.4	274.6	285
ABarpapaapa	NA	NA	NA	NA	NA	NA
ABarpapaapp	380	NA	397.5	NA	NA	NA
ABarpapaappa	NA	NA	NA	NA	NA	NA
ABarpapaappp	NA	NA	NA	NA	NA	NA
ABarpapap	229	217.9	224.7	214.4	213	219.1
ABarpapapa	NA	NA	NA	NA	NA	NA
ABarpapapp	NA	NA	NA	NA	NA	NA
ABarpapp	171	167.1	172.9	168.2	166	170.5
ABarpappa	239	211.6	226.5	218.7	217.5	220.7
ABarpappaa	NA	NA	NA	NA	NA	NA
ABarpappap	NA	NA	NA	NA	NA	NA
ABarpappp	219	214.8	219.4	213	208.5	215.7
ABarpapppa	NA	NA	NA	NA	NA	NA
ABarpapppp	NA	NA	NA	NA	NA	NA
ABarpp	103	107.6	106.2	109.2	107.2	106.3
ABarppa	132	133.5	135.3	133.9	134.4	133.5
ABarppaa	171	174.8	176.5	170.9	177.5	172.1
ABarppaaa	234	233.5	238.8	231.7	243.4	227.3
ABarppaaaa	NA	NA	NA	NA	NA	NA
ABarppaaap	NA	NA	NA	NA	NA	NA
ABarppaap	229	232	233.5	225.9	234.2	220.7
ABarppaapa	NA	NA	NA	NA	NA	NA
ABarppaapp	434	NA	NA	NA	NA	NA
ABarppaappa	NA	NA	NA	NA	NA	NA
ABarppaappp	NA	NA	NA	NA	NA	NA
ABarppap	171	179.3	179.9	173.6	176	180.1
ABarppapa	229	277.1	272.8	224.5	226.6	NA
ABarppapaa	NA	NA	NA	NA	NA	NA
ABarppapap	NA	NA	NA	NA	NA	NA
ABarppapp	229	NA	NA	223.1	240.3	NA
ABarppappa	NA	NA	NA	NA	NA	NA
ABarppappp	NA	NA	NA	NA	NA	NA
ABarppp	132	133.5	137	133.9	134.4	135.1
ABarpppa	171	173.2	176.5	172.3	173.2	175.3
ABarpppaa	234	228.9	229.9	223.1	232.7	227.3
ABarpppaaa	NA	NA	NA	NA	NA	NA
ABarpppaap	NA	NA	NA	NA	NA	NA
ABarpppap	229	224.1	228.2	218.7	228.1	225.7
ABarpppapa	NA	NA	NA	NA	NA	NA
ABarpppapp	429	NA	NA	NA	NA	NA
ABarpppappa	NA	NA	NA	NA	NA	NA
ABarpppappp	NA	NA	NA	NA	NA	NA
ABarpppp	171	176.3	181.6	176.5	174.6	176.9
ABarppppa	229	230.4	NA	NA	225.1	230.6
ABarppppaa	NA	NA	NA	NA	NA	NA
ABarppppap	NA	NA	NA	NA	NA	NA
ABarppppp	224	228.9	NA	NA	226.6	234
ABarpppppa	NA	NA	NA	NA	NA	NA
ABarpppppp	NA	NA	NA	NA	NA	NA
ABp	33	61.8	53	61.2	55.7	54.9
ABpl	51	69.5	63.3	72.2	68.6	64.5
ABpla	73	83.2	77	85.9	84.4	80.5
ABplaa	103	106.1	102.7	107.9	107.2	106.3
ABplaaa	132	133.5	130.1	133.9	135.9	133.5
ABplaaaa	171	170.2	169.5	166.8	173.2	172.1
ABplaaaaa	229	221	217.7	213	223.6	220.7
ABplaaaaaa	319	334	335.8	NA	333	320.1
ABplaaaaaaa	NA	NA	NA	NA	NA	NA
ABplaaaaaap	NA	NA	NA	NA	NA	NA
ABplaaaaap	294	290.3	285.6	283.8	293.7	288.5
ABplaaaaapa	NA	NA	NA	NA	NA	NA
ABplaaaaapp	384	NA	401.3	NA	NA	NA
ABplaaaaappa	NA	NA	NA	NA	NA	NA
ABplaaaaappp	NA	NA	NA	NA	NA	NA
ABplaaaap	229	219.4	217.7	213	220.5	220.7
ABplaaaapa	NA	NA	NA	NA	NA	NA
ABplaaaapp	NA	NA	NA	NA	NA	NA
ABplaaap	171	168.7	169.5	169.5	173.2	173.7
ABplaaapa	239	219.4	216	221.6	223.6	220.7
ABplaaapaa	NA	NA	NA	NA	NA	NA
ABplaaapap	NA	NA	NA	NA	NA	NA
ABplaaapp	224	213.1	216	214.4	220.5	222.4
ABplaaappa	NA	NA	NA	NA	NA	NA
ABplaaappp	NA	NA	NA	NA	NA	NA
ABplaap	132	132	130.1	132.6	134.4	131.9
ABplaapa	171	170.2	169.5	169.5	171.8	172.1
ABplaapaa	229	219.4	221.3	214.4	220.5	222.4
ABplaapaaa	309	313.7	307.7	303.7	309.9	306
ABplaapaaaa	NA	NA	NA	NA	NA	NA
ABplaapaaap	NA	NA	NA	NA	NA	NA
ABplaapaap	289	291.9	294.7	289.9	295.3	291.9
ABplaapaapa	NA	NA	NA	NA	NA	NA
ABplaapaapp	NA	NA	NA	NA	NA	NA
ABplaapap	229	217.9	217.7	214.4	215.9	215.7
ABplaapapa	309	308.6	307.7	306.8	319.7	307.7
ABplaapapaa	NA	NA	NA	NA	NA	NA
ABplaapapap	NA	NA	NA	NA	NA	NA
ABplaapapp	284	280.4	285.6	282.3	289	283.3
ABplaapappa	NA	NA	NA	NA	NA	NA
ABplaapappp	394	NA	393.5	NA	NA	NA
ABplaapapppa	NA	NA	NA	NA	NA	NA
ABplaapapppp	NA	NA	NA	NA	NA	NA
ABplaapp	171	165.6	162.7	164.1	168.8	165.6
ABplaappa	229	210.1	210.8	210.2	215.9	212.4
ABplaappaa	NA	NA	NA	NA	NA	NA
ABplaappap	NA	NA	NA	NA	NA	NA
ABplaappp	214	206.9	205.5	205.9	214.5	209.2
ABplaapppa	NA	NA	NA	NA	NA	NA
ABplaapppp	NA	NA	NA	NA	NA	NA
ABplap	103	104.6	102.7	107.9	107.2	104.7
ABplapa	132	132	131.8	132.6	133	131.9
ABplapaa	171	171.7	169.5	173.6	170.2	172.1
ABplapaaa	219	217.9	217.7	218.7	215.9	220.7
ABplapaaaa	309	307	300.3	314.5	301.8	309.5
ABplapaaaaa	NA	NA	NA	NA	NA	NA
ABplapaaaap	419	NA	NA	NA	NA	NA
ABplapaaaapa	NA	NA	NA	NA	NA	NA
ABplapaaaapp	NA	NA	NA	NA	NA	NA
ABplapaaap	304	308.6	302.1	309.9	311.5	304.2
ABplapaaapa	419	NA	NA	NA	NA	NA
ABplapaaapad	NA	NA	NA	NA	NA	NA
ABplapaaapav	NA	NA	NA	NA	NA	NA
ABplapaaapp	NA	NA	NA	NA	NA	NA
ABplapaap	219	219.4	221.3	227.4	220.5	227.3
ABplapaapa	NA	NA	NA	NA	NA	NA
ABplapaapp	NA	NA	NA	NA	NA	NA
ABplapap	171	165.6	167.8	166.8	166	167.3
ABplapapa	214	210.1	212.5	215.9	209.9	214.1
ABplapapaa	549	NA	NA	NA	NA	NA
ABplapapaaa	NA	NA	NA	NA	NA	NA
ABplapapaap	NA	NA	NA	NA	NA	NA
ABplapapap	NA	NA	NA	NA	NA	NA
ABplapapp	214	213.1	212.5	213	213	210.8
ABplapappa	NA	NA	NA	NA	NA	NA
ABplapappp	299	323.8	315.1	305.2	303.4	299
ABplapapppa	NA	NA	NA	NA	NA	NA
ABplapapppp	394	NA	NA	NA	NA	NA
ABplapappppa	479	NA	NA	NA	NA	NA
ABplapappppaa	NA	NA	NA	NA	NA	NA
ABplapappppap	NA	NA	NA	NA	NA	NA
ABplapappppp	NA	NA	NA	NA	NA	NA
ABplapp	132	132	131.8	132.6	133	131.9
ABplappa	171	167.1	172.9	169.5	171.8	170.5
ABplappaa	214	214.8	224.7	220.2	220.5	219.1
ABplappaaa	NA	NA	NA	NA	NA	NA
ABplappaap	NA	NA	NA	NA	NA	NA
ABplappap	214	221	224.7	218.7	222	219.1
ABplappapa	NA	NA	NA	NA	NA	NA
ABplappapp	NA	NA	NA	NA	NA	NA
ABplappp	171	171.7	176.5	172.3	174.6	175.3
ABplapppa	229	221	228.2	227.4	225.1	225.7
ABplapppaa	309	323.8	318.8	320.8	323.1	321.9
ABplapppaaa	NA	NA	NA	NA	NA	NA
ABplapppaap	NA	NA	NA	NA	NA	NA
ABplapppap	289	298.5	300.3	296	297	297.1
ABplapppapa	NA	NA	NA	NA	NA	NA
ABplapppapp	404	NA	NA	NA	NA	NA
ABplapppappa	NA	NA	NA	NA	NA	NA
ABplapppappp	NA	NA	NA	NA	NA	NA
ABplapppp	229	222.6	231.8	230.3	228.1	230.6
ABplappppa	NA	NA	NA	NA	NA	NA
ABplappppp	NA	NA	NA	NA	NA	NA
ABplp	73	83.2	78.7	87.3	84.4	80.5
ABplpa	103	107.6	104.4	109.2	107.2	104.7
ABplpaa	132	135.1	133.6	133.9	134.4	131.9
ABplpaaa	171	168.7	171.2	169.5	166	167.3
ABplpaaaa	219	211.6	214.2	214.4	209.9	210.8
ABplpaaaaa	289	303.6	291	306.8	293.7	297.1
ABplpaaaaaa	NA	NA	NA	NA	NA	NA
ABplpaaaaap	NA	NA	NA	NA	NA	NA
ABplpaaaap	284	285.3	281.9	296	284.1	281.5
ABplpaaaapa	NA	NA	NA	NA	NA	NA
ABplpaaaapp	NA	NA	NA	NA	NA	NA
ABplpaaap	219	214.8	216	218.7	211.5	214.1
ABplpaaapa	304	320.4	317	334.9	328	314.8
ABplpaaapaa	NA	NA	NA	NA	NA	NA
ABplpaaapap	NA	NA	NA	NA	NA	NA
ABplpaaapp	289	290.3	292.8	299.1	290.6	283.3
ABplpaaappa	409	NA	NA	NA	NA	NA
ABplpaaappaa	NA	NA	NA	NA	NA	NA
ABplpaaappap	NA	NA	NA	NA	NA	NA
ABplpaaappp	NA	NA	NA	NA	NA	NA
ABplpaap	171	167.1	167.8	166.8	166	167.3
ABplpaapa	224	210.1	216	214.4	211.5	214.1
ABplpaapaa	304	298.5	292.8	302.1	298.6	307.7
ABplpaapaaa	NA	NA	NA	NA	NA	NA
ABplpaapaap	NA	NA	NA	NA	NA	NA
ABplpaapap	309	298.5	300.3	303.7	298.6	302.5
ABplpaapapa	NA	NA	NA	NA	NA	NA
ABplpaapapp	NA	NA	NA	NA	NA	NA
ABplpaapp	214	206.9	212.5	213	211.5	212.4
ABplpaappa	289	290.3	283.7	296	295.3	297.1
ABplpaappaa	NA	NA	NA	NA	NA	NA
ABplpaappap	NA	NA	NA	NA	NA	NA
ABplpaappp	279	282	280.1	286.8	290.6	290.2
ABplpaapppa	NA	NA	NA	NA	NA	NA
ABplpaapppp	399	NA	NA	NA	NA	NA
ABplpaappppa	NA	NA	NA	NA	NA	NA
ABplpaappppp	NA	NA	NA	NA	NA	NA
ABplpap	132	133.5	133.6	133.9	134.4	131.9
ABplpapa	171	167.1	171.2	168.2	168.8	167.3
ABplpapaa	219	216.3	217.7	218.7	220.5	215.7
ABplpapaaa	304	295.3	294.7	309.9	308.3	299
ABplpapaaaa	NA	NA	NA	NA	NA	NA
ABplpapaaap	NA	NA	NA	NA	NA	NA
ABplpapaap	299	303.6	296.6	305.2	313.2	299
ABplpapaapa	NA	NA	NA	NA	NA	NA
ABplpapaapp	NA	NA	NA	NA	NA	NA
ABplpapap	219	213.1	219.4	220.2	217.5	219.1
ABplpapapa	284	291.9	291	294.5	292.1	288.5
ABplpapapaa	NA	NA	NA	NA	NA	NA
ABplpapapap	NA	NA	NA	NA	NA	NA
ABplpapapp	294	293.6	292.8	300.6	298.6	299
ABplpapappa	NA	NA	NA	NA	NA	NA
ABplpapappp	NA	NA	NA	NA	NA	NA
ABplpapp	171	165.6	167.8	165.4	166	167.3
ABplpappa	209	211.6	216	211.6	211.5	212.4
ABplpappaa	264	272.1	271	265.7	273.1	269.5
ABplpappaaa	NA	NA	NA	NA	NA	NA
ABplpappaap	NA	NA	NA	NA	NA	NA
ABplpappap	NA	NA	NA	NA	NA	NA
ABplpappp	221	216.3	217.7	220.2	217.5	220.7
ABplpapppa	279	295.3	300.3	309.9	300.2	306
ABplpapppaa	NA	NA	NA	NA	NA	NA
ABplpapppap	NA	NA	NA	NA	NA	NA
ABplpapppp	284	301.9	291	316.1	301.8	321.9
ABplpappppa	NA	NA	NA	NA	NA	NA
ABplpappppp	NA	NA	NA	NA	NA	NA
ABplpp	103	107.6	104.4	107.9	108.6	106.3
ABplppa	132	135.1	135.3	135.3	135.9	136.7
ABplppaa	171	171.7	174.8	170.9	174.6	175.3
ABplppaaa	229	222.6	228.2	225.9	229.7	230.6
ABplppaaaa	299	287	291	291.4	295.3	293.7
ABplppaaaaa	NA	NA	NA	NA	NA	NA
ABplppaaaap	404	NA	387.7	NA	NA	380
ABplppaaaapa	NA	NA	NA	NA	NA	NA
ABplppaaaapp	NA	NA	NA	NA	NA	NA
ABplppaaap	NA	NA	NA	NA	NA	NA
ABplppaap	234	224.1	224.7	227.4	234.2	227.3
ABplppaapa	309	318.7	309.5	313	318.1	316.6
ABplppaapaa	NA	NA	NA	NA	NA	NA
ABplppaapap	NA	NA	NA	NA	NA	NA
ABplppaapp	304	303.6	302.1	316.1	313.2	313.1
ABplppaappa	NA	NA	NA	NA	NA	NA
ABplppaappp	NA	NA	NA	NA	NA	NA
ABplppap	171	168.7	172.9	169.5	171.8	173.7
ABplppapa	229	216.3	224.7	221.6	223.6	222.4
ABplppapaa	289	293.6	296.6	297.6	301.8	302.5
ABplppapaaa	409	NA	NA	NA	NA	NA
ABplppapaaaa	NA	NA	NA	NA	NA	NA
ABplppapaaap	NA	NA	NA	NA	NA	NA
ABplppapaap	NA	NA	NA	NA	NA	NA
ABplppapap	314	313.7	309.5	317.6	308.3	316.6
ABplppapapa	NA	NA	NA	NA	NA	NA
ABplppapapp	NA	NA	NA	NA	NA	NA
ABplppapp	229	219.4	229.9	228.8	238.8	229
ABplppappa	309	320.4	320.7	325.5	324.7	323.6
ABplppappaa	NA	NA	NA	NA	NA	NA
ABplppappap	NA	NA	NA	NA	NA	NA
ABplppappp	319	318.7	326.4	336.5	339.5	336.2
ABplppapppa	NA	NA	NA	NA	NA	NA
ABplppapppp	NA	NA	NA	NA	NA	NA
ABplppp	132	133.5	133.6	133.9	134.4	133.5
ABplpppa	171	170.2	169.5	166.8	170.2	168.9
ABplpppaa	224	221	212.5	213	217.5	214.1
ABplpppaaa	289	310.3	294.7	300.6	308.3	299
ABplpppaaaa	NA	NA	NA	NA	NA	NA
ABplpppaaap	NA	NA	NA	NA	NA	NA
ABplpppaap	257	300.3	291	289.9	305.1	290.2
ABplpppaapa	434	NA	NA	NA	NA	NA
ABplpppaapaa	NA	NA	NA	NA	NA	NA
ABplpppaapap	NA	NA	NA	NA	NA	NA
ABplpppaapp	NA	NA	NA	NA	NA	NA
ABplpppap	224	224.1	219.4	215.9	222	217.5
ABplpppapa	274	285.3	292.8	271.7	276.2	288.5
ABplpppapaa	NA	NA	NA	NA	NA	NA
ABplpppapap	NA	NA	NA	NA	NA	NA
ABplpppapp	NA	NA	NA	NA	NA	NA
ABplpppp	171	168.7	169.5	166.8	166	167.3
ABplppppa	219	221	216	215.9	214.5	215.7
ABplppppaa	289	293.6	294.7	296	290.6	286.8
ABplppppaaa	NA	NA	NA	NA	NA	NA
ABplppppaap	NA	NA	NA	NA	NA	NA
ABplppppap	279	295.3	292.8	291.4	292.1	288.5
ABplppppapa	NA	NA	NA	NA	NA	NA
ABplppppapp	NA	NA	NA	NA	NA	NA
ABplppppp	221	224.1	221.3	215.9	220.5	222.4
ABplpppppa	289	328.9	324.4	333.4	331.2	341.6
ABplpppppaa	NA	NA	NA	NA	NA	NA
ABplpppppap	NA	NA	NA	NA	NA	NA
ABplpppppp	289	293.6	294.7	283.8	293.7	291.9
ABplppppppa	NA	NA	NA	NA	NA	NA
ABplppppppp	NA	NA	NA	NA	NA	NA
ABpr	51	67.9	61.6	72.2	68.6	64.5
ABpra	73	83.2	78.7	85.9	84.4	80.5
ABpraa	103	107.6	102.7	109.2	105.8	103.1
ABpraaa	132	136.6	131.8	136.7	135.9	131.9
ABpraaaa	171	174.8	171.2	176.5	177.5	170.5
ABpraaaaa	234	227.3	224.7	225.9	229.7	222.4
ABpraaaaaa	314	334	315.1	322.4	326.3	320.1
ABpraaaaaaa	NA	NA	NA	NA	NA	NA
ABpraaaaaap	NA	NA	NA	NA	NA	NA
ABpraaaaap	324	349.4	330.1	338.1	331.2	345.2
ABpraaaaapd	NA	NA	NA	NA	NA	NA
ABpraaaaapv	NA	NA	NA	NA	NA	NA
ABpraaaap	224	221	216	218.7	223.6	212.4
ABpraaaapa	304	308.6	294.7	311.4	321.3	286.8
ABpraaaapad	NA	NA	NA	NA	NA	NA
ABpraaaapav	NA	NA	NA	NA	NA	NA
ABpraaaapp	284	303.6	283.7	288.4	297	286.8
ABpraaaappa	NA	NA	NA	NA	NA	NA
ABpraaaappp	379	NA	385.7	NA	NA	NA
ABpraaaapppa	NA	NA	NA	NA	NA	NA
ABpraaaapppp	NA	NA	NA	NA	NA	NA
ABpraaap	171	171.7	169.5	170.9	170.2	167.3
ABpraaapa	224	221	221.3	220.2	220.5	215.7
ABpraaapaa	289	311.9	307.7	320.8	306.7	314.8
ABpraaapaad	NA	NA	NA	NA	NA	NA
ABpraaapaav	NA	NA	NA	NA	NA	NA
ABpraaapap	299	300.3	302.1	305.2	295.3	300.7
ABpraaapapa	404	NA	NA	NA	NA	NA
ABpraaapapaa	NA	NA	NA	NA	NA	NA
ABpraaapapap	NA	NA	NA	NA	NA	NA
ABpraaapapp	NA	NA	NA	NA	NA	NA
ABpraaapp	214	211.6	212.5	211.6	211.5	209.2
ABpraaappa	279	295.3	291	289.9	287.4	290.2
ABpraaappaa	NA	NA	NA	NA	NA	NA
ABpraaappap	NA	NA	NA	NA	NA	NA
ABpraaappp	259	265.6	269.1	267.2	265.2	264.3
ABpraaapppa	349	347.7	356.7	NA	346.2	343.4
ABpraaapppaa	NA	NA	NA	NA	NA	NA
ABpraaapppap	NA	NA	NA	NA	NA	NA
ABpraaapppp	349	346	347.1	349.2	353	352.5
ABpraaappppa	NA	NA	NA	NA	NA	NA
ABpraaappppp	NA	NA	NA	NA	NA	NA
ABpraap	132	133.5	131.8	133.9	134.4	131.9
ABpraapa	171	170.2	169.5	169.5	171.8	168.9
ABpraapaa	229	217.9	217.7	217.3	222	217.5
ABpraapaaa	304	301.9	296.6	309.9	309.9	299
ABpraapaaaa	NA	NA	NA	NA	NA	NA
ABpraapaaap	NA	NA	NA	NA	NA	NA
ABpraapaap	289	293.6	289.2	299.1	305.1	288.5
ABpraapaapa	NA	NA	NA	NA	NA	NA
ABpraapaapp	NA	NA	NA	NA	NA	NA
ABpraapap	229	219.4	217.7	218.7	219	215.7
ABpraapapa	309	320.4	309.5	317.6	308.3	311.2
ABpraapapaa	NA	NA	NA	NA	NA	NA
ABpraapapap	NA	NA	NA	NA	NA	NA
ABpraapapp	289	291.9	285.6	283.8	285.7	281.5
ABpraapappa	NA	NA	NA	NA	NA	NA
ABpraapappp	394	NA	399.4	NA	NA	NA
ABpraapapppa	NA	NA	NA	NA	NA	NA
ABpraapapppp	NA	NA	NA	NA	NA	NA
ABpraapp	171	168.7	167.8	166.8	167.4	164
ABpraappa	229	214.8	216	213	214.5	209.2
ABpraappaa	NA	NA	NA	NA	NA	NA
ABpraappap	NA	NA	NA	NA	NA	NA
ABpraappp	219	213.1	216	214.4	214.5	209.2
ABpraapppa	NA	NA	NA	NA	NA	NA
ABpraapppp	NA	NA	NA	NA	NA	NA
ABprap	103	106.1	104.4	107.9	107.2	104.7
ABprapa	132	135.1	133.6	133.9	134.4	133.5
ABprapaa	171	171.7	172.9	169.5	171.8	172.1
ABprapaaa	221	219.4	223	217.3	217.5	222.4
ABprapaaaa	309	313.7	309.5	325.5	306.7	306
ABprapaaaaa	NA	NA	NA	NA	NA	NA
ABprapaaaap	424	NA	NA	NA	NA	NA
ABprapaaaapa	NA	NA	NA	NA	NA	NA
ABprapaaaapp	NA	NA	NA	NA	NA	NA
ABprapaaap	304	311.9	302.1	314.5	313.2	316.6
ABprapaaapa	424	NA	NA	NA	NA	NA
ABprapaaapad	NA	NA	NA	NA	NA	NA
ABprapaaapav	NA	NA	NA	NA	NA	NA
ABprapaaapp	NA	NA	NA	NA	NA	NA
ABprapaap	224	221	228.2	224.5	226.6	229
ABprapaapa	NA	NA	NA	NA	NA	NA
ABprapaapp	NA	NA	NA	NA	NA	NA
ABprapap	171	170.2	167.8	168.2	167.4	168.9
ABprapapa	219	217.9	221.3	215.9	215.9	217.5
ABprapapaa	549	NA	NA	NA	NA	NA
ABprapapaaa	NA	NA	NA	NA	NA	NA
ABprapapaap	NA	NA	NA	NA	NA	NA
ABprapapap	NA	NA	NA	NA	NA	NA
ABprapapp	219	213.1	216	215.9	211.5	217.5
ABprapappa	NA	NA	NA	NA	NA	NA
ABprapappp	299	300.3	326.4	314.5	309.9	323.6
ABprapapppa	NA	NA	NA	NA	NA	NA
ABprapapppp	394	NA	NA	NA	NA	NA
ABprapappppa	479	NA	NA	NA	NA	NA
ABprapappppaa	NA	NA	NA	NA	NA	NA
ABprapappppap	NA	NA	NA	NA	NA	NA
ABprapappppp	NA	NA	NA	NA	NA	NA
ABprapp	132	133.5	133.6	135.3	135.9	133.5
ABprappa	171	171.7	172.9	172.3	177.5	175.3
ABprappaa	217	219.4	223	221.6	226.6	227.3
ABprappaaa	NA	NA	NA	NA	NA	NA
ABprappaap	NA	NA	NA	NA	NA	NA
ABprappap	217	219.4	228.2	225.9	235.7	229
ABprappapa	NA	NA	NA	NA	NA	NA
ABprappapp	NA	NA	NA	NA	NA	NA
ABprappp	171	174.8	174.8	176.5	180.4	173.7
ABprapppa	229	232	226.5	225.9	237.3	225.7
ABprapppaa	309	342.6	317	320.8	334.6	321.9
ABprapppaaa	NA	NA	NA	NA	NA	NA
ABprapppaap	NA	NA	NA	NA	NA	NA
ABprapppap	289	308.6	294.7	302.1	314.9	302.5
ABprapppapa	NA	NA	NA	NA	NA	NA
ABprapppapp	404	NA	NA	NA	NA	NA
ABprapppappa	NA	NA	NA	NA	NA	NA
ABprapppappp	NA	NA	NA	NA	NA	NA
ABprapppp	229	233.5	228.2	231.7	243.4	232.3
ABprappppa	NA	NA	NA	NA	NA	NA
ABprappppp	NA	NA	NA	NA	NA	NA
ABprp	73	83.2	78.7	87.3	84.4	80.5
ABprpa	103	107.6	104.4	109.2	107.2	106.3
ABprpaa	132	135.1	135.3	136.7	135.9	135.1
ABprpaaa	171	170.2	172.9	170.9	168.8	168.9
ABprpaaaa	221	211.6	217.7	217.3	214.5	212.4
ABprpaaaaa	289	298.5	296.6	314.5	301.8	295.4
ABprpaaaaaa	NA	NA	NA	NA	NA	NA
ABprpaaaaap	NA	NA	NA	NA	NA	NA
ABprpaaaap	289	290.3	289.2	294.5	287.4	286.8
ABprpaaaapa	NA	NA	NA	NA	NA	NA
ABprpaaaapp	NA	NA	NA	NA	NA	NA
ABprpaaap	221	216.3	221.3	220.2	215.9	215.7
ABprpaaapa	309	318.7	326.4	330.2	328	325.4
ABprpaaapaa	NA	NA	NA	NA	NA	NA
ABprpaaapap	NA	NA	NA	NA	NA	NA
ABprpaaapp	289	290.3	292.8	289.9	293.7	286.8
ABprpaaappa	405	NA	NA	NA	NA	NA
ABprpaaappaa	NA	NA	NA	NA	NA	NA
ABprpaaappap	NA	NA	NA	NA	NA	NA
ABprpaaappp	NA	NA	NA	NA	NA	NA
ABprpaap	171	167.1	169.5	169.5	168.8	168.9
ABprpaapa	221	213.1	217.7	218.7	215.9	217.5
ABprpaapaa	299	291.9	298.4	308.3	313.2	293.7
ABprpaapaaa	NA	NA	NA	NA	NA	NA
ABprpaapaap	NA	NA	NA	NA	NA	NA
ABprpaapap	299	300.3	311.4	303.7	306.7	295.4
ABprpaapapa	NA	NA	NA	NA	NA	NA
ABprpaapapp	NA	NA	NA	NA	NA	NA
ABprpaapp	214	211.6	216	215.9	214.5	212.4
ABprpaappa	296	291.9	298.4	303.7	298.6	293.7
ABprpaappaa	NA	NA	NA	NA	NA	NA
ABprpaappap	NA	NA	NA	NA	NA	NA
ABprpaappp	289	283.7	291	288.4	289	285
ABprpaapppa	NA	NA	NA	NA	NA	NA
ABprpaapppp	404	NA	NA	NA	NA	NA
ABprpaappppa	NA	NA	NA	NA	NA	NA
ABprpaappppp	NA	NA	NA	NA	NA	NA
ABprpap	132	135.1	133.6	135.3	134.4	133.5
ABprpapa	171	171.7	172.9	170.9	171.8	168.9
ABprpapaa	221	221	224.7	221.6	222	219.1
ABprpapaaa	303	298.5	302.1	306.8	306.7	295.4
ABprpapaaaa	NA	NA	NA	NA	NA	NA
ABprpapaaap	NA	NA	NA	NA	NA	NA
ABprpapaap	299	300.3	307.7	311.4	311.5	311.2
ABprpapaapa	NA	NA	NA	NA	NA	NA
ABprpapaapp	NA	NA	NA	NA	NA	NA
ABprpapap	219	221	221.3	221.6	217.5	214.1
ABprpapapa	284	295.3	294.7	294.5	290.6	285
ABprpapapaa	NA	NA	NA	NA	NA	NA
ABprpapapap	NA	NA	NA	NA	NA	NA
ABprpapapp	289	295.3	294.7	296	295.3	290.2
ABprpapappa	NA	NA	NA	NA	NA	NA
ABprpapappp	NA	NA	NA	NA	NA	NA
ABprpapp	171	168.7	169.5	168.2	167.4	167.3
ABprpappa	214	221	223	223.1	219	212.4
ABprpappaa	284	278.7	292.8	299.1	297	279.8
ABprpappaaa	NA	NA	NA	NA	NA	NA
ABprpappaap	NA	NA	NA	NA	NA	NA
ABprpappap	284	290.3	292.8	299.1	297	283.3
ABprpappapa	NA	NA	NA	NA	NA	NA
ABprpappapp	NA	NA	NA	NA	NA	NA
ABprpappp	221	221	224.7	224.5	219	214.1
ABprpapppa	289	300.3	307.7	317.6	305.1	316.6
ABprpapppaa	NA	NA	NA	NA	NA	NA
ABprpapppap	NA	NA	NA	NA	NA	NA
ABprpapppp	284	295.3	294.7	299.1	293.7	291.9
ABprpappppa	NA	NA	NA	NA	NA	NA
ABprpappppp	NA	NA	NA	NA	NA	NA
ABprpp	103	107.6	106.2	110.6	107.2	106.3
ABprppa	132	136.6	137	136.7	134.4	136.7
ABprppaa	171	173.2	178.2	176.5	176	173.7
ABprppaaa	229	233.5	233.5	231.7	234.2	232.3
ABprppaaaa	297	301.9	298.4	300.6	298.6	300.7
ABprppaaaaa	NA	NA	NA	NA	NA	NA
ABprppaaaap	409	NA	NA	NA	NA	NA
ABprppaaaapa	NA	NA	NA	NA	NA	NA
ABprppaaaapp	NA	NA	NA	NA	NA	NA
ABprppaaap	NA	NA	NA	NA	NA	NA
ABprppaap	234	225.7	229.9	225.9	231.2	230.6
ABprppaapa	314	320.4	318.8	334.9	318.1	323.6
ABprppaapaa	NA	NA	NA	NA	NA	NA
ABprppaapap	NA	NA	NA	NA	NA	NA
ABprppaapp	304	318.7	318.8	319.3	314.9	323.6
ABprppaappa	NA	NA	NA	NA	NA	NA
ABprppaappp	NA	NA	NA	NA	NA	NA
ABprppap	171	171.7	174.8	172.3	171.8	170.5
ABprppapa	229	219.4	223	225.9	223.6	219.1
ABprppapaa	289	305.2	298.4	305.2	301.8	291.9
ABprppapaaa	409	NA	NA	NA	NA	NA
ABprppapaaaa	NA	NA	NA	NA	NA	NA
ABprppapaaap	NA	NA	NA	NA	NA	NA
ABprppapaap	NA	NA	NA	NA	NA	NA
ABprppapap	314	325.4	320.7	320.8	323.1	311.2
ABprppapapa	NA	NA	NA	NA	NA	NA
ABprppapapp	NA	NA	NA	NA	NA	NA
ABprppapp	229	222.6	228.2	228.8	225.1	224
ABprppappa	304	317	317	320.8	319.7	302.5
ABprppappaa	NA	NA	NA	NA	NA	NA
ABprppappap	NA	NA	NA	NA	NA	NA
ABprppappp	319	322.1	337.6	339.7	328	320.1
ABprppapppa	NA	NA	NA	NA	NA	NA
ABprppapppp	NA	NA	NA	NA	NA	NA
ABprppp	132	135.1	135.3	136.7	134.4	135.1
ABprpppa	171	170.2	172.9	169.5	167.4	170.5
ABprpppaa	224	213.1	224.7	220.2	214.5	219.1
ABprpppaaa	289	305.2	305.8	306.8	306.7	300.7
ABprpppaaaa	NA	NA	NA	NA	NA	NA
ABprpppaaap	NA	NA	NA	NA	NA	NA
ABprpppaap	284	300.3	305.8	308.3	297	309.5
ABprpppaapa	434	NA	NA	NA	NA	NA
ABprpppaapaa	NA	NA	NA	NA	NA	NA
ABprpppaapap	NA	NA	NA	NA	NA	NA
ABprpppaapp	NA	NA	NA	NA	NA	NA
ABprpppap	224	227.3	228.2	218.7	219	224
ABprpppapa	274	296.9	294.7	276.3	277.8	288.5
ABprpppapaa	NA	NA	NA	NA	NA	NA
ABprpppapap	NA	NA	NA	NA	NA	NA
ABprpppapp	NA	NA	NA	NA	NA	NA
ABprpppp	171	168.7	171.2	169.5	168.8	170.5
ABprppppa	221	216.3	221.3	218.7	215.9	219.1
ABprppppaa	289	295.3	302.1	297.6	293.7	293.7
ABprppppaaa	NA	NA	NA	NA	NA	NA
ABprppppaap	NA	NA	NA	NA	NA	NA
ABprppppap	279	287	294.7	296	295.3	293.7
ABprppppapa	NA	NA	NA	NA	NA	NA
ABprppppapp	NA	NA	NA	NA	NA	NA
ABprppppp	221	221	223	225.9	234.2	222.4
ABprpppppa	289	322.1	300.3	355.6	NA	314.8
ABprpppppaa	NA	NA	NA	NA	NA	NA
ABprpppppap	NA	NA	NA	NA	NA	NA
ABprpppppp	289	287	292.8	296	309.9	290.2
ABprppppppa	NA	NA	NA	NA	NA	NA
ABprppppppp	NA	NA	NA	NA	NA	NA
C	66	77.1	70.1	80.5	77.1	74.1
Ca	96	98.4	95.9	99.6	98.6	98.2
Caa	134	125.9	125	125.6	127.3	128.7
Caaa	162	161	164.4	157.2	163.1	168.9
Caaaa	214	213.1	219.4	207.3	209.9	220.7
Caaaaa	NA	NA	NA	NA	NA	NA
Caaaap	NA	NA	NA	NA	NA	NA
Caaap	219	205.4	210.8	197.4	204	217.5
Caaapa	NA	NA	NA	NA	NA	NA
Caaapp	NA	NA	NA	NA	NA	NA
Caap	181	173.2	171.2	165.4	176	178.5
Caapa	329	307	296.6	300.6	314.9	295.4
Caapaa	NA	NA	NA	NA	NA	NA
Caapap	NA	NA	NA	NA	NA	NA
Caapp	234	225.7	223	211.6	232.7	235.6
Caappd	NA	NA	NA	NA	NA	NA
Caappv	NA	NA	NA	NA	NA	NA
Cap	134	133.5	133.6	132.6	134.4	133.5
Capa	189	184	188.4	182	183.4	186.6
Capaa	244	232	240.5	236.1	238.8	237.3
Capaaa	319	313.7	322.6	323.9	326.3	321.9
Capaaaa	NA	NA	NA	NA	NA	NA
Capaaap	NA	NA	NA	NA	NA	NA
Capaap	329	328.9	339.6	347.6	336.2	343.4
Capaapa	NA	NA	NA	NA	NA	NA
Capaapp	NA	NA	NA	NA	NA	NA
Capap	244	232	240.5	236.1	238.8	239
Capapa	324	327.2	333.9	331.8	328	325.4
Capapaa	NA	NA	NA	NA	NA	NA
Capapap	NA	NA	NA	NA	NA	NA
Capapp	330	335.7	343.3	346.1	331.2	343.4
Capappa	NA	NA	NA	NA	NA	NA
Capappp	NA	NA	NA	NA	NA	NA
Capp	196	179.3	181.6	175.1	176	178.5
Cappa	239	230.4	235.3	228.8	229.7	237.3
Cappaa	309	303.6	302.1	314.5	300.2	313.1
Cappaaa	NA	NA	NA	NA	NA	NA
Cappaap	NA	NA	NA	NA	NA	NA
Cappap	319	330.6	330.1	336.5	326.3	332.6
Cappapa	NA	NA	NA	NA	NA	NA
Cappapp	NA	NA	NA	NA	NA	NA
Cappp	239	236.8	244.1	244.9	234.2	240.6
Capppa	319	330.6	337.6	NA	331.2	327.3
Capppaa	NA	NA	NA	NA	NA	NA
Capppap	NA	NA	NA	NA	NA	NA
Capppp	329	351.1	345.3	NA	339.5	345.2
Cappppd	NA	NA	NA	NA	NA	NA
Cappppv	NA	NA	NA	NA	NA	NA
Cp	96	103.1	95.9	100.9	98.6	101.5
Cpa	134	125.9	126.7	125.6	125.9	127.1
Cpaa	169	161	162.7	158.6	156	164
Cpaaa	219	216.3	210.8	215.9	217.5	225.7
Cpaaaa	NA	NA	NA	NA	NA	NA
Cpaaap	NA	NA	NA	NA	NA	NA
Cpaap	217	203.9	209.1	210.2	205.5	207.6
Cpaapa	NA	NA	NA	NA	NA	NA
Cpaapp	NA	NA	NA	NA	NA	NA
Cpap	179	162.6	171.2	164.1	160.2	165.6
Cpapa	229	217.9	221.3	225.9	215.9	222.4
Cpapaa	NA	NA	NA	NA	NA	NA
Cpapap	NA	NA	NA	NA	NA	NA
Cpapp	234	214.8	221.3	221.6	215.9	222.4
Cpappd	NA	NA	NA	NA	NA	NA
Cpappv	NA	NA	NA	NA	NA	NA
Cpp	134	130.5	131.8	128.4	130.2	133.5
Cppa	189	184	186.7	176.5	181.9	185
Cppaa	244	232	237	230.3	231.2	237.3
Cppaaa	319	325.4	315.1	314.5	313.2	313.1
Cppaaaa	NA	NA	NA	NA	NA	NA
Cppaaap	NA	NA	NA	NA	NA	NA
Cppaap	329	335.7	328.2	334.9	339.5	330.8
Cppaapa	NA	NA	NA	NA	NA	NA
Cppaapp	NA	NA	NA	NA	NA	NA
Cppap	249	238.3	240.5	228.8	235.7	237.3
Cppapa	324	342.6	333.9	341.2	333	329.1
Cppapaa	NA	NA	NA	NA	NA	NA
Cppapap	NA	NA	NA	NA	NA	NA
Cppapp	331	351.1	337.6	350.8	337.9	338.1
Cppappa	NA	NA	NA	NA	NA	NA
Cppappp	NA	NA	NA	NA	NA	NA
Cppp	189	176.3	181.6	166.8	170.2	178.5
Cpppa	239	225.7	231.8	217.3	219	227.3
Cpppaa	309	301.9	303.9	286.8	292.1	295.4
Cpppaaa	NA	NA	NA	NA	NA	NA
Cpppaap	NA	NA	NA	NA	NA	NA
Cpppap	319	315.3	324.4	313	313.2	313.1
Cpppapa	NA	NA	NA	NA	NA	NA
Cpppapp	NA	NA	NA	NA	NA	NA
Cpppp	239	232	240.5	227.4	229.7	239
Cppppa	319	317	320.7	331.8	314.9	323.6
Cppppaa	NA	NA	NA	NA	NA	NA
Cppppap	NA	NA	NA	NA	NA	NA
Cppppp	329	349.4	335.8	341.2	333	341.6
Cpppppd	NA	NA	NA	NA	NA	NA
Cpppppv	NA	NA	NA	NA	NA	NA
D	115	113.7	109.6	114.7	115.8	115.9
Da	161	158	159.3	158.6	154.5	159.2
Daa	209	203.9	209.1	201.6	199.6	204.3
Daaa	274	254.4	267.3	267.2	255.8	285
Daaaa	NA	NA	NA	NA	NA	NA
Daaap	NA	NA	NA	NA	NA	NA
Daap	274	262.4	272.8	268.7	265.2	281.5
Daapa	NA	NA	NA	NA	NA	NA
Daapp	NA	NA	NA	NA	NA	NA
Dap	199	202.4	205.5	197.4	193.7	202.7
Dapa	269	265.6	272.8	268.7	258.9	276.3
Dapaa	NA	NA	NA	NA	NA	NA
Dapap	NA	NA	NA	NA	NA	NA
Dapp	259	256	269.1	261.3	252.7	260.9
Dappa	341	344.2	360.5	NA	337.9	354.3
Dappaa	NA	NA	NA	NA	NA	NA
Dappap	NA	NA	NA	NA	NA	NA
Dappp	359	356.4	379.8	NA	363	387.4
Dapppa	NA	NA	NA	NA	NA	NA
Dapppp	NA	NA	NA	NA	NA	NA
Dp	161	156.5	157.6	157.2	156	159.2
Dpa	208	203.9	207.4	204.4	196.6	201.1
Dpaa	272	270.5	272.8	270.2	266.8	267.8
Dpaaa	NA	NA	NA	NA	NA	NA
Dpaap	NA	NA	NA	NA	NA	NA
Dpap	274	259.1	274.6	274.7	266.8	274.6
Dpapa	NA	NA	NA	NA	NA	NA
Dpapp	NA	NA	NA	NA	NA	NA
Dpp	199	197.7	203.8	201.6	193.7	197.8
Dppa	264	254.4	272.8	291.4	298.6	267.8
Dppaa	NA	NA	NA	NA	NA	NA
Dppap	NA	NA	NA	NA	NA	NA
Dppp	259	262.4	265.6	264.3	269.9	257.5
Dpppa	339	352.9	351	NA	361.3	347
Dpppaa	NA	NA	NA	NA	NA	NA
Dpppap	NA	NA	NA	NA	NA	NA
Dpppp	359	NA	372.1	NA	NA	357.9
Dppppa	NA	NA	NA	NA	NA	NA
Dppppp	NA	NA	NA	NA	NA	NA
E	62	74	70.1	77.6	74.3	70.9
EMS	39	63.4	54.8	62.6	58.6	56.5
Ea	106	113.7	111.3	113.3	111.5	111.1
Eal	161	161	154.1	153	154.5	156
Eala	235	236.8	229.9	224.5	231.2	237.3
Ealaa	359	NA	NA	NA	NA	NA
Ealaad	NA	NA	NA	NA	NA	NA
Ealaav	NA	NA	NA	NA	NA	NA
Ealap	549	NA	NA	NA	NA	NA
Ealapa	NA	NA	NA	NA	NA	NA
Ealapp	NA	NA	NA	NA	NA	NA
Ealp	235	249.5	228.2	227.4	235.7	229
Ealpa	NA	NA	NA	NA	NA	NA
Ealpp	549	NA	NA	NA	NA	NA
Ealppa	NA	NA	NA	NA	NA	NA
Ealppp	NA	NA	NA	NA	NA	NA
Ear	161	159.5	152.4	153	154.5	154.4
Eara	235	254.4	235.3	227.4	237.3	230.6
Earaa	359	NA	NA	NA	NA	NA
Earaad	NA	NA	NA	NA	NA	NA
Earaav	NA	NA	NA	NA	NA	NA
Earap	549	NA	NA	NA	NA	NA
Earapa	NA	NA	NA	NA	NA	NA
Earapp	NA	NA	NA	NA	NA	NA
Earp	235	252.7	237	228.8	241.8	244.1
Earpa	NA	NA	NA	NA	NA	NA
Earpp	549	NA	NA	NA	NA	NA
Earppa	NA	NA	NA	NA	NA	NA
Earppp	NA	NA	NA	NA	NA	NA
Ep	108	115.3	111.3	116.1	112.9	111.1
Epl	165	161	164.4	158.6	158.8	156
Epla	234	244.7	247.6	246.4	241.8	239
Eplaa	549	NA	NA	NA	NA	NA
Eplaaa	NA	NA	NA	NA	NA	NA
Eplaap	NA	NA	NA	NA	NA	NA
Eplap	549	NA	NA	NA	NA	NA
Eplapa	NA	NA	NA	NA	NA	NA
Eplapp	NA	NA	NA	NA	NA	NA
Eplp	244	254.4	251.2	246.4	238.8	234
Eplpa	549	NA	NA	NA	NA	NA
Eplpaa	NA	NA	NA	NA	NA	NA
Eplpap	NA	NA	NA	NA	NA	NA
Eplpp	369	NA	NA	NA	NA	NA
Eplppa	549	NA	NA	NA	NA	NA
Eplppaa	NA	NA	NA	NA	NA	NA
Eplppap	NA	NA	NA	NA	NA	NA
Eplppp	549	NA	NA	NA	NA	NA
Eplpppa	NA	NA	NA	NA	NA	NA
Eplpppp	NA	NA	NA	NA	NA	NA
Epr	165	162.6	159.3	160	156	156
Epra	234	265.6	249.4	247.9	243.4	237.3
Epraa	549	NA	NA	NA	NA	NA
Epraaa	NA	NA	NA	NA	NA	NA
Epraap	NA	NA	NA	NA	NA	NA
Eprap	549	NA	NA	NA	NA	NA
Eprapa	NA	NA	NA	NA	NA	NA
Eprapp	NA	NA	NA	NA	NA	NA
Eprp	244	260.8	244.1	239	237.3	242.3
Eprpa	549	NA	NA	NA	NA	NA
Eprpaa	NA	NA	NA	NA	NA	NA
Eprpap	NA	NA	NA	NA	NA	NA
Eprpp	369	NA	NA	NA	NA	NA
Eprppa	549	NA	NA	NA	NA	NA
Eprppaa	NA	NA	NA	NA	NA	NA
Eprppap	NA	NA	NA	NA	NA	NA
Eprppp	549	NA	NA	NA	NA	NA
Eprpppa	NA	NA	NA	NA	NA	NA
Eprpppp	NA	NA	NA	NA	NA	NA
MS	59	72.5	66.7	76.3	74.3	70.9
MSa	86	92.3	88.9	94.1	92.9	91.7
MSaa	112	115.3	114.7	116.1	117.3	115.9
MSaaa	145	144.3	145.6	142.1	145.9	146.4
MSaaaa	182	173.2	176.5	170.9	176	176.9
MSaaaaa	229	214.8	214.2	208.7	214.5	217.5
MSaaaaaa	354	365	333.9	NA	NA	376.3
MSaaaaaal	NA	NA	NA	NA	NA	NA
MSaaaaaar	NA	NA	NA	NA	NA	NA
MSaaaaap	279	265.6	263.8	258.2	263.6	271.2
MSaaaaapa	354	342.6	345.3	341.2	341.2	356.1
MSaaaaapaa	NA	NA	NA	NA	NA	NA
MSaaaaapap	NA	NA	NA	NA	NA	NA
MSaaaaapp	NA	NA	NA	NA	NA	NA
MSaaaap	234	221	217.7	211.6	220.5	220.7
MSaaaapa	284	285.3	272.8	271.7	285.7	276.3
MSaaaapaa	NA	NA	NA	NA	NA	NA
MSaaaapap	NA	NA	NA	NA	NA	NA
MSaaaapp	299	305.2	285.6	286.8	300.2	286.8
MSaaaappa	NA	NA	NA	NA	NA	NA
MSaaaappp	NA	NA	NA	NA	NA	NA
MSaaap	189	176.3	178.2	172.3	180.4	178.5
MSaaapa	239	213.1	216	210.2	217.5	215.7
MSaaapaa	284	270.5	267.3	267.2	284.1	264.3
MSaaapaaa	NA	NA	349	NA	NA	345.2
MSaaapaaaa	NA	NA	NA	NA	NA	NA
MSaaapaaap	NA	NA	NA	NA	NA	NA
MSaaapaap	NA	NA	NA	NA	NA	NA
MSaaapap	299	268.9	276.4	273.2	284.1	271.2
MSaaapapa	NA	NA	NA	NA	NA	NA
MSaaapapp	NA	NA	NA	NA	NA	NA
MSaaapp	279	246.3	244.1	236.1	260.5	237.3
MSaaappa	NA	NA	NA	NA	NA	NA
MSaaappp	NA	NA	351	NA	NA	NA
MSaaapppa	NA	NA	NA	NA	NA	NA
MSaaapppp	NA	NA	NA	NA	NA	NA
MSaap	145	144.3	145.6	143.5	145.9	146.4
MSaapa	181	174.8	178.2	173.6	177.5	178.5
MSaapaa	234	211.6	219.4	214.4	222	220.7
MSaapaaa	279	282	280.1	285.3	292.1	285
MSaapaaaa	NA	NA	NA	NA	NA	NA
MSaapaaap	NA	NA	NA	NA	NA	NA
MSaapaap	281	277.1	276.4	276.3	290.6	276.3
MSaapaapa	381	NA	395.4	NA	NA	385.6
MSaapaapaa	NA	NA	NA	NA	NA	NA
MSaapaapap	NA	NA	NA	NA	NA	NA
MSaapaapp	NA	NA	NA	NA	NA	NA
MSaapap	239	221	224.7	220.2	228.1	227.3
MSaapapa	354	337.4	352.9	NA	358	350.7
MSaapapaa	NA	NA	NA	NA	NA	NA
MSaapapap	NA	NA	NA	NA	NA	NA
MSaapapp	289	298.5	292.8	297.6	295.3	299
MSaapappa	NA	NA	NA	NA	NA	NA
MSaapappp	NA	NA	NA	NA	NA	NA
MSaapp	194	188.6	183.3	184.7	193.7	189.8
MSaappa	289	272.1	263.8	256.8	277.8	281.5
MSaappaa	NA	NA	NA	NA	NA	NA
MSaappap	NA	NA	NA	NA	NA	NA
MSaappp	269	275.5	271	274.7	279.4	262.6
MSaapppa	339	366.8	374	NA	NA	363.5
MSaapppaa	NA	NA	NA	NA	NA	NA
MSaapppap	NA	NA	NA	NA	NA	NA
MSaapppp	364	NA	397.5	NA	NA	NA
MSaappppa	NA	NA	NA	NA	NA	NA
MSaappppp	NA	NA	NA	NA	NA	NA
MSap	114	118.3	116.4	117.4	118.7	119.1
MSapa	149	148.9	150.7	144.9	147.3	152.8
MSapaa	189	184	188.4	180.6	183.4	189.8
MSapaaa	239	230.4	235.3	227.4	234.2	237.3
MSapaaaa	354	NA	387.7	NA	NA	NA
MSapaaaad	NA	NA	NA	NA	NA	NA
MSapaaaav	NA	NA	NA	NA	NA	NA
MSapaaap	NA	NA	NA	NA	NA	NA
MSapaap	259	254.4	256.6	249.3	254.2	262.6
MSapaapa	NA	NA	NA	NA	NA	NA
MSapaapp	NA	NA	NA	NA	NA	NA
MSapap	189	187	186.7	186.2	184.8	188.2
MSapapa	239	235.2	229.9	231.7	229.7	234
MSapapaa	439	NA	NA	NA	NA	NA
MSapapaaa	NA	NA	NA	NA	NA	NA
MSapapaap	NA	NA	NA	NA	NA	NA
MSapapap	NA	NA	NA	NA	NA	NA
MSapapp	249	239.9	240.5	243.5	238.8	245.7
MSapappa	NA	NA	NA	NA	NA	NA
MSapappp	NA	NA	NA	NA	NA	NA
MSapp	149	148.9	150.7	146.2	150.2	152.8
MSappa	194	190.1	193.6	186.2	189.2	193
MSappaa	259	264	256.6	250.9	265.2	257.5
MSappaaa	NA	NA	NA	NA	NA	NA
MSappaap	NA	NA	NA	NA	NA	NA
MSappap	269	277.1	267.3	276.3	274.6	267.8
MSappapa	NA	NA	NA	NA	NA	NA
MSappapp	NA	NA	NA	NA	NA	NA
MSappp	197	190.1	195.3	187.6	193.7	197.8
MSapppa	259	265.6	274.6	252.3	284.1	259.2
MSapppaa	NA	NA	NA	NA	NA	NA
MSapppap	NA	NA	NA	NA	NA	NA
MSapppp	259	259.1	272.8	249.3	269.9	264.3
MSappppa	NA	NA	NA	NA	NA	NA
MSappppp	NA	NA	NA	NA	NA	NA
MSp	86	92.3	88.9	94.1	95.8	91.7
MSpa	112	115.3	116.4	116.1	117.3	115.9
MSpaa	145	142.7	147.3	143.5	145.9	146.4
MSpaaa	181	173.2	179.9	173.6	174.6	176.9
MSpaaaa	229	211.6	219.4	211.6	215.9	214.1
MSpaaaaa	329	311.9	320.7	334.9	321.3	334.4
MSpaaaaaa	NA	NA	NA	NA	NA	NA
MSpaaaaap	NA	NA	NA	NA	NA	NA
MSpaaaap	289	268.9	283.7	271.7	279.4	272.9
MSpaaaapa	NA	NA	NA	NA	NA	NA
MSpaaaapp	NA	NA	NA	NA	NA	NA
MSpaaap	234	216.3	223	215.9	215.9	217.5
MSpaaapa	319	325.4	317	320.8	314.9	320.1
MSpaaapaa	NA	NA	NA	NA	NA	NA
MSpaaapap	NA	NA	NA	NA	NA	NA
MSpaaapp	299	280.4	285.6	280.7	284.1	278
MSpaaappa	NA	NA	NA	NA	NA	NA
MSpaaappp	NA	NA	NA	NA	NA	NA
MSpaap	189	179.3	185	177.8	180.4	181.7
MSpaapa	246	222.6	226.5	218.7	223.6	222.4
MSpaapaa	324	328.9	317	334.9	328	325.4
MSpaapaaa	NA	NA	NA	NA	NA	NA
MSpaapaap	NA	NA	NA	NA	NA	NA
MSpaapap	304	295.3	291	286.8	287.4	290.2
MSpaapapa	NA	NA	NA	NA	NA	NA
MSpaapapp	NA	NA	NA	NA	NA	NA
MSpaapp	NA	NA	NA	NA	NA	NA
MSpap	145	144.3	147.3	143.5	144.4	146.4
MSpapa	181	174.8	179.9	173.6	176	176.9
MSpapaa	243	214.8	224.7	218.7	217.5	217.5
MSpapaaa	279	287	289.2	286.8	284.1	276.3
MSpapaaaa	NA	NA	NA	NA	NA	NA
MSpapaaap	NA	NA	NA	NA	NA	NA
MSpapaap	274	273.9	285.6	280.7	276.2	269.5
MSpapaapa	384	NA	403.3	NA	NA	374.5
MSpapaapaa	NA	NA	NA	NA	NA	NA
MSpapaapap	NA	NA	NA	NA	NA	NA
MSpapaapp	NA	NA	NA	NA	NA	NA
MSpapap	239	221	231.8	221.6	225.1	222.4
MSpapapa	354	359.9	335.8	349.2	337.9	352.5
MSpapapaa	NA	NA	NA	NA	NA	NA
MSpapapap	NA	NA	NA	NA	NA	NA
MSpapapp	289	295.3	300.3	293	292.1	293.7
MSpapappa	NA	NA	NA	NA	NA	NA
MSpapappp	NA	NA	NA	NA	NA	NA
MSpapp	192	187	193.6	182	189.2	188.2
MSpappa	269	323.8	292.8	297.6	290.6	299
MSpappaa	NA	NA	NA	NA	NA	NA
MSpappap	NA	NA	NA	NA	359.6	NA
MSpappapa	NA	NA	NA	NA	NA	NA
MSpappapp	NA	NA	NA	NA	NA	NA
MSpappp	269	268.9	274.6	270.2	271.5	276.3
MSpapppa	344	NA	368.2	NA	354.6	381.8
MSpapppaa	NA	NA	NA	NA	NA	NA
MSpapppap	NA	NA	NA	NA	NA	NA
MSpapppp	359	NA	374	NA	NA	NA
MSpappppa	NA	NA	NA	NA	NA	NA
MSpappppp	NA	NA	NA	NA	NA	NA
MSpp	114	119.8	116.4	120.2	120.2	119.1
MSppa	149	150.4	150.7	148.9	148.8	151.2
MSppaa	189	187	186.7	184.7	184.8	188.2
MSppaaa	239	233.5	233.5	231.7	231.2	234
MSppaaaa	364	365	364.4	NA	356.3	378.1
MSppaaaad	NA	NA	NA	NA	NA	NA
MSppaaaav	NA	NA	NA	NA	NA	NA
MSppaaap	NA	NA	NA	NA	NA	NA
MSppaap	259	264	253	261.3	248	254.1
MSppaapa	NA	NA	NA	NA	NA	NA
MSppaapp	NA	NA	NA	NA	NA	NA
MSppap	179	185.5	186.7	180.6	184.8	185
MSppapa	239	230.4	231.8	225.9	231.2	230.6
MSppapaa	439	NA	NA	NA	NA	NA
MSppapaaa	NA	NA	NA	NA	NA	NA
MSppapaap	NA	NA	NA	NA	NA	NA
MSppapap	NA	NA	NA	NA	NA	NA
MSppapp	249	254.4	242.4	236.1	245	242.3
MSppappa	NA	NA	NA	NA	NA	NA
MSppappp	NA	NA	NA	NA	NA	NA
MSppp	149	150.4	150.7	147.6	148.8	151.2
MSpppa	194	190.1	191.9	187.6	187.8	189.8
MSpppaa	262	254.4	260.1	256.8	263.6	264.3
MSpppaaa	NA	NA	NA	NA	NA	NA
MSpppaap	NA	NA	NA	NA	NA	NA
MSpppap	269	272.1	265.6	264.3	266.8	269.5
MSpppapa	NA	NA	NA	NA	NA	NA
MSpppapp	NA	NA	NA	NA	NA	NA
MSpppp	194	196.2	193.6	190.4	187.8	194.6
MSppppa	259	264	262	262.7	265.2	279.8
MSppppaa	NA	NA	NA	NA	NA	NA
MSppppap	NA	NA	NA	NA	NA	NA
MSppppp	259	265.6	269.1	265.7	260.5	288.5
MSpppppa	NA	NA	NA	NA	NA	NA
MSpppppp	NA	NA	NA	NA	NA	NA
P0	0	NA	NA	NA	NA	NA
P1	16	61.8	53	51.7	48.6	54.9
P2	42	63.4	54.8	66.7	61.4	56.5
P3	75	83.2	78.7	85.9	84.4	82.1
P4	142	142.7	NA	143.5	144.4	146.4
Z2	NA	NA	NA	NA	NA	NA
Z3	NA	NA	NA	NA	NA	NA
