"Cells","CellNames.Cells.","CellTimes.Cells.","X1","X2","X3","X4","X20221004_JIM712_ceh.32_L4","X20221004_JIM712_ceh.32_L2","X20220915_JIM712_ceh.32_L4","X20220923_JIM712_ceh.32_L4","X20220915_JIM712_ceh.32_L4.1","X20220923_JIM712_ceh.32_L4.1","X20221004_JIM712_ceh.32_L2.1","X20221004_JIM712_ceh.32_L4.1"
"AB",NA,3,0,0,0,0,0,0,0,0,0,0,0,0
"ABa",NA,19,0,0,0,0,0,0,0,0,0,0,0,0
"ABal",NA,43,0,0,0,0,0,0,0,0,0,0,0,0
"ABala",NA,56,0,0,0,0,0,0,0,0,0,0,0,0
"ABalaa",NA,75,0,0,0,0,0,0,0,0,0,0,0,0
"ABalaaa",NA,103,0,0,0,0,0,0,0,0,0,0,0,0
"ABalaaaa",NA,137,0,0,0,0,0,0,0,0,0,0,0,0
"ABalaaaal",NA,181,0,0,0,0,0,0,0,0,0,0,0,0
"ABalaaaala",NA,232,0,0,0,0,0,0,0,0,0,0,0,0
"ABalaaaalal","AINL",330,NA,NA,NA,NA,0,0,0,0,1,1,0,0
"ABalaaaalar","death",330,NA,NA,NA,NA,0,0,0,0,1,0,0,NA
"ABalaaaalp",NA,232,0,0,0,0,0,0,0,0,0,0,0,0
"ABalaaaalpa","death",325,NA,NA,NA,NA,0,0,0,0,1,1,0,0
"ABalaaaalpp","ILshL",325,NA,NA,NA,NA,0,0,0,0,1,1,0,1
"ABalaaaar",NA,181,0,0,0,0,0,0,0,0,0,0,0,0
"ABalaaaarl",NA,233,0,0,0,1,0,0,0,1,0,0,0,0
"ABalaaaarla","death",314,NA,NA,NA,NA,0,0,0,1,1,1,0,1
"ABalaaaarlp","RMEL",314,NA,NA,NA,NA,0,0,0,1,0,1,0,1
"ABalaaaarr",NA,233,0,0,0,1,0,0,0,1,0,0,0,0
"ABalaaaarra","death",314,NA,NA,NA,NA,0,0,0,1,0,1,0,0
"ABalaaaarrp","RMER",314,NA,NA,NA,NA,0,0,0,1,0,1,0,1
"ABalaaap",NA,137,0,0,0,0,0,0,0,0,0,0,0,0
"ABalaaapa",NA,175,0,0,0,0,0,0,0,0,0,0,0,0
"ABalaaapal",NA,225,0,0,0,0,0,0,0,0,0,0,0,0
"ABalaaapall","ILsoL",299,NA,NA,NA,NA,0,0,0,0,1,1,0,1
"ABalaaapalr","AVDL",299,NA,NA,NA,NA,0,0,0,0,1,1,0,0
"ABalaaapar",NA,225,0,0,0,0,0,0,0,0,0,0,0,0
"ABalaaaparl","death",313,NA,NA,NA,NA,0,0,0,0,1,1,0,0
"ABalaaaparr","ILshDL",313,NA,NA,NA,NA,0,0,0,0,1,1,0,0
"ABalaaapp",NA,175,0,0,0,0,0,0,0,0,0,0,0,0
"ABalaaappl",NA,226,0,0,0,0,0,0,0,0,0,0,0,0
"ABalaaappll","ILshDR",312,NA,NA,NA,NA,0,0,0,0,1,0,1,1
"ABalaaapplr","death",312,NA,NA,NA,NA,0,0,0,0,1,0,0,1
"ABalaaappr",NA,226,0,0,0,0,0,0,0,0,0,0,0,0
"ABalaaapprl","AVDR",300,NA,NA,NA,NA,0,0,0,0,1,1,0,1
"ABalaaapprr","ILsoR",300,NA,NA,NA,NA,0,0,0,0,0,1,1,1
"ABalaap",NA,103,0,0,0,0,0,0,0,0,0,0,0,0
"ABalaapa",NA,137,0,0,0,0,0,0,0,0,0,0,0,0
"ABalaapaa",NA,181,0,0,0,0,0,0,0,0,0,0,0,0
"ABalaapaaa",NA,236,0,0,0,1,0,0,0,1,0,0,0,1
"ABalaapaaal","death",334,NA,NA,NA,NA,0,0,0,1,1,NA,1,NA
"ABalaapaaar","AINR",334,NA,NA,NA,NA,0,0,0,1,0,NA,1,NA
"ABalaapaap",NA,236,1,0,0,0,1,0,0,0,0,0,0,0
"ABalaapaapa","death",325,NA,NA,NA,NA,1,0,0,0,0,1,1,0
"ABalaapaapp","ILshR",325,NA,NA,NA,NA,1,0,0,0,1,1,0,1
"ABalaapap",NA,181,0,0,0,0,0,0,0,0,0,0,0,0
"ABalaapapa","death",235,1,1,NA,1,1,1,0,1,0,0,1,0
"ABalaapapaa",NA,NA,NA,NA,NA,NA,1,1,0,1,NA,NA,NA,NA
"ABalaapapap",NA,NA,NA,NA,NA,NA,1,1,0,1,NA,NA,NA,NA
"ABalaapapp",NA,235,0,0,0,0,0,0,0,0,0,0,0,0
"ABalaapappa","death",309,NA,NA,NA,NA,0,0,0,0,1,1,1,1
"ABalaapappp","CEPsoVR",309,NA,NA,NA,NA,0,0,0,0,1,1,1,1
"ABalaapp",NA,137,0,0,0,0,0,0,0,0,0,0,0,0
"ABalaappa",NA,175,0,0,0,0,0,0,0,0,0,0,0,0
"ABalaappaa","death",230,NA,NA,NA,1,0,0,0,1,0,1,0,0
"ABalaappaaa",NA,NA,NA,NA,NA,NA,0,0,0,1,NA,NA,NA,NA
"ABalaappaap",NA,NA,NA,NA,NA,NA,0,0,0,1,NA,NA,NA,NA
"ABalaappap",NA,230,0,0,0,0,0,0,0,0,0,0,0,0
"ABalaappapa","AVAR",308,NA,NA,NA,NA,0,0,0,0,0,1,1,1
"ABalaappapp","OLQsoVR",308,NA,NA,NA,NA,0,0,0,0,0,1,0,1
"ABalaappp",NA,175,0,0,0,0,0,0,0,0,0,0,0,0
"ABalaapppa",NA,223,0,0,0,1,0,0,0,1,0,0,0,0
"ABalaapppaa","RIAR",316,NA,NA,NA,NA,0,0,0,1,0,1,0,1
"ABalaapppap","death",316,NA,NA,NA,NA,0,0,0,1,0,1,0,1
"ABalaapppp",NA,223,0,0,0,1,0,0,0,1,0,0,0,0
"ABalaappppa",NA,289,0,0,0,0,0,0,0,1,0,1,0,0
"ABalaappppaa","IL1R",400,NA,NA,NA,NA,0,0,0,1,NA,NA,NA,NA
"ABalaappppap","death",400,NA,NA,NA,NA,0,0,0,1,NA,NA,NA,NA
"ABalaappppp","IL2R",289,NA,NA,NA,NA,0,0,0,1,0,1,0,1
"ABalap",NA,75,0,0,0,0,0,0,0,0,0,0,0,0
"ABalapa",NA,103,0,0,0,0,0,0,0,0,0,0,0,0
"ABalapaa",NA,135,0,0,0,0,0,0,0,0,0,0,0,0
"ABalapaaa",NA,175,0,0,0,0,0,0,0,0,0,0,0,0
"ABalapaaaa",NA,229,0,0,0,0,0,0,0,0,0,0,0,1
"ABalapaaaaa","AVHL",348,NA,NA,NA,NA,0,0,0,0,NA,NA,0,NA
"ABalapaaaap","death",348,NA,NA,NA,NA,0,0,0,0,NA,NA,0,NA
"ABalapaaap",NA,229,0,0,0,0,0,0,0,0,0,0,0,0
"ABalapaaapa","CANL",301,NA,NA,NA,NA,0,0,0,0,0,1,1,1
"ABalapaaapp","OLLsoL",301,NA,NA,NA,NA,0,0,0,0,0,1,1,1
"ABalapaap",NA,175,0,0,0,0,0,0,0,0,0,0,0,0
"ABalapaapa",NA,225,0,0,0,0,0,0,0,0,0,0,0,0
"ABalapaapaa","RIAL",321,NA,NA,NA,NA,0,0,0,0,0,0,0,NA
"ABalapaapap","death",321,NA,NA,NA,NA,0,0,0,0,0,0,0,NA
"ABalapaapp",NA,225,0,0,0,0,0,0,0,0,0,0,0,0
"ABalapaappa",NA,291,0,0,0,0,0,0,0,0,0,0,0,0
"ABalapaappaa","IL1L",400,NA,NA,NA,NA,0,0,0,0,NA,NA,NA,NA
"ABalapaappap","death",400,NA,NA,NA,NA,0,0,0,0,NA,NA,NA,NA
"ABalapaappp","IL2L",291,NA,NA,NA,NA,0,0,0,0,0,0,0,0
"ABalapap",NA,135,0,0,0,0,0,0,0,0,0,0,0,0
"ABalapapa",NA,171,0,0,0,0,0,0,0,0,0,0,0,0
"ABalapapaa","death",226,1,NA,NA,1,1,0,0,1,0,0,0,0
"ABalapapaaa",NA,NA,NA,NA,NA,NA,1,0,0,1,NA,NA,NA,NA
"ABalapapaap",NA,NA,NA,NA,NA,NA,1,0,0,1,NA,NA,NA,NA
"ABalapapap",NA,226,0,1,0,0,0,1,0,0,0,0,0,0
"ABalapapapa",NA,291,0,0,0,0,0,1,0,0,0,0,0,0
"ABalapapapaa","OLQDL",400,NA,NA,NA,NA,0,1,0,0,NA,NA,NA,NA
"ABalapapapap","death",400,NA,NA,NA,NA,0,1,0,0,NA,NA,NA,NA
"ABalapapapp","URYDL",291,NA,NA,NA,NA,0,1,0,0,0,1,0,0
"ABalapapp",NA,171,1,0,0,0,1,0,0,0,0,0,0,0
"ABalapappa",NA,218,0,0,0,0,1,0,0,0,0,0,0,0
"ABalapappaa",NA,279,0,0,0,0,1,0,0,0,1,0,1,0
"ABalapappaaa","IL1DL",400,NA,NA,NA,NA,1,0,0,0,NA,NA,NA,NA
"ABalapappaap","death",400,NA,NA,NA,NA,1,0,0,0,NA,NA,NA,NA
"ABalapappap","IL2DL",279,NA,NA,NA,NA,1,0,0,0,1,0,1,0
"ABalapappp",NA,218,1,0,0,1,1,0,0,1,0,0,0,0
"ABalapapppa","AVJL",294,NA,NA,NA,NA,1,0,0,1,1,0,1,0
"ABalapapppp","CEPsoDL",294,NA,NA,NA,NA,1,0,0,1,0,1,1,0
"ABalapp",NA,103,0,0,0,0,0,0,0,0,0,0,0,0
"ABalappa",NA,135,0,0,0,0,0,0,0,0,0,0,0,0
"ABalappaa",NA,178,0,0,0,0,0,0,0,0,0,0,0,0
"ABalappaaa","death",239,NA,NA,NA,NA,0,0,0,0,1,0,0,1
"ABalappaap",NA,239,0,0,0,0,0,0,0,0,0,0,0,0
"ABalappaapa","RID",339,NA,NA,NA,NA,0,0,0,0,0,0,0,0
"ABalappaapp","death",339,NA,NA,NA,NA,0,0,0,0,0,0,0,NA
"ABalappap",NA,178,0,0,0,0,0,0,0,0,0,0,0,0
"ABalappapa",NA,227,0,0,0,0,0,0,0,0,0,0,0,1
"ABalappapaa","AVHR",332,NA,NA,NA,NA,0,0,0,0,NA,NA,0,NA
"ABalappapap","death",332,NA,NA,NA,NA,0,0,0,0,NA,NA,0,NA
"ABalappapp",NA,227,0,0,0,0,0,0,0,0,0,0,0,0
"ABalappappa","CANR",295,NA,NA,NA,NA,0,0,0,0,0,1,1,1
"ABalappappp","OLLsoR",295,NA,NA,NA,NA,0,0,0,0,0,0,1,0
"ABalappp",NA,135,0,0,0,0,0,0,0,0,0,0,0,0
"ABalapppa",NA,172,0,0,0,0,0,0,0,0,0,0,0,0
"ABalapppaa",NA,219,0,0,0,0,0,0,0,0,0,0,0,0
"ABalapppaaa","ALA",295,NA,NA,NA,NA,0,0,0,0,1,0,0,0
"ABalapppaap","RMED",295,NA,NA,NA,NA,0,0,0,0,0,1,0,1
"ABalapppap",NA,219,0,0,0,1,0,0,0,1,0,0,0,0
"ABalapppapa",NA,284,0,0,0,0,0,0,0,1,0,0,0,0
"ABalapppapaa","OLQDR",400,NA,NA,NA,NA,0,0,0,1,NA,NA,NA,NA
"ABalapppapap","death",400,NA,NA,NA,NA,0,0,0,1,NA,NA,NA,NA
"ABalapppapp","URYDR",284,NA,NA,NA,NA,0,0,0,1,0,0,1,0
"ABalapppp",NA,172,0,0,0,0,0,0,0,0,0,0,0,0
"ABalappppa",NA,219,0,0,0,0,0,0,0,0,0,0,0,0
"ABalappppaa",NA,278,0,0,0,0,0,0,0,0,1,0,1,1
"ABalappppaaa","IL1DR",400,NA,NA,NA,NA,0,0,0,0,NA,NA,NA,NA
"ABalappppaap","death",400,NA,NA,NA,NA,0,0,0,0,NA,NA,NA,NA
"ABalappppap","IL2DR",278,NA,NA,NA,NA,0,0,0,0,0,0,1,0
"ABalappppp",NA,219,0,0,0,0,0,0,0,0,0,0,0,0
"ABalapppppa","AVJR",291,NA,NA,NA,NA,0,0,0,0,0,0,1,0
"ABalapppppp","CEPsoDR",291,NA,NA,NA,NA,0,0,0,0,0,0,1,0
"ABalp",NA,56,0,0,0,0,0,0,0,0,0,0,0,0
"ABalpa",NA,75,0,0,0,0,0,0,0,0,0,0,0,0
"ABalpaa",NA,102,0,0,0,0,0,0,0,0,0,0,0,0
"ABalpaaa",NA,134,0,0,0,0,0,0,0,0,0,0,0,0
"ABalpaaaa",NA,177,0,0,0,0,0,0,0,0,0,0,0,0
"ABalpaaaaa",NA,232,0,0,0,0,0,0,0,0,0,0,0,0
"ABalpaaaaaa","e3VL",307,NA,NA,NA,NA,0,0,0,0,1,0,1,0
"ABalpaaaaap","m2VL",307,NA,NA,NA,NA,0,0,0,0,1,0,1,0
"ABalpaaaap",NA,232,0,0,0,1,0,0,0,1,0,0,0,0
"ABalpaaaapa","m1VL",318,NA,NA,NA,NA,0,0,0,1,1,0,0,0
"ABalpaaaapp","death",318,NA,NA,NA,NA,0,0,0,1,1,0,1,0
"ABalpaaap",NA,177,0,0,0,1,0,0,0,1,0,0,0,0
"ABalpaaapa",NA,230,0,0,0,1,0,0,0,1,0,0,0,0
"ABalpaaapaa","m2L",315,NA,NA,NA,NA,0,0,0,1,0,0,0,1
"ABalpaaapap","death",315,NA,NA,NA,NA,0,0,0,1,1,0,1,1
"ABalpaaapp",NA,230,0,0,0,0,0,0,0,1,1,0,0,0
"ABalpaaappa","death",313,NA,NA,NA,NA,0,0,0,1,1,0,1,NA
"ABalpaaappp","MCL",313,NA,NA,NA,NA,0,0,0,1,1,0,1,NA
"ABalpaap",NA,134,0,0,0,0,0,0,0,0,0,0,0,0
"ABalpaapa",NA,170,0,0,0,0,0,0,0,0,0,0,0,0
"ABalpaapaa",NA,212,0,0,0,0,0,0,0,0,0,0,0,0
"ABalpaapaaa","arcpost",284,NA,NA,NA,NA,0,0,0,0,0,1,0,1
"ABalpaapaap","e2DL",284,NA,NA,NA,NA,0,0,0,0,1,1,1,1
"ABalpaapap",NA,212,0,0,0,0,0,0,0,0,0,0,0,0
"ABalpaapapa","mc1DL",263,NA,NA,NA,NA,0,0,0,0,1,0,0,0
"ABalpaapapp","m3L",263,NA,NA,NA,NA,0,0,0,0,1,0,0,0
"ABalpaapp",NA,170,0,0,0,0,0,0,0,0,0,0,0,0
"ABalpaappa",NA,222,0,0,0,0,0,0,0,0,0,0,0,0
"ABalpaappaa","arc_ant",309,NA,NA,NA,NA,0,0,0,0,0,0,0,0
"ABalpaappap","arcpost",309,NA,NA,NA,NA,0,0,0,0,1,0,0,1
"ABalpaappp",NA,222,0,0,0,0,0,0,0,0,0,0,0,0
"ABalpaapppa","hyp1",297,NA,NA,NA,NA,0,0,0,0,1,1,0,0
"ABalpaapppp","hyp2",297,NA,NA,NA,NA,0,0,0,0,0,0,0,0
"ABalpap",NA,102,0,0,0,0,0,0,0,0,0,0,0,0
"ABalpapa",NA,133,0,0,0,0,0,0,0,0,0,0,0,0
"ABalpapaa",NA,172,0,0,0,0,0,0,0,0,0,0,0,0
"ABalpapaaa",NA,223,0,0,0,1,0,0,0,1,0,0,0,0
"ABalpapaaaa","RIPL",291,NA,NA,NA,NA,0,0,0,1,0,0,1,0
"ABalpapaaap","hyp2",291,NA,NA,NA,NA,0,0,0,1,1,0,0,0
"ABalpapaap",NA,223,0,0,0,0,0,0,0,0,0,0,0,0
"ABalpapaapa","arc_ant",310,NA,NA,NA,NA,0,0,0,0,1,0,1,0
"ABalpapaapp","death",310,NA,NA,NA,NA,0,0,0,0,1,0,1,0
"ABalpapap",NA,172,0,0,0,0,0,0,0,0,0,0,0,0
"ABalpapapa",NA,222,0,0,0,0,0,0,0,0,0,0,0,0
"ABalpapapaa","RMDDL",290,NA,NA,NA,NA,0,0,0,0,1,0,1,0
"ABalpapapap",NA,290,0,0,0,0,0,0,0,0,1,0,1,0
"ABalpapapapa","death",400,NA,NA,NA,NA,0,0,0,0,NA,NA,NA,NA
"ABalpapapapp","SMBDL",400,NA,NA,NA,NA,0,0,0,0,NA,NA,NA,NA
"ABalpapapp",NA,222,0,0,0,0,0,0,0,0,0,0,0,0
"ABalpapappa","death",302,NA,NA,NA,NA,0,0,0,0,1,0,1,1
"ABalpapappp","SMBVL",302,NA,NA,NA,NA,0,0,0,0,1,0,1,1
"ABalpapp",NA,133,0,0,0,0,0,0,0,0,0,0,0,0
"ABalpappa",NA,168,0,0,0,0,0,0,0,0,0,0,0,0
"ABalpappaa",NA,213,0,0,0,0,0,0,0,0,0,0,0,0
"ABalpappaaa","death",292,NA,NA,NA,NA,0,0,0,0,0,0,1,0
"ABalpappaap",NA,292,0,0,0,0,0,0,0,0,1,0,1,0
"ABalpappaapa","I2L",400,NA,NA,NA,NA,0,0,0,0,NA,NA,NA,NA
"ABalpappaapp","death",400,NA,NA,NA,NA,0,0,0,0,NA,NA,NA,NA
"ABalpappap",NA,213,0,0,0,0,0,0,0,0,0,0,0,0
"ABalpappapa","e2V",273,NA,NA,NA,NA,0,0,0,0,1,0,1,0
"ABalpappapp","mc3V",273,NA,NA,NA,NA,0,0,0,0,1,1,1,0
"ABalpappp",NA,168,0,0,0,0,0,0,0,0,0,0,0,0
"ABalpapppa",NA,213,0,0,0,0,0,0,0,0,0,0,0,0
"ABalpapppaa","I1L",324,NA,NA,NA,NA,0,0,0,0,0,0,0,NA
"ABalpapppap","death",324,NA,NA,NA,NA,0,0,0,0,0,0,1,NA
"ABalpapppp",NA,213,0,0,0,0,0,0,0,0,0,0,0,0
"ABalpappppa","mc1V",265,NA,NA,NA,NA,0,0,0,0,1,0,1,0
"ABalpappppp","m3VL",265,NA,NA,NA,NA,0,0,0,0,1,0,1,0
"ABalpp",NA,75,0,0,0,0,0,0,0,0,0,0,0,0
"ABalppa",NA,103,0,0,0,0,0,0,0,0,0,0,0,0
"ABalppaa",NA,135,0,0,0,0,0,0,0,0,0,0,0,0
"ABalppaaa",NA,179,0,0,0,0,0,0,0,0,0,0,0,0
"ABalppaaaa","death",234,NA,NA,NA,NA,0,0,0,0,1,0,0,0
"ABalppaaap",NA,234,0,0,0,0,0,0,0,0,1,0,0,0
"ABalppaaapa","AVAL",311,NA,NA,NA,NA,0,0,0,0,0,0,0,NA
"ABalppaaapp","OLQsoVL",311,NA,NA,NA,NA,0,0,0,0,0,0,1,NA
"ABalppaap",NA,179,0,0,0,0,0,0,0,0,0,0,0,0
"ABalppaapa","death",231,NA,NA,NA,NA,0,0,0,0,0,0,0,0
"ABalppaapp",NA,231,0,0,0,0,0,0,0,0,0,0,0,0
"ABalppaappa","death",308,NA,NA,NA,NA,0,0,0,0,0,1,1,0
"ABalppaappp","CEPsoVL",308,NA,NA,NA,NA,0,0,0,0,1,1,1,0
"ABalppap",NA,135,0,0,0,0,0,0,0,0,0,0,0,0
"ABalppapa",NA,172,0,0,0,0,0,0,0,0,0,0,0,0
"ABalppapaa",NA,220,0,0,0,0,0,0,0,0,0,0,0,0
"ABalppapaaa","RMDVL",305,NA,NA,NA,NA,0,0,0,0,0,1,1,0
"ABalppapaap","ILshVL",305,NA,NA,NA,NA,0,0,0,0,0,0,1,0
"ABalppapap",NA,220,0,0,0,0,0,0,0,0,0,0,0,0
"ABalppapapa","SAADL",299,NA,NA,NA,NA,0,0,0,0,1,0,1,0
"ABalppapapp","ILsoVL",299,NA,NA,NA,NA,0,0,0,0,1,0,1,0
"ABalppapp",NA,172,0,0,0,0,0,0,0,0,0,0,0,0
"ABalppappa",NA,218,0,0,0,0,0,0,0,0,0,0,0,0
"ABalppappaa","SMDVL",296,NA,NA,NA,NA,0,0,0,0,0,0,0,0
"ABalppappap","BAGL",296,NA,NA,NA,NA,0,0,0,0,0,0,1,0
"ABalppappp",NA,218,0,0,0,0,0,0,0,0,0,0,0,0
"ABalppapppa",NA,286,0,0,0,0,0,0,0,0,1,0,1,0
"ABalppapppaa","IL1VL",400,NA,NA,NA,NA,0,0,0,0,NA,NA,NA,NA
"ABalppapppap","death",400,NA,NA,NA,NA,0,0,0,0,NA,NA,NA,NA
"ABalppapppp","IL2VL",286,NA,NA,NA,NA,0,0,0,0,1,0,1,0
"ABalppp",NA,103,0,0,0,0,0,0,0,0,0,0,0,0
"ABalpppa",NA,134,0,0,0,0,0,0,0,0,0,0,0,0
"ABalpppaa",NA,173,0,0,0,0,0,0,0,0,0,0,0,0
"ABalpppaaa",NA,227,0,0,0,0,0,0,0,0,0,0,0,0
"ABalpppaaaa","AVEL",313,NA,NA,NA,NA,0,0,0,0,0,1,0,0
"ABalpppaaap","OLQshVL",313,NA,NA,NA,NA,0,0,0,0,0,0,1,0
"ABalpppaap",NA,227,0,0,0,0,0,0,0,0,0,0,0,0
"ABalpppaapd","OLLshL",318,NA,NA,NA,NA,0,0,0,0,0,0,0,0
"ABalpppaapv","death",318,NA,NA,NA,NA,0,0,0,0,0,0,1,0
"ABalpppap",NA,173,0,0,0,0,0,0,0,0,0,0,0,0
"ABalpppapa",NA,220,0,0,0,0,0,0,0,0,0,0,0,0
"ABalpppapad","RMDL",298,NA,NA,NA,NA,0,0,0,0,0,0,0,0
"ABalpppapav","AFDL",298,NA,NA,NA,NA,0,0,0,0,0,0,1,0
"ABalpppapp",NA,220,0,1,0,0,0,1,0,0,0,0,0,0
"ABalpppappa","death",287,NA,NA,NA,NA,0,1,0,0,0,0,0,0
"ABalpppappp",NA,287,0,0,0,0,0,1,0,0,0,0,0,0
"ABalpppapppa","ASKL",400,NA,NA,NA,NA,0,1,0,0,NA,NA,NA,NA
"ABalpppapppp","death",400,NA,NA,NA,NA,0,1,0,0,NA,NA,NA,NA
"ABalpppp",NA,134,0,0,0,0,0,0,0,0,0,0,0,0
"ABalppppa",NA,169,0,0,0,0,0,0,0,0,0,0,0,0
"ABalppppaa",NA,218,0,0,0,0,0,0,0,0,0,0,0,0
"ABalppppaad","ADLL",297,NA,NA,NA,NA,0,0,0,0,0,0,1,0
"ABalppppaav","death",297,NA,NA,NA,NA,0,0,0,0,0,0,0,0
"ABalppppap",NA,218,0,0,0,0,0,0,0,0,0,0,0,0
"ABalppppapa",NA,290,0,0,0,0,0,0,0,0,1,1,0,0
"ABalppppapaa","OLLL",400,NA,NA,NA,NA,0,0,0,0,NA,NA,NA,NA
"ABalppppapap","death",400,NA,NA,NA,NA,0,0,0,0,NA,NA,NA,NA
"ABalppppapp","death",290,NA,NA,NA,NA,0,0,0,0,1,1,0,1
"ABalppppp",NA,169,0,0,0,0,0,0,0,0,0,0,0,0
"ABalpppppa",NA,211,0,0,0,0,0,0,0,0,0,0,0,0
"ABalpppppaa","ADFL",286,NA,NA,NA,NA,0,0,0,0,0,0,0,0
"ABalpppppap","AWBL",286,NA,NA,NA,NA,0,0,0,0,0,0,0,0
"ABalpppppp",NA,211,0,0,0,0,0,0,0,0,0,0,0,0
"ABalppppppa",NA,264,0,0,0,0,0,0,0,0,0,0,0,0
"ABalppppppaa","ASEL",348,NA,NA,NA,NA,0,0,0,0,NA,0,0,NA
"ABalppppppap","death",348,NA,NA,NA,NA,0,0,0,0,NA,0,1,NA
"ABalppppppp",NA,264,0,0,0,0,0,0,0,0,1,0,1,0
"ABalpppppppa","ASJL",338,NA,NA,NA,NA,0,0,0,0,NA,0,NA,NA
"ABalpppppppp","AUAL",338,NA,NA,NA,NA,0,0,0,0,NA,0,NA,NA
"ABar",NA,43,0,0,0,0,0,0,0,0,0,0,0,0
"ABara",NA,56,0,0,0,0,0,0,0,0,0,0,0,0
"ABaraa",NA,75,0,0,0,0,0,0,0,0,0,0,0,0
"ABaraaa",NA,102,0,0,0,0,0,0,0,0,0,0,0,0
"ABaraaaa",NA,135,0,0,0,0,0,0,0,0,0,0,0,0
"ABaraaaaa",NA,179,0,0,0,0,0,0,0,0,0,0,0,0
"ABaraaaaaa",NA,232,0,0,0,0,0,0,0,0,0,0,0,0
"ABaraaaaaaa","e1VL",315,NA,NA,NA,NA,0,0,0,0,1,0,1,0
"ABaraaaaaap","m1L",315,NA,NA,NA,NA,0,0,0,0,1,0,1,1
"ABaraaaaap",NA,232,0,0,0,0,0,0,0,0,0,0,0,0
"ABaraaaaapa","e1VR",314,NA,NA,NA,NA,0,0,0,0,1,0,1,0
"ABaraaaaapp","m1R",314,NA,NA,NA,NA,0,0,0,0,0,1,1,NA
"ABaraaaap",NA,179,0,0,0,0,0,0,0,0,0,0,0,0
"ABaraaaapa",NA,238,0,0,0,0,0,0,0,0,1,0,0,0
"ABaraaaapaa","death",330,NA,NA,NA,NA,0,0,0,0,1,0,0,NA
"ABaraaaapap","e1D",330,NA,NA,NA,NA,0,0,0,0,1,0,0,NA
"ABaraaaapp","death",238,NA,NA,NA,NA,0,0,0,0,0,1,1,1
"ABaraaap",NA,135,0,0,0,0,0,0,0,0,0,0,0,0
"ABaraaapa",NA,171,0,0,0,0,0,0,0,0,0,0,0,0
"ABaraaapaa",NA,214,0,0,0,0,0,0,0,0,0,0,0,0
"ABaraaapaaa","arcpost",291,NA,NA,NA,NA,0,0,0,0,0,0,1,1
"ABaraaapaap","e2DR",291,NA,NA,NA,NA,0,0,0,0,0,0,1,1
"ABaraaapap",NA,214,0,0,0,0,0,0,0,0,0,0,0,0
"ABaraaapapa","mc1DR",274,NA,NA,NA,NA,0,0,0,0,0,1,1,1
"ABaraaapapp","m4R",274,NA,NA,NA,NA,0,0,0,0,0,0,0,1
"ABaraaapp",NA,171,0,0,0,0,0,0,0,0,0,0,0,0
"ABaraaappa",NA,225,0,0,0,0,0,0,0,0,0,0,0,0
"ABaraaappaa","arcpost",314,NA,NA,NA,NA,0,0,0,0,1,1,1,1
"ABaraaappap","arcpost",314,NA,NA,NA,NA,0,0,0,0,1,0,1,0
"ABaraaappp",NA,225,0,0,0,0,0,0,0,0,0,0,0,0
"ABaraaapppa","arc_ant",302,NA,NA,NA,NA,0,0,0,0,1,1,1,1
"ABaraaapppp","hyp1",302,NA,NA,NA,NA,0,0,0,0,1,0,1,0
"ABaraap",NA,102,0,0,0,0,0,0,0,0,0,0,0,0
"ABaraapa",NA,134,0,0,0,0,0,0,0,0,0,0,0,0
"ABaraapaa",NA,173,0,0,0,0,0,0,0,0,0,0,0,0
"ABaraapaaa",NA,222,0,0,0,0,0,0,0,0,0,0,0,0
"ABaraapaaaa","e3D",303,NA,NA,NA,NA,0,0,0,0,1,0,0,0
"ABaraapaaap","m1DL",303,NA,NA,NA,NA,0,0,0,0,0,0,1,0
"ABaraapaap",NA,222,0,0,0,0,0,0,0,0,0,0,0,0
"ABaraapaapa","m2DL",288,NA,NA,NA,NA,0,0,0,0,0,0,1,0
"ABaraapaapp","mc2DL",288,NA,NA,NA,NA,0,0,0,0,0,0,0,0
"ABaraapap",NA,173,0,0,0,0,0,0,0,0,0,0,0,0
"ABaraapapa",NA,219,0,0,0,0,0,0,0,0,0,0,0,0
"ABaraapapaa",NA,274,0,0,0,0,0,0,0,0,0,0,0,0
"ABaraapapaad","death",400,NA,NA,NA,NA,0,0,0,0,NA,NA,NA,NA
"ABaraapapaav","NSML",400,NA,NA,NA,NA,0,0,0,0,NA,NA,NA,NA
"ABaraapapap","m5L",274,NA,NA,NA,NA,0,0,0,0,0,0,0,0
"ABaraapapp",NA,219,0,0,0,0,0,0,0,0,0,0,0,0
"ABaraapappa","M2L",313,NA,NA,NA,NA,0,0,0,0,0,0,0,0
"ABaraapappp","M3L",313,NA,NA,NA,NA,0,0,0,0,1,0,0,0
"ABaraapp",NA,134,0,0,0,0,0,0,0,0,0,0,0,0
"ABaraappa",NA,171,0,0,0,0,0,0,0,0,0,0,0,0
"ABaraappaa",NA,219,0,0,0,0,0,0,0,0,0,0,0,0
"ABaraappaaa","MI",302,NA,NA,NA,NA,0,0,0,0,0,0,1,0
"ABaraappaap","m1DR",302,NA,NA,NA,NA,0,0,0,0,0,0,1,0
"ABaraappap",NA,219,0,0,0,0,0,0,0,0,0,0,0,0
"ABaraappapa","m2DR",283,NA,NA,NA,NA,0,0,0,0,0,0,0,0
"ABaraappapp","mc2DR",283,NA,NA,NA,NA,0,0,0,0,0,0,1,0
"ABaraappp",NA,171,0,0,0,0,0,0,0,0,0,0,0,0
"ABaraapppa",NA,218,0,1,0,0,0,1,0,0,0,0,0,0
"ABaraapppaa",NA,274,NA,NA,NA,NA,0,1,0,0,1,0,1,0
"ABaraapppaad","death",400,NA,NA,NA,NA,0,1,0,0,NA,NA,NA,NA
"ABaraapppaav","NSMR",400,NA,NA,NA,NA,0,1,0,0,NA,NA,NA,NA
"ABaraapppap","m5R",274,NA,NA,NA,NA,0,1,0,0,0,0,0,0
"ABaraapppp",NA,218,0,0,0,0,0,0,0,0,0,0,0,0
"ABaraappppa","M2R",311,NA,NA,NA,NA,0,0,0,0,0,0,0,0
"ABaraappppp","M3R",311,NA,NA,NA,NA,0,0,0,0,0,0,0,0
"ABarap",NA,75,0,0,0,0,0,0,0,0,0,0,0,0
"ABarapa",NA,102,0,0,0,0,0,0,0,0,0,0,0,0
"ABarapaa",NA,134,0,0,0,0,0,0,0,0,0,0,0,0
"ABarapaaa",NA,174,0,0,0,0,0,0,0,0,0,0,0,0
"ABarapaaaa",NA,228,0,0,0,0,0,0,0,0,0,0,0,0
"ABarapaaaaa","e3VR",306,NA,NA,NA,NA,0,0,0,0,0,0,1,0
"ABarapaaaap","m2VR",306,NA,NA,NA,NA,0,0,0,0,1,1,1,0
"ABarapaaap",NA,228,0,0,0,0,0,0,0,0,0,0,0,0
"ABarapaaapa","m1VR",316,NA,NA,NA,NA,0,0,0,0,1,0,1,0
"ABarapaaapp","death",316,NA,NA,NA,NA,0,0,0,0,1,0,1,0
"ABarapaap",NA,174,0,0,0,0,0,0,0,0,0,0,0,0
"ABarapaapa",NA,219,0,0,0,0,0,0,0,0,0,0,0,0
"ABarapaapaa","m2R",315,NA,NA,NA,NA,0,0,0,0,1,0,1,NA
"ABarapaapap","death",315,NA,NA,NA,NA,0,0,0,0,1,0,1,NA
"ABarapaapp",NA,219,0,0,1,0,0,0,1,0,0,0,0,0
"ABarapaappa","m3R",278,NA,NA,NA,NA,0,0,1,0,0,0,1,0
"ABarapaappp","MCR",278,NA,NA,NA,NA,0,0,1,0,0,0,0,1
"ABarapap",NA,134,0,0,0,0,0,0,0,0,0,0,0,0
"ABarapapa",NA,170,0,0,0,0,0,0,0,0,0,0,0,0
"ABarapapaa",NA,217,0,0,0,0,0,0,0,0,0,0,0,0
"ABarapapaaa","death",294,NA,NA,NA,NA,0,0,0,0,0,1,0,0
"ABarapapaap",NA,294,0,0,0,0,0,0,0,0,1,0,1,0
"ABarapapaapa","I2R",400,NA,NA,NA,NA,0,0,0,0,NA,NA,NA,NA
"ABarapapaapp","death",400,NA,NA,NA,NA,0,0,0,0,NA,NA,NA,NA
"ABarapapap",NA,217,0,0,0,0,0,0,0,0,0,0,0,0
"ABarapapapa","arcpost",284,NA,NA,NA,NA,0,0,0,0,1,0,1,0
"ABarapapapp","I5",284,NA,NA,NA,NA,0,0,0,0,1,0,1,0
"ABarapapp",NA,170,0,0,0,0,0,0,0,0,0,0,0,0
"ABarapappa",NA,212,0,0,0,1,0,0,0,1,0,0,0,0
"ABarapappaa","I1R",328,NA,NA,NA,NA,0,0,0,1,0,0,0,NA
"ABarapappap","death",328,NA,NA,NA,NA,0,0,0,1,0,0,0,NA
"ABarapappp",NA,212,0,0,0,0,0,0,0,0,0,0,0,0
"ABarapapppa","mc2V",266,NA,NA,NA,NA,0,0,0,0,1,0,1,0
"ABarapapppp","m3VR",266,NA,NA,NA,NA,0,0,0,0,1,0,1,0
"ABarapp",NA,102,0,0,0,0,0,0,0,0,0,0,0,0
"ABarappa",NA,134,0,0,0,0,0,0,0,0,0,0,0,0
"ABarappaa",NA,174,0,0,0,0,0,0,0,0,0,0,0,0
"ABarappaaa",NA,228,0,0,0,0,0,0,0,0,0,0,0,0
"ABarappaaaa","RIPR",309,NA,NA,NA,NA,0,0,0,0,1,0,1,0
"ABarappaaap","death",309,NA,NA,NA,NA,0,0,0,0,0,1,0,0
"ABarappaap",NA,228,0,0,0,0,0,0,0,0,0,0,0,0
"ABarappaapa","hyp1",315,NA,NA,NA,NA,0,0,0,0,1,0,1,0
"ABarappaapp","death",315,NA,NA,NA,NA,0,0,0,0,1,0,1,0
"ABarappap",NA,174,0,0,0,0,0,0,0,0,0,0,0,0
"ABarappapa",NA,223,0,0,0,0,0,0,0,0,0,0,0,0
"ABarappapaa","RMDDR",295,NA,NA,NA,NA,0,0,0,0,1,0,0,0
"ABarappapap",NA,295,0,0,0,0,0,0,0,0,1,0,0,0
"ABarappapapa","death",400,NA,NA,NA,NA,0,0,0,0,NA,NA,NA,NA
"ABarappapapp","SMBDR",400,NA,NA,NA,NA,0,0,0,0,NA,NA,NA,NA
"ABarappapp",NA,223,0,0,0,0,0,0,0,0,0,0,0,0
"ABarappappa","DB2",301,NA,NA,NA,NA,0,0,0,0,1,0,1,0
"ABarappappp","SMBVR",301,NA,NA,NA,NA,0,0,0,0,1,1,1,0
"ABarappp",NA,134,0,0,0,0,0,0,0,0,0,0,0,0
"ABarapppa",NA,171,0,0,0,0,0,0,0,0,0,0,0,0
"ABarapppaa",NA,221,0,0,0,0,0,0,0,0,0,0,0,0
"ABarapppaaa","RMDVR",304,NA,NA,NA,NA,0,0,0,0,1,1,1,0
"ABarapppaap","ILshVR",304,NA,NA,NA,NA,0,0,0,0,1,1,1,0
"ABarapppap",NA,221,0,0,0,0,0,0,0,0,0,0,0,0
"ABarapppapa","SAADR",300,NA,NA,NA,NA,0,0,0,0,1,0,1,0
"ABarapppapp","ILsoVR",300,NA,NA,NA,NA,0,0,0,0,0,0,1,0
"ABarapppp",NA,171,0,0,0,0,0,0,0,0,0,0,0,0
"ABarappppa",NA,219,0,0,0,0,0,0,0,0,0,0,0,0
"ABarappppaa","SMDVR",296,NA,NA,NA,NA,0,0,0,0,0,0,0,0
"ABarappppap","BAGR",296,NA,NA,NA,NA,0,0,0,0,1,0,1,0
"ABarappppp",NA,219,0,0,0,0,0,0,0,0,0,0,0,0
"ABarapppppa",NA,287,0,0,0,0,0,0,0,0,1,0,1,0
"ABarapppppaa","IL1VR",400,NA,NA,NA,NA,0,0,0,0,NA,NA,NA,NA
"ABarapppppap","death",400,NA,NA,NA,NA,0,0,0,0,NA,NA,NA,NA
"ABarapppppp","IL2VR",287,NA,NA,NA,NA,0,0,0,0,1,1,1,0
"ABarp",NA,56,0,0,0,0,0,0,0,0,0,0,0,0
"ABarpa",NA,75,0,0,0,0,0,0,0,0,0,0,0,0
"ABarpaa",NA,103,0,0,0,0,0,0,0,0,0,0,0,0
"ABarpaaa",NA,132,0,0,0,0,0,0,0,0,0,0,0,0
"ABarpaaaa",NA,180,0,0,0,0,0,0,0,0,0,0,0,0
"ABarpaaaaa",NA,232,0,0,0,0,0,0,0,0,0,0,0,0
"ABarpaaaaal","OLQsoDL",327,NA,NA,NA,NA,0,0,0,0,0,0,1,NA
"ABarpaaaaar","OLQsoDR",327,NA,NA,NA,NA,0,0,0,0,0,0,0,NA
"ABarpaaaap",NA,232,0,0,0,0,0,0,0,0,0,0,0,0
"ABarpaaaapa","OLQshDL",324,NA,NA,NA,NA,0,0,0,0,0,0,1,0
"ABarpaaaapp","CEPshDL",324,NA,NA,NA,NA,0,0,0,0,0,0,0,0
"ABarpaaap",NA,180,0,0,0,0,0,0,0,0,0,0,0,0
"ABarpaaapa",NA,237,0,0,0,0,0,0,0,0,0,0,0,0
"ABarpaaapaa","OLQshSR",325,NA,NA,NA,NA,0,0,0,0,0,0,1,NA
"ABarpaaapap","CEPshDR",325,NA,NA,NA,NA,0,0,0,0,0,0,1,NA
"ABarpaaapp","death",237,NA,NA,NA,NA,0,0,0,0,0,0,0,0
"ABarpaap",NA,132,0,0,0,0,0,0,0,0,0,0,0,0
"ABarpaapa",NA,169,0,0,0,0,0,0,0,0,0,0,0,0
"ABarpaapaa","hyp6",216,NA,NA,NA,NA,0,0,0,0,0,0,1,0
"ABarpaapap","hyp7",216,NA,NA,NA,NA,0,0,0,0,0,0,0,0
"ABarpaapp",NA,169,0,0,0,0,0,0,0,0,0,0,0,0
"ABarpaappa","hyp7",216,NA,NA,NA,NA,0,0,0,0,0,0,0,0
"ABarpaappp","hyp7",216,NA,NA,NA,NA,0,0,0,0,0,0,1,0
"ABarpap",NA,103,0,0,0,0,0,0,0,0,0,0,0,0
"ABarpapa",NA,134,0,0,0,0,0,0,0,0,0,0,0,0
"ABarpapaa",NA,171,0,0,0,0,0,0,0,0,0,0,0,0
"ABarpapaaa",NA,223,0,0,0,1,0,0,0,1,0,0,0,0
"ABarpapaaaa","URADR",315,NA,NA,NA,NA,0,0,0,1,0,0,1,0
"ABarpapaaap","CEMDR",315,NA,NA,NA,NA,0,0,0,1,0,0,1,0
"ABarpapaap",NA,223,0,0,0,0,0,0,0,0,0,0,0,0
"ABarpapaapa","death",287,NA,NA,NA,NA,0,0,0,0,0,1,0,0
"ABarpapaapp",NA,287,0,0,0,0,0,0,0,0,0,0,0,0
"ABarpapaappa","CEPDR",400,NA,NA,NA,NA,0,0,0,0,NA,NA,NA,NA
"ABarpapaappp","URXR",400,NA,NA,NA,NA,0,0,0,0,NA,NA,NA,NA
"ABarpapap",NA,171,0,0,0,0,0,0,0,0,0,0,0,0
"ABarpapapa","hyp4",222,NA,NA,NA,NA,0,0,0,0,0,0,1,0
"ABarpapapp","hyp6",222,NA,NA,NA,NA,0,0,0,0,1,0,1,0
"ABarpapp",NA,134,0,0,0,0,0,0,0,0,0,0,0,0
"ABarpappa",NA,171,0,0,0,0,0,0,0,0,0,0,0,0
"ABarpappaa","XXXR",228,NA,NA,NA,NA,0,0,0,0,0,0,1,0
"ABarpappap","hyp5",228,NA,NA,NA,NA,0,0,0,0,0,0,0,0
"ABarpappp",NA,171,0,0,0,0,0,0,0,0,0,0,0,0
"ABarpapppa","HOR",222,NA,NA,NA,NA,0,0,0,0,0,0,1,0
"ABarpapppp","H1R",222,NA,NA,NA,NA,0,0,0,0,0,0,1,0
"ABarpp",NA,75,0,0,0,0,0,0,0,0,0,0,0,0
"ABarppa",NA,105,0,0,0,0,0,0,0,0,0,0,0,0
"ABarppaa",NA,135,0,0,0,0,0,0,0,0,0,0,0,0
"ABarppaaa",NA,176,0,0,0,0,0,0,0,0,0,0,0,0
"ABarppaaaa","ADEshL",234,NA,NA,NA,NA,0,0,0,0,0,0,0,0
"ABarppaaap","H2L",234,NA,NA,NA,NA,0,0,0,0,1,0,0,0
"ABarppaap",NA,176,0,0,0,0,0,0,0,0,0,0,0,0
"ABarppaapa","hyp7",227,NA,NA,NA,NA,0,0,0,0,0,0,0,0
"ABarppaapp",NA,227,NA,NA,NA,NA,0,0,0,0,0,0,0,0
"ABarppaappa","ALML",400,NA,NA,NA,NA,0,0,0,0,NA,NA,NA,NA
"ABarppaappp","BDUL",400,NA,NA,NA,NA,0,0,0,0,NA,NA,NA,NA
"ABarppap",NA,135,0,0,0,0,0,0,0,0,0,0,0,0
"ABarppapa",NA,178,0,0,0,0,0,0,0,0,0,0,0,0
"ABarppapaa","V1L",235,NA,NA,NA,NA,0,0,0,0,0,0,0,0
"ABarppapap","V2L",235,NA,NA,NA,NA,0,0,0,0,0,0,0,0
"ABarppapp",NA,178,0,0,0,0,0,0,0,0,0,0,0,0
"ABarppappa","V4L",236,NA,NA,NA,NA,0,0,0,0,0,0,0,0
"ABarppappp","V6L",236,NA,NA,NA,NA,0,0,0,0,0,0,0,0
"ABarppp",NA,105,0,0,0,0,0,0,0,0,0,0,1,0
"ABarpppa",NA,135,0,0,0,0,0,0,0,0,0,0,0,0
"ABarpppaa",NA,175,0,0,0,0,0,0,0,0,0,0,0,0
"ABarpppaaa","ADEshR",231,NA,NA,NA,NA,0,0,0,0,0,0,0,0
"ABarpppaap","H2R",231,NA,NA,NA,NA,0,0,0,0,0,0,0,0
"ABarpppap",NA,175,0,0,0,0,0,0,0,0,0,0,0,0
"ABarpppapa","hyp7",226,NA,NA,NA,NA,0,0,0,0,0,0,0,0
"ABarpppapp",NA,226,NA,NA,NA,NA,0,0,0,0,0,0,0,0
"ABarpppappa","ALMR",400,NA,NA,NA,NA,0,0,0,0,NA,NA,NA,NA
"ABarpppappp","BDUR",400,NA,NA,NA,NA,0,0,0,0,NA,NA,NA,NA
"ABarpppp",NA,135,0,1,0,0,0,1,0,0,0,0,0,0
"ABarppppa",NA,177,0,0,0,0,0,1,0,0,0,0,0,0
"ABarppppaa","V1R",232,NA,NA,NA,NA,0,1,0,0,0,0,0,0
"ABarppppap","V2R",232,NA,NA,NA,NA,0,1,0,0,0,0,0,0
"ABarppppp",NA,177,0,0,0,0,0,1,0,0,0,0,0,0
"ABarpppppa","V4R",234,NA,NA,NA,NA,0,1,0,0,0,0,0,0
"ABarpppppp","V6R",234,NA,NA,NA,NA,0,1,0,0,0,0,1,0
"ABp",NA,19,0,0,0,0,0,0,0,0,0,0,0,0
"ABpl",NA,43,0,0,0,0,0,0,0,0,0,0,0,0
"ABpla",NA,56,0,0,0,0,0,0,0,0,0,0,0,0
"ABplaa",NA,74,0,0,0,0,0,0,0,0,0,0,0,0
"ABplaaa",NA,102,0,0,0,0,0,0,0,0,0,0,0,0
"ABplaaaa",NA,133,0,1,0,0,0,1,0,0,0,0,0,0
"ABplaaaaa",NA,171,0,0,0,0,0,1,0,0,0,0,0,0
"ABplaaaaaa",NA,224,0,0,0,0,0,1,0,0,0,0,0,0
"ABplaaaaaaa","URADL",317,NA,NA,NA,NA,0,1,0,0,0,0,0,0
"ABplaaaaaap","CEMDL",317,NA,NA,NA,NA,0,1,0,0,0,0,0,0
"ABplaaaaap",NA,224,0,0,0,0,0,1,0,0,0,0,0,0
"ABplaaaaapa","death",289,NA,NA,NA,NA,0,1,0,0,0,0,1,0
"ABplaaaaapp",NA,289,0,0,0,0,0,1,0,0,0,0,1,0
"ABplaaaaappa","CEPDL",400,NA,NA,NA,NA,0,1,0,0,NA,NA,NA,NA
"ABplaaaaappp","URXL",400,NA,NA,NA,NA,0,1,0,0,NA,NA,NA,NA
"ABplaaaap",NA,171,0,0,0,0,0,1,0,0,0,0,0,0
"ABplaaaapa","hyp6",223,NA,NA,NA,NA,0,1,0,0,1,0,1,1
"ABplaaaapp","hyp6",223,NA,NA,NA,NA,0,1,0,0,1,0,0,0
"ABplaaap",NA,133,0,0,0,0,0,0,0,0,0,0,0,0
"ABplaaapa",NA,172,0,0,0,0,0,0,0,0,0,0,0,0
"ABplaaapaa","XXXL",229,NA,NA,NA,NA,0,0,0,0,1,0,1,0
"ABplaaapap","hyp5",229,NA,NA,NA,NA,0,0,0,0,0,0,0,0
"ABplaaapp",NA,172,0,0,0,0,0,0,0,0,0,0,0,0
"ABplaaappa","HOL",223,NA,NA,NA,NA,0,0,0,0,0,0,1,0
"ABplaaappp","H1L",223,NA,NA,NA,NA,0,0,0,0,0,0,0,0
"ABplaap",NA,102,0,0,0,0,0,0,0,0,0,0,0,0
"ABplaapa",NA,132,0,0,0,0,0,0,0,0,0,0,0,0
"ABplaapaa",NA,171,0,0,0,0,0,0,0,0,0,0,0,0
"ABplaapaaa",NA,222,0,0,0,0,0,0,0,0,0,0,0,0
"ABplaapaaaa","hyp3",307,NA,NA,NA,NA,0,0,0,0,1,0,1,0
"ABplaapaaap","ILsoDL",307,NA,NA,NA,NA,0,0,0,0,1,0,1,0
"ABplaapaap",NA,222,0,0,0,0,0,0,0,0,0,0,0,0
"ABplaapaapa","URBL",295,NA,NA,NA,NA,0,0,0,0,0,0,0,0
"ABplaapaapp","AMshL",295,NA,NA,NA,NA,0,0,0,0,1,0,1,0
"ABplaapap",NA,171,0,0,0,0,0,0,0,0,0,0,0,0
"ABplaapapa",NA,221,0,0,0,0,0,0,0,0,0,0,0,0
"ABplaapapaa","AWAL",308,NA,NA,NA,NA,0,0,0,0,0,0,0,0
"ABplaapapap","ASGL",308,NA,NA,NA,NA,0,0,0,0,0,0,1,0
"ABplaapapp",NA,221,0,0,0,0,0,0,0,0,0,0,0,0
"ABplaapappa","AIBL",285,NA,NA,NA,NA,0,0,0,0,1,0,1,0
"ABplaapappp",NA,285,0,0,0,0,0,0,0,0,0,0,0,0
"ABplaapapppa","ASIL",400,NA,NA,NA,NA,0,0,0,0,NA,NA,NA,NA
"ABplaapapppp","death",400,NA,NA,NA,NA,0,0,0,0,NA,NA,NA,NA
"ABplaapp",NA,132,0,0,0,0,0,0,0,0,0,0,0,0
"ABplaappa",NA,167,0,0,0,0,0,0,0,0,0,0,0,0
"ABplaappaa","hyp4",221,NA,NA,NA,NA,0,0,0,0,1,0,1,0
"ABplaappap","hyp6",221,NA,NA,NA,NA,0,0,0,0,1,0,1,0
"ABplaappp",NA,167,0,0,0,0,0,0,0,0,0,0,0,0
"ABplaapppa","hyp7",214,NA,NA,NA,NA,0,0,0,0,1,0,0,0
"ABplaapppp","hyp7",214,NA,NA,NA,NA,0,0,0,0,0,0,0,0
"ABplap",NA,74,0,0,0,0,0,0,0,0,0,0,0,0
"ABplapa",NA,102,0,0,0,0,0,0,0,0,0,0,0,0
"ABplapaa",NA,132,0,0,0,0,0,0,0,0,0,0,0,0
"ABplapaaa",NA,172,0,0,0,0,0,0,0,0,0,0,0,0
"ABplapaaaa",NA,222,0,0,0,0,0,0,0,0,0,0,0,0
"ABplapaaaaa","death",302,NA,NA,NA,NA,0,0,0,0,0,0,0,0
"ABplapaaaap",NA,302,0,0,0,0,0,0,0,0,0,0,0,0
"ABplapaaaapa","ADEL",400,NA,NA,NA,NA,0,0,0,0,NA,NA,NA,NA
"ABplapaaaapp","ADAL",400,NA,NA,NA,NA,0,0,0,0,NA,NA,NA,NA
"ABplapaaap",NA,222,0,0,0,0,0,0,0,0,0,0,0,0
"ABplapaaapa",NA,300,NA,NA,NA,NA,0,0,0,0,0,0,0,0
"ABplapaaapad","FLPL",400,NA,NA,NA,NA,0,0,0,0,NA,NA,NA,NA
"ABplapaaapav","AIZL",400,NA,NA,NA,NA,0,0,0,0,NA,NA,NA,NA
"ABplapaaapp","RMGL",300,NA,NA,NA,NA,0,0,0,0,0,0,0,0
"ABplapaap",NA,172,0,0,0,0,0,0,0,0,0,0,0,0
"ABplapaapa","G2",227,NA,NA,NA,NA,0,0,0,0,1,0,0,0
"ABplapaapp","P1/2L",227,NA,NA,NA,NA,0,0,0,0,0,0,0,0
"ABplapap",NA,132,0,0,0,0,0,0,0,0,0,0,0,0
"ABplapapa",NA,168,0,0,0,0,0,0,0,0,0,0,0,0
"ABplapapaa",NA,219,NA,NA,NA,NA,0,0,0,0,0,0,0,0
"ABplapapaaa","QL",400,NA,NA,NA,NA,0,0,0,0,NA,NA,NA,NA
"ABplapapaap","V5L",400,NA,NA,NA,NA,0,0,0,0,NA,NA,NA,NA
"ABplapapap","P9/10L",219,NA,NA,NA,NA,0,0,0,0,0,0,0,0
"ABplapapp",NA,168,0,0,0,0,0,0,0,0,0,0,0,0
"ABplapappa","P11",216,NA,NA,NA,NA,0,0,0,0,0,0,0,0
"ABplapappp",NA,216,0,0,0,0,0,0,0,0,0,0,0,0
"ABplapapppa","death",305,NA,NA,NA,NA,0,0,0,0,0,0,0,0
"ABplapapppp",NA,305,0,0,0,0,0,0,0,0,0,0,0,0
"ABplapappppa",NA,NA,NA,NA,NA,NA,0,0,0,0,NA,NA,NA,NA
"ABplapappppaa","PLML",400,NA,NA,NA,NA,0,0,0,0,NA,NA,NA,NA
"ABplapappppap","ALNL",400,NA,NA,NA,NA,0,0,0,0,NA,NA,NA,NA
"ABplapappppp","death",400,NA,NA,NA,NA,0,0,0,0,NA,NA,NA,NA
"ABplapp",NA,102,0,0,0,0,0,0,0,0,0,0,0,0
"ABplappa",NA,133,0,0,0,0,0,0,0,0,0,0,0,0
"ABplappaa",NA,172,0,0,0,0,0,0,0,0,0,0,0,0
"ABplappaaa","P3/4L",222,NA,NA,NA,NA,0,0,0,0,0,0,0,0
"ABplappaap","P5/6L",222,NA,NA,NA,NA,0,0,0,0,0,0,0,0
"ABplappap",NA,172,0,0,0,0,0,0,0,0,0,0,0,0
"ABplappapa","V3L",222,NA,NA,NA,NA,0,0,0,0,0,0,0,0
"ABplappapp","P7/8L",222,NA,NA,NA,NA,0,0,0,0,0,0,0,0
"ABplappp",NA,133,0,0,0,0,0,0,0,0,0,0,0,0
"ABplapppa",NA,174,0,0,0,0,0,0,0,0,0,0,0,0
"ABplapppaa",NA,230,0,0,0,0,0,0,0,0,0,0,0,0
"ABplapppaaa","PVQL",326,NA,NA,NA,NA,0,0,0,0,0,0,0,NA
"ABplapppaap","death",326,NA,NA,NA,NA,0,0,0,0,0,0,0,NA
"ABplapppap",NA,230,0,0,0,0,0,0,0,0,0,0,0,0
"ABplapppapa","death",301,NA,NA,NA,NA,0,0,0,0,0,0,0,0
"ABplapppapp",NA,301,0,0,0,0,0,0,0,0,0,0,0,0
"ABplapppappa","HSNL",400,NA,NA,NA,NA,0,0,0,0,NA,NA,NA,NA
"ABplapppappp","PHBL",400,NA,NA,NA,NA,0,0,0,0,NA,NA,NA,NA
"ABplapppp",NA,174,0,0,0,0,0,0,0,0,0,0,0,0
"ABplappppa","hyp7",230,NA,NA,NA,NA,0,0,0,0,1,0,0,0
"ABplappppp","TL",230,NA,NA,NA,NA,0,0,0,0,0,0,0,0
"ABplp",NA,56,0,0,0,0,0,0,0,0,0,0,0,0
"ABplpa",NA,75,0,0,0,0,0,0,0,0,0,0,0,0
"ABplpaa",NA,103,0,0,0,0,0,0,0,0,0,0,0,0
"ABplpaaa",NA,135,0,0,0,0,0,0,0,0,0,0,0,0
"ABplpaaaa",NA,173,0,0,0,0,0,0,0,0,0,0,0,0
"ABplpaaaaa",NA,220,0,0,0,0,0,0,0,0,0,0,0,0
"ABplpaaaaaa","SAAVL",299,NA,NA,NA,NA,0,0,0,0,0,0,0,0
"ABplpaaaaap","AWCL",299,NA,NA,NA,NA,0,0,0,0,0,0,0,0
"ABplpaaaap",NA,220,0,0,0,0,0,0,0,0,0,0,0,0
"ABplpaaaapa","exc_duct",290,NA,NA,NA,NA,0,0,0,0,1,0,1,0
"ABplpaaaapp","DB1/3",290,NA,NA,NA,NA,0,0,0,0,1,0,1,0
"ABplpaaap",NA,173,0,0,0,0,0,0,0,0,0,0,0,0
"ABplpaaapa",NA,222,0,0,0,0,0,0,0,0,0,0,0,0
"ABplpaaapaa","URAVL",317,NA,NA,NA,NA,0,0,0,0,0,0,1,0
"ABplpaaapap","CEPshVL",317,NA,NA,NA,NA,0,0,0,0,1,0,1,0
"ABplpaaapp",NA,222,0,0,0,0,0,0,0,0,0,0,0,0
"ABplpaaappa",NA,290,0,0,0,0,0,0,0,0,1,0,1,0
"ABplpaaappaa","OLQVL",400,NA,NA,NA,NA,0,0,0,0,NA,NA,NA,NA
"ABplpaaappap","death",400,NA,NA,NA,NA,0,0,0,0,NA,NA,NA,NA
"ABplpaaappp","URYVL",290,NA,NA,NA,NA,0,0,0,0,1,0,1,0
"ABplpaap",NA,135,0,0,0,0,0,0,0,0,0,0,0,0
"ABplpaapa",NA,172,0,0,0,0,0,0,0,0,0,0,0,0
"ABplpaapaa",NA,222,0,0,0,0,0,0,0,0,0,0,0,0
"ABplpaapaaa","RIVL",300,NA,NA,NA,NA,0,0,0,0,1,0,0,0
"ABplpaapaap","AVBL",300,NA,NA,NA,NA,0,0,0,0,0,0,0,0
"ABplpaapap",NA,222,0,0,0,0,0,0,0,0,0,0,0,0
"ABplpaapapa","AMsoL",299,NA,NA,NA,NA,0,0,0,0,0,0,0,0
"ABplpaapapp","CEMVL",299,NA,NA,NA,NA,0,0,0,0,0,0,0,0
"ABplpaapp",NA,172,0,0,0,0,0,0,0,0,0,0,0,0
"ABplpaappa",NA,219,0,0,0,0,0,0,0,0,0,0,0,0
"ABplpaappaa","ASHL",293,NA,NA,NA,NA,0,0,0,0,1,0,0,0
"ABplpaappap","RIBL",293,NA,NA,NA,NA,0,0,0,0,0,0,0,0
"ABplpaappp",NA,219,0,0,0,0,0,0,0,0,0,0,0,0
"ABplpaapppa","AIML",289,NA,NA,NA,NA,0,0,0,0,1,0,1,0
"ABplpaapppp",NA,289,0,0,0,0,0,0,0,0,1,0,1,0
"ABplpaappppa","CEPVL",400,NA,NA,NA,NA,0,0,0,0,NA,NA,NA,NA
"ABplpaappppp","death",400,NA,NA,NA,NA,0,0,0,0,NA,NA,NA,NA
"ABplpap",NA,103,0,0,0,0,0,0,0,0,0,0,0,0
"ABplpapa",NA,133,0,0,0,0,0,0,0,0,0,0,0,0
"ABplpapaa",NA,171,0,0,1,0,0,0,1,0,0,0,0,0
"ABplpapaaa",NA,224,0,0,0,0,0,0,1,0,0,0,0,0
"ABplpapaaaa","SMDDL",304,NA,NA,NA,NA,0,0,1,0,0,0,0,0
"ABplpapaaap","AIYL",304,NA,NA,NA,NA,0,0,1,0,1,0,0,0
"ABplpapaap",NA,224,0,0,0,0,0,0,1,0,0,0,0,0
"ABplpapaapa","SIADL",305,NA,NA,NA,NA,0,0,1,0,1,0,1,0
"ABplpapaapp","SIBVL",305,NA,NA,NA,NA,0,0,1,0,1,0,1,0
"ABplpapap",NA,171,0,0,1,0,0,0,1,0,0,0,0,0
"ABplpapapa",NA,221,0,0,0,0,0,0,1,0,0,0,0,0
"ABplpapapaa","exc_gl_L",291,NA,NA,NA,NA,0,0,1,0,1,0,0,0
"ABplpapapap","AVKL",291,NA,NA,NA,NA,0,0,1,0,1,0,0,0
"ABplpapapp",NA,221,0,0,0,0,0,0,1,0,0,0,0,0
"ABplpapappa","SIAVL",293,NA,NA,NA,NA,0,0,1,0,1,0,1,0
"ABplpapappp","DB5",293,NA,NA,NA,NA,0,0,1,0,1,0,1,0
"ABplpapp",NA,133,0,0,0,0,0,0,0,0,0,0,0,0
"ABplpappa",NA,168,0,0,0,0,0,0,0,0,0,0,0,0
"ABplpappaa",NA,213,0,0,0,0,0,0,0,0,0,0,0,0
"ABplpappaaa","RMEV",268,NA,NA,NA,NA,0,0,0,0,1,0,1,0
"ABplpappaap","exc_cell",268,NA,NA,NA,NA,0,0,0,0,1,0,1,0
"ABplpappap","death",213,NA,NA,NA,NA,0,0,0,0,0,0,0,0
"ABplpappp",NA,168,0,0,0,0,0,0,0,0,0,0,0,0
"ABplpapppa",NA,222,0,0,0,0,0,0,0,0,0,0,0,0
"ABplpapppaa","K",299,NA,NA,NA,NA,0,0,0,0,1,0,1,0
"ABplpapppap","K'",299,NA,NA,NA,NA,0,0,0,0,1,0,0,0
"ABplpapppp",NA,222,0,0,0,0,0,0,0,0,0,0,0,0
"ABplpappppa","PVT",304,NA,NA,NA,NA,0,0,0,0,1,0,0,0
"ABplpappppp","rect_D",304,NA,NA,NA,NA,0,0,0,0,1,0,0,0
"ABplpp",NA,75,0,0,0,0,0,0,0,0,0,0,0,0
"ABplppa",NA,104,0,0,0,0,0,0,0,0,0,0,1,0
"ABplppaa",NA,136,0,0,0,0,0,0,0,0,0,0,0,0
"ABplppaaa",NA,179,0,0,0,0,0,0,0,0,0,0,0,0
"ABplppaaaa",NA,235,0,0,0,0,0,0,0,0,0,0,0,0
"ABplppaaaaa","SIBDL",297,NA,NA,NA,NA,0,0,0,0,1,0,1,0
"ABplppaaaap",NA,297,0,0,0,0,0,0,0,0,1,0,1,0
"ABplppaaaapa","death",400,NA,NA,NA,NA,0,0,0,0,NA,NA,NA,NA
"ABplppaaaapp","RICL",400,NA,NA,NA,NA,0,0,0,0,NA,NA,NA,NA
"ABplppaaap","death",235,NA,NA,NA,NA,0,0,0,0,0,1,1,0
"ABplppaap",NA,179,0,0,0,0,0,0,0,0,0,0,0,0
"ABplppaapa",NA,231,0,0,0,1,0,0,0,1,0,0,0,0
"ABplppaapaa","death",317,NA,NA,NA,NA,0,0,0,1,1,0,1,0
"ABplppaapap","RIML",317,NA,NA,NA,NA,0,0,0,1,1,0,1,0
"ABplppaapp",NA,231,0,0,0,0,0,0,0,0,0,0,0,0
"ABplppaappa","AIAL",310,NA,NA,NA,NA,0,0,0,0,1,0,1,0
"ABplppaappp","DB6",310,NA,NA,NA,NA,0,0,0,0,1,0,1,0
"ABplppap",NA,136,0,0,0,0,0,0,0,0,0,0,0,0
"ABplppapa",NA,176,0,0,0,0,0,0,0,0,0,0,0,0
"ABplppapaa",NA,227,0,0,0,0,0,0,0,0,0,0,0,0
"ABplppapaaa",NA,296,NA,NA,NA,NA,0,0,0,0,1,0,1,0
"ABplppapaaaa","SABVL",400,NA,NA,NA,NA,0,0,0,0,NA,NA,NA,NA
"ABplppapaaap","RIFL",400,NA,NA,NA,NA,0,0,0,0,NA,NA,NA,NA
"ABplppapaap","SABD",296,NA,NA,NA,NA,0,0,0,0,1,0,1,0
"ABplppapap",NA,227,0,0,0,0,0,0,0,0,0,0,0,0
"ABplppapapa","DA2",315,NA,NA,NA,NA,0,0,0,0,1,0,1,0
"ABplppapapp","DA4",315,NA,NA,NA,NA,0,0,0,0,1,0,1,0
"ABplppapp",NA,176,0,0,0,0,0,0,0,0,0,0,0,0
"ABplppappa",NA,231,0,0,0,0,0,0,0,0,0,0,0,0
"ABplppappaa","RIGL",309,NA,NA,NA,NA,0,0,0,0,1,0,1,0
"ABplppappap","DD1",309,NA,NA,NA,NA,0,0,0,0,1,0,1,0
"ABplppappp",NA,231,0,0,0,0,0,0,0,0,0,0,0,0
"ABplppapppa","DD3",320,NA,NA,NA,NA,0,0,0,0,1,0,1,0
"ABplppapppp","DD5",320,NA,NA,NA,NA,0,0,0,0,1,0,1,0
"ABplppp",NA,104,0,0,0,0,0,0,0,0,0,0,0,0
"ABplpppa",NA,135,0,0,0,0,0,0,0,0,0,0,0,0
"ABplpppaa",NA,173,0,0,0,0,0,0,0,0,0,0,0,0
"ABplpppaaa",NA,223,0,0,0,0,0,0,0,0,0,0,0,0
"ABplpppaaaa","DA9",304,NA,NA,NA,NA,0,0,0,0,1,0,1,0
"ABplpppaaap","DA6",304,NA,NA,NA,NA,0,0,0,0,1,0,0,0
"ABplpppaap",NA,223,0,0,0,0,0,0,0,0,0,0,0,0
"ABplpppaapa",NA,300,NA,NA,NA,NA,0,0,0,0,1,0,0,0
"ABplpppaapaa","PVCL",400,NA,NA,NA,NA,0,0,0,0,NA,NA,NA,NA
"ABplpppaapap","LUAL",400,NA,NA,NA,NA,0,0,0,0,NA,NA,NA,NA
"ABplpppaapp","PHAL",300,NA,NA,NA,NA,0,0,0,0,0,0,0,0
"ABplpppap",NA,173,0,0,0,0,0,0,0,0,0,0,0,0
"ABplpppapa",NA,223,0,0,0,0,0,0,0,0,0,0,0,0
"ABplpppapaa","PHshL",278,NA,NA,NA,NA,0,0,0,0,1,0,0,0
"ABplpppapap","hyp8/9",278,NA,NA,NA,NA,0,0,0,0,1,0,0,0
"ABplpppapp","death",223,NA,NA,NA,NA,0,0,0,0,0,0,0,0
"ABplpppp",NA,135,0,0,0,0,0,0,0,0,0,0,0,0
"ABplppppa",NA,171,0,0,0,0,0,0,0,0,0,0,0,0
"ABplppppaa",NA,219,0,0,0,0,0,0,0,0,0,0,0,0
"ABplppppaaa","PVPL",293,NA,NA,NA,NA,0,0,0,0,1,0,1,0
"ABplppppaap","rect_VL",293,NA,NA,NA,NA,0,0,0,0,1,0,0,0
"ABplppppap",NA,219,0,0,0,0,0,0,0,0,0,0,0,0
"ABplppppapa","U",292,NA,NA,NA,NA,0,0,0,0,1,0,0,0
"ABplppppapp","F",292,NA,NA,NA,NA,0,0,0,0,1,0,0,0
"ABplppppp",NA,171,0,0,0,0,0,0,0,0,0,0,0,0
"ABplpppppa",NA,222,0,0,0,0,0,0,0,0,0,0,0,0
"ABplpppppaa","mu_int_L",313,NA,NA,NA,NA,0,0,0,0,1,0,1,0
"ABplpppppap","mu_anal",313,NA,NA,NA,NA,0,0,0,0,1,0,0,0
"ABplpppppp",NA,222,0,0,0,0,0,0,0,0,0,0,0,0
"ABplppppppa","spike",293,NA,NA,NA,NA,0,0,0,0,1,0,0,0
"ABplppppppp","hyp10",293,NA,NA,NA,NA,0,0,0,0,0,0,0,0
"ABpr",NA,43,0,0,0,0,0,0,0,0,0,0,0,0
"ABpra",NA,56,0,0,0,0,0,0,0,0,0,0,0,0
"ABpraa",NA,75,0,0,0,0,0,0,0,0,0,0,0,0
"ABpraaa",NA,102,0,0,0,0,0,0,0,0,0,0,0,0
"ABpraaaa",NA,134,0,0,0,0,0,0,0,0,0,0,0,0
"ABpraaaaa",NA,177,0,0,0,0,0,0,0,0,0,0,0,0
"ABpraaaaaa",NA,232,0,0,0,0,0,0,0,0,0,0,0,0
"ABpraaaaaaa","AVER",316,NA,NA,NA,NA,0,0,0,0,1,0,0,0
"ABpraaaaaap","OLQshVR",316,NA,NA,NA,NA,0,0,0,0,0,0,0,0
"ABpraaaaap",NA,232,0,0,0,0,0,0,0,0,0,0,0,0
"ABpraaaaapd","OLLshR",327,NA,NA,NA,NA,0,0,0,0,1,0,1,0
"ABpraaaaapv","death",327,NA,NA,NA,NA,0,0,0,0,1,0,1,0
"ABpraaaap",NA,177,0,0,0,0,0,0,0,0,0,0,0,0
"ABpraaaapa",NA,224,0,0,0,1,0,0,0,1,0,0,0,0
"ABpraaaapad","RMDR",303,NA,NA,NA,NA,0,0,0,1,0,0,0,1
"ABpraaaapav","AFDR",303,NA,NA,NA,NA,0,0,0,1,0,0,0,1
"ABpraaaapp",NA,224,0,0,0,0,0,0,0,0,0,0,0,0
"ABpraaaappa","death",293,NA,NA,NA,NA,0,0,0,0,0,1,0,0
"ABpraaaappp",NA,293,0,0,0,0,0,0,0,0,0,0,0,0
"ABpraaaapppa","ASKR",400,NA,NA,NA,NA,0,0,0,0,NA,NA,NA,NA
"ABpraaaapppp","death",400,NA,NA,NA,NA,0,0,0,0,NA,NA,NA,NA
"ABpraaap",NA,134,0,0,0,0,0,0,0,0,0,0,0,0
"ABpraaapa",NA,172,0,0,0,0,0,0,0,0,0,0,0,0
"ABpraaapaa",NA,224,0,0,0,0,0,0,0,0,0,0,0,0
"ABpraaapaad","ADLR",309,NA,NA,NA,NA,0,0,0,0,0,0,1,0
"ABpraaapaav","death",309,NA,NA,NA,NA,0,0,0,0,0,0,0,0
"ABpraaapap",NA,224,0,0,0,0,0,0,0,0,0,0,0,0
"ABpraaapapa",NA,299,0,0,0,0,0,0,0,0,0,0,1,0
"ABpraaapapaa","OLLR",400,NA,NA,NA,NA,0,0,0,0,NA,NA,NA,NA
"ABpraaapapap","death",400,NA,NA,NA,NA,0,0,0,0,NA,NA,NA,NA
"ABpraaapapp","death",299,NA,NA,NA,NA,0,0,0,0,0,1,1,0
"ABpraaapp",NA,172,0,0,0,0,0,0,0,0,0,0,0,0
"ABpraaappa",NA,215,0,0,0,0,0,0,0,0,0,0,0,0
"ABpraaappaa","ADFR",295,NA,NA,NA,NA,0,0,0,0,0,0,0,0
"ABpraaappap","AWBR",295,NA,NA,NA,NA,0,0,0,0,0,0,0,0
"ABpraaappp",NA,215,0,0,0,0,0,0,0,0,0,0,0,0
"ABpraaapppa",NA,269,0,0,0,0,0,0,0,0,1,0,1,0
"ABpraaapppaa","ASER",359,NA,NA,NA,NA,0,0,0,0,NA,NA,0,NA
"ABpraaapppap","death",359,NA,NA,NA,NA,0,0,0,0,NA,NA,1,NA
"ABpraaapppp",NA,269,0,0,0,0,0,0,0,0,1,0,0,0
"ABpraaappppa","ASJR",349,NA,NA,NA,NA,0,0,0,0,1,NA,1,NA
"ABpraaappppp","AUAR",349,NA,NA,NA,NA,0,0,0,0,1,NA,1,NA
"ABpraap",NA,102,0,0,0,0,0,0,0,0,0,0,0,0
"ABpraapa",NA,133,0,0,0,0,0,0,0,0,0,0,0,0
"ABpraapaa",NA,173,0,0,0,0,0,0,0,0,0,0,0,0
"ABpraapaaa",NA,224,0,0,0,0,0,0,0,0,0,0,0,0
"ABpraapaaaa","hyp3",307,NA,NA,NA,NA,0,0,0,0,0,1,1,1
"ABpraapaaap","ILsoDR",307,NA,NA,NA,NA,0,0,0,0,0,1,1,1
"ABpraapaap",NA,224,0,0,0,0,0,0,0,0,0,0,0,0
"ABpraapaapa","URBR",295,NA,NA,NA,NA,0,0,0,0,0,0,1,0
"ABpraapaapp","AMshR",295,NA,NA,NA,NA,0,0,0,0,0,0,1,0
"ABpraapap",NA,173,0,0,0,0,0,0,0,0,0,0,0,0
"ABpraapapa",NA,222,0,0,0,0,0,0,0,0,0,0,0,0
"ABpraapapaa","AWAR",309,NA,NA,NA,NA,0,0,0,0,0,0,0,0
"ABpraapapap","ASGR",309,NA,NA,NA,NA,0,0,0,0,0,0,0,0
"ABpraapapp",NA,222,0,0,0,0,0,0,0,0,0,0,0,0
"ABpraapappa","AIBR",287,NA,NA,NA,NA,0,0,0,0,0,0,0,0
"ABpraapappp",NA,287,0,0,0,0,0,0,0,0,0,0,0,0
"ABpraapapppa","ASIR",400,NA,NA,NA,NA,0,0,0,0,NA,NA,NA,NA
"ABpraapapppp","death",400,NA,NA,NA,NA,0,0,0,0,NA,NA,NA,NA
"ABpraapp",NA,133,0,0,0,0,0,0,0,0,0,0,0,0
"ABpraappa",NA,169,0,0,0,0,0,0,0,0,0,0,0,0
"ABpraappaa","hyp4",225,NA,NA,NA,1,0,0,0,1,0,0,1,0
"ABpraappaaa",NA,400,NA,NA,NA,NA,0,0,0,1,NA,NA,NA,NA
"ABpraappaap",NA,400,NA,NA,NA,NA,0,0,0,1,NA,NA,NA,NA
"ABpraappap","hyp6",225,NA,NA,NA,NA,0,0,0,0,0,0,0,0
"ABpraappp",NA,169,0,0,0,0,0,0,0,0,0,0,0,0
"ABpraapppa","hyp7",218,NA,NA,NA,NA,0,0,0,0,0,0,0,0
"ABpraapppp","hyp7",218,NA,NA,NA,NA,0,0,0,0,1,0,0,0
"ABprap",NA,75,0,0,0,0,0,0,0,0,0,0,0,0
"ABprapa",NA,102,0,0,0,0,0,0,0,0,0,0,0,0
"ABprapaa",NA,133,0,0,0,0,0,0,0,0,0,0,0,0
"ABprapaaa",NA,174,0,0,0,0,0,0,0,0,0,0,0,0
"ABprapaaaa",NA,225,0,0,0,0,0,0,0,0,0,0,0,0
"ABprapaaaaa","death",307,NA,NA,NA,NA,0,0,0,0,0,1,0,0
"ABprapaaaap",NA,307,0,0,0,0,0,0,0,0,0,0,0,0
"ABprapaaaapa","ADER",400,NA,NA,NA,NA,0,0,0,0,NA,NA,NA,NA
"ABprapaaaapp","ADAR",400,NA,NA,NA,NA,0,0,0,0,NA,NA,NA,NA
"ABprapaaap",NA,225,0,0,0,0,0,0,0,0,0,0,0,0
"ABprapaaapa",NA,303,NA,NA,NA,NA,0,0,0,0,1,0,1,0
"ABprapaaapad","FLPR",400,NA,NA,NA,NA,0,0,0,0,NA,NA,NA,NA
"ABprapaaapav","AIZR",400,NA,NA,NA,NA,0,0,0,0,NA,NA,NA,NA
"ABprapaaapp","RMGR",303,NA,NA,NA,NA,0,0,0,0,0,0,1,0
"ABprapaap",NA,174,0,0,0,0,0,0,0,0,0,0,0,0
"ABprapaapa","W",230,NA,NA,NA,NA,0,0,0,0,1,0,1,0
"ABprapaapp","P1/2R",230,NA,NA,NA,NA,0,0,0,0,1,0,1,0
"ABprapap",NA,133,0,0,0,0,0,0,0,0,0,0,0,0
"ABprapapa",NA,170,0,0,0,0,0,0,0,0,0,0,0,0
"ABprapapaa",NA,222,NA,NA,NA,NA,0,0,0,0,0,0,0,0
"ABprapapaaa","QR",400,NA,NA,NA,NA,0,0,0,0,NA,NA,NA,NA
"ABprapapaap","V5R",400,NA,NA,NA,NA,0,0,0,0,NA,NA,NA,NA
"ABprapapap","P9/10R",222,NA,NA,NA,NA,0,0,0,0,1,0,0,0
"ABprapapp",NA,170,0,0,0,0,0,0,0,0,0,0,0,0
"ABprapappa","P12",219,NA,NA,NA,NA,0,0,0,0,0,0,0,0
"ABprapappp",NA,219,0,0,0,0,0,0,0,0,0,0,0,0
"ABprapapppa","death",310,NA,NA,NA,NA,0,0,0,0,0,0,0,0
"ABprapapppp",NA,310,0,0,0,0,0,0,0,0,0,0,0,0
"ABprapappppa",NA,NA,NA,NA,NA,NA,0,0,0,0,NA,NA,NA,NA
"ABprapappppaa","PLMR",400,NA,NA,NA,NA,0,0,0,0,NA,NA,NA,NA
"ABprapappppap","ALNR",400,NA,NA,NA,NA,0,0,0,0,NA,NA,NA,NA
"ABprapappppp","death",400,NA,NA,NA,NA,0,0,0,0,NA,NA,NA,NA
"ABprapp",NA,102,0,0,0,0,0,0,0,0,0,0,0,0
"ABprappa",NA,133,0,0,0,0,0,0,0,0,0,0,0,0
"ABprappaa",NA,174,0,0,0,0,0,0,0,0,0,0,0,0
"ABprappaaa","P3/4R",226,NA,NA,NA,NA,0,0,0,0,1,0,0,0
"ABprappaap","P5/6R",226,NA,NA,NA,NA,0,0,0,0,1,0,0,0
"ABprappap",NA,174,0,0,0,0,0,0,0,0,0,0,0,0
"ABprappapa","V3R",226,NA,NA,NA,NA,0,0,0,0,0,0,1,0
"ABprappapp","P7/8R",226,NA,NA,NA,NA,0,0,0,0,1,0,0,0
"ABprappp",NA,133,0,0,0,0,0,0,0,0,0,0,0,0
"ABprapppa",NA,176,0,0,0,0,0,0,0,0,0,0,0,0
"ABprapppaa",NA,233,0,0,0,0,0,0,0,0,0,0,0,0
"ABprapppaaa","PVQR",333,NA,NA,NA,NA,0,0,0,0,0,0,0,NA
"ABprapppaap","death",333,NA,NA,NA,NA,0,0,0,0,0,0,1,NA
"ABprapppap",NA,233,0,0,0,0,0,0,0,0,0,0,0,0
"ABprapppapa","death",306,NA,NA,NA,NA,0,0,0,0,0,0,0,0
"ABprapppapp",NA,306,0,0,0,0,0,0,0,0,0,0,0,0
"ABprapppappa","HSNR",400,NA,NA,NA,NA,0,0,0,0,NA,NA,NA,NA
"ABprapppappp","PHRB",400,NA,NA,NA,NA,0,0,0,0,NA,NA,NA,NA
"ABprapppp",NA,176,0,0,0,0,0,0,0,0,0,0,0,0
"ABprappppa","hyp7",233,NA,NA,NA,NA,0,0,0,0,1,0,0,0
"ABprappppp","TR",233,NA,NA,NA,NA,0,0,0,0,0,0,0,0
"ABprp",NA,56,0,0,0,0,0,0,0,0,0,0,0,0
"ABprpa",NA,75,0,0,0,0,0,0,0,0,0,0,0,0
"ABprpaa",NA,103,0,0,0,0,0,0,0,0,0,0,0,0
"ABprpaaa",NA,135,0,0,0,0,0,0,0,0,0,0,0,0
"ABprpaaaa",NA,173,0,0,0,0,0,0,0,0,0,0,0,0
"ABprpaaaaa",NA,221,0,0,0,0,0,0,0,0,0,0,0,0
"ABprpaaaaaa","SAAVR",301,NA,NA,NA,NA,0,0,0,0,0,0,0,0
"ABprpaaaaap","AWCR",301,NA,NA,NA,NA,0,0,0,0,0,0,0,0
"ABprpaaaap",NA,221,0,0,0,0,0,0,0,0,0,0,0,0
"ABprpaaaapa","G1",291,NA,NA,NA,NA,0,0,0,0,1,0,0,0
"ABprpaaaapp","DB3/1",291,NA,NA,NA,NA,0,0,0,0,0,0,1,0
"ABprpaaap",NA,173,0,0,0,0,0,0,0,0,0,0,0,0
"ABprpaaapa",NA,222,0,0,0,0,0,0,0,0,0,0,0,0
"ABprpaaapaa","URAVR",317,NA,NA,NA,NA,0,0,0,0,1,0,1,0
"ABprpaaapap","CEPshVR",317,NA,NA,NA,NA,0,0,0,0,1,0,0,0
"ABprpaaapp",NA,222,0,0,0,0,0,0,0,0,0,0,0,0
"ABprpaaappa",NA,290,0,0,0,0,0,0,0,0,0,0,1,0
"ABprpaaappaa","OLQVR",400,NA,NA,NA,NA,0,0,0,0,NA,NA,NA,NA
"ABprpaaappap","death",400,NA,NA,NA,NA,0,0,0,0,NA,NA,NA,NA
"ABprpaaappp","URYVR",290,NA,NA,NA,NA,0,0,0,0,1,0,1,0
"ABprpaap",NA,135,0,0,0,0,0,0,0,0,0,0,0,0
"ABprpaapa",NA,172,0,0,0,0,0,0,0,0,0,0,0,0
"ABprpaapaa",NA,223,0,0,0,0,0,0,0,0,0,0,0,0
"ABprpaapaaa","RIVR",301,NA,NA,NA,NA,0,0,0,0,0,0,1,0
"ABprpaapaap","AVBR",301,NA,NA,NA,NA,0,0,0,0,0,0,0,0
"ABprpaapap",NA,223,0,0,0,0,0,0,0,0,0,0,0,0
"ABprpaapapa","AMsoR",301,NA,NA,NA,NA,0,0,0,0,1,0,0,0
"ABprpaapapp","CEMVR",301,NA,NA,NA,NA,0,0,0,0,1,0,1,0
"ABprpaapp",NA,172,0,0,0,0,0,0,0,0,0,0,0,0
"ABprpaappa",NA,220,0,0,0,0,0,0,0,0,0,0,0,0
"ABprpaappaa","ASHR",293,NA,NA,NA,NA,0,0,0,0,0,0,0,0
"ABprpaappap","RIBR",293,NA,NA,NA,NA,0,0,0,0,0,0,1,0
"ABprpaappp",NA,220,0,0,0,0,0,0,0,0,0,0,0,0
"ABprpaapppa","AIMR",291,NA,NA,NA,NA,0,0,0,0,1,0,0,0
"ABprpaapppp",NA,291,0,0,0,0,0,0,0,0,1,0,0,0
"ABprpaappppa","CEPVR",400,NA,NA,NA,NA,0,0,0,0,NA,NA,NA,NA
"ABprpaappppp","death",400,NA,NA,NA,NA,0,0,0,0,NA,NA,NA,NA
"ABprpap",NA,103,0,0,0,0,0,0,0,0,0,0,0,0
"ABprpapa",NA,134,0,0,0,0,0,0,0,0,0,0,0,0
"ABprpapaa",NA,172,0,0,0,0,0,0,0,0,0,0,0,0
"ABprpapaaa",NA,226,0,0,0,0,0,0,0,0,0,0,0,0
"ABprpapaaaa","SMDDR",305,NA,NA,NA,NA,0,0,0,0,0,0,1,0
"ABprpapaaap","AIYR",305,NA,NA,NA,NA,0,0,0,0,1,0,1,0
"ABprpapaap",NA,226,0,0,0,0,0,0,0,0,0,0,0,0
"ABprpapaapa","SIADR",305,NA,NA,NA,NA,0,0,0,0,1,0,1,0
"ABprpapaapp","SIBVR",305,NA,NA,NA,NA,0,0,0,0,1,0,1,0
"ABprpapap",NA,172,0,0,0,0,0,0,0,0,0,0,0,0
"ABprpapapa",NA,222,0,0,0,0,0,0,0,0,0,0,0,0
"ABprpapapaa","exc_gl_R",291,NA,NA,NA,NA,0,0,0,0,0,0,1,0
"ABprpapapap","AVKR",291,NA,NA,NA,NA,0,0,0,0,0,0,0,0
"ABprpapapp",NA,222,0,0,0,0,0,0,0,0,0,0,0,0
"ABprpapappa","SIAVR",293,NA,NA,NA,NA,0,0,0,0,1,0,1,0
"ABprpapappp","DA8",293,NA,NA,NA,NA,0,0,0,0,1,0,1,0
"ABprpapp",NA,134,0,0,0,0,0,0,0,0,0,0,0,0
"ABprpappa",NA,170,0,0,0,0,0,0,0,0,0,0,0,0
"ABprpappaa",NA,219,0,0,0,0,0,0,0,0,0,0,0,0
"ABprpappaaa","RIH",287,NA,NA,NA,NA,0,0,0,0,1,0,1,1
"ABprpappaap","AVL",287,NA,NA,NA,NA,0,0,0,0,1,0,1,0
"ABprpappap",NA,219,0,0,0,0,0,0,0,0,0,0,0,0
"ABprpappapa","RIS",289,NA,NA,NA,NA,0,0,0,0,1,0,1,0
"ABprpappapp","DB4",289,NA,NA,NA,NA,0,0,0,0,1,0,1,0
"ABprpappp",NA,170,0,0,0,0,0,0,0,0,0,0,0,0
"ABprpapppa",NA,220,0,0,0,0,0,0,0,0,0,0,0,0
"ABprpapppaa","RIR",295,NA,NA,NA,NA,0,0,0,0,1,0,1,0
"ABprpapppap","AVG",295,NA,NA,NA,NA,0,0,0,0,1,0,1,0
"ABprpapppp",NA,220,0,0,0,0,0,0,0,0,0,0,0,0
"ABprpappppa","virR",292,NA,NA,NA,NA,0,0,0,0,1,0,1,0
"ABprpappppp","virL",292,NA,NA,NA,NA,0,0,0,0,1,0,0,0
"ABprpp",NA,75,0,0,0,0,0,0,0,0,0,0,0,0
"ABprppa",NA,104,0,0,0,0,0,0,0,0,0,0,0,0
"ABprppaa",NA,137,0,0,0,0,0,0,0,0,0,0,0,0
"ABprppaaa",NA,179,0,0,0,0,0,0,0,0,0,0,0,0
"ABprppaaaa",NA,235,0,0,0,0,0,0,0,0,0,0,0,0
"ABprppaaaaa","SIBDR",298,NA,NA,NA,NA,0,0,0,0,1,0,1,0
"ABprppaaaap",NA,298,0,0,0,0,0,0,0,0,1,0,1,0
"ABprppaaaapa","death",400,NA,NA,NA,NA,0,0,0,0,NA,NA,NA,NA
"ABprppaaaapp","RICR",400,NA,NA,NA,NA,0,0,0,0,NA,NA,NA,NA
"ABprppaaap","death",235,NA,NA,NA,NA,0,0,0,0,0,0,0,0
"ABprppaap",NA,179,0,0,0,0,0,0,0,0,0,0,0,0
"ABprppaapa",NA,231,0,0,0,0,0,0,0,0,0,0,0,0
"ABprppaapaa","death",317,NA,NA,NA,NA,0,0,0,0,1,0,1,0
"ABprppaapap","RIMR",317,NA,NA,NA,NA,0,0,0,0,1,0,1,0
"ABprppaapp",NA,231,0,0,0,0,0,0,0,0,0,0,0,0
"ABprppaappa","AIAR",309,NA,NA,NA,NA,0,0,0,0,1,0,1,0
"ABprppaappp","DB7",309,NA,NA,NA,NA,0,0,0,0,1,0,1,0
"ABprppap",NA,137,0,0,0,0,0,0,0,0,0,0,0,0
"ABprppapa",NA,176,0,0,0,0,0,0,0,0,0,0,0,0
"ABprppapaa",NA,226,0,0,0,0,0,0,0,0,0,0,0,0
"ABprppapaaa",NA,297,NA,NA,NA,NA,0,0,0,0,1,0,1,0
"ABprppapaaaa","SABVR",400,NA,NA,NA,NA,0,0,0,0,NA,NA,NA,NA
"ABprppapaaap","RIFR",400,NA,NA,NA,NA,0,0,0,0,NA,NA,NA,NA
"ABprppapaap","DA1",297,NA,NA,NA,NA,0,0,0,0,1,0,1,0
"ABprppapap",NA,226,0,0,0,0,0,0,0,0,0,0,0,0
"ABprppapapa","DA3",319,NA,NA,NA,NA,0,0,0,0,1,0,1,0
"ABprppapapp","DA5",319,NA,NA,NA,NA,0,0,0,0,1,0,1,0
"ABprppapp",NA,176,0,0,0,0,0,0,0,0,0,0,0,0
"ABprppappa",NA,231,0,0,0,0,0,0,0,0,0,0,0,0
"ABprppappaa","RIGR",309,NA,NA,NA,NA,0,0,0,0,1,0,1,0
"ABprppappap","DD2",309,NA,NA,NA,NA,0,0,0,0,1,0,1,0
"ABprppappp",NA,231,0,0,0,0,0,0,0,0,0,0,0,0
"ABprppapppa","DD4",323,NA,NA,NA,NA,0,0,0,0,1,0,1,0
"ABprppapppp","DD6",323,NA,NA,NA,NA,0,0,0,0,1,0,1,0
"ABprppp",NA,104,0,0,0,0,0,0,0,0,0,0,0,0
"ABprpppa",NA,135,0,0,0,0,0,0,0,0,0,0,0,0
"ABprpppaa",NA,173,0,0,0,0,0,0,0,0,0,0,0,0
"ABprpppaaa",NA,224,0,0,0,0,0,0,0,0,0,0,0,0
"ABprpppaaaa","PDA/Y",303,NA,NA,NA,NA,0,0,0,0,1,0,1,0
"ABprpppaaap","DA7",303,NA,NA,NA,NA,0,0,0,0,1,0,0,0
"ABprpppaap",NA,224,0,0,0,0,0,0,0,0,0,0,0,0
"ABprpppaapa",NA,304,NA,NA,NA,NA,0,0,0,0,1,0,0,0
"ABprpppaapaa","PVCR",400,NA,NA,NA,NA,0,0,0,0,NA,NA,NA,NA
"ABprpppaapap","LUAR",400,NA,NA,NA,NA,0,0,0,0,NA,NA,NA,NA
"ABprpppaapp","PHAR",304,NA,NA,NA,NA,0,0,0,0,1,0,0,0
"ABprpppap",NA,173,0,0,0,0,0,0,0,0,0,0,0,0
"ABprpppapa",NA,225,0,1,0,0,0,1,0,0,0,0,0,0
"ABprpppapaa","PHshR",280,NA,NA,NA,NA,0,1,0,0,1,0,0,0
"ABprpppapap","hyp8/9",280,NA,NA,NA,NA,0,1,0,0,1,0,0,0
"ABprpppapp","death",225,NA,NA,NA,NA,0,0,0,0,1,0,0,0
"ABprpppp",NA,135,0,0,0,0,0,0,0,0,0,0,0,0
"ABprppppa",NA,172,0,0,0,0,0,0,0,0,0,0,0,0
"ABprppppaa",NA,220,0,0,0,0,0,0,0,0,0,0,0,0
"ABprppppaaa","PVPR",294,NA,NA,NA,NA,0,0,0,0,1,0,0,0
"ABprppppaap","rect_VR",294,NA,NA,NA,NA,0,0,0,0,1,0,0,0
"ABprppppap",NA,220,0,0,0,0,0,0,0,0,0,0,0,0
"ABprppppapa","B",291,NA,NA,NA,NA,0,0,0,0,1,0,0,0
"ABprppppapp","DVA",291,NA,NA,NA,NA,0,0,0,0,1,0,0,0
"ABprppppp",NA,172,0,0,0,0,0,0,0,0,0,0,0,0
"ABprpppppa",NA,223,0,0,0,0,0,0,0,0,0,0,0,0
"ABprpppppaa","mu_bod",310,NA,NA,NA,NA,0,0,0,0,0,0,0,0
"ABprpppppap","mu_sph",310,NA,NA,NA,NA,0,0,0,0,1,0,0,0
"ABprpppppp",NA,223,0,0,0,0,0,0,0,0,0,0,0,0
"ABprppppppa","spike",293,NA,NA,NA,NA,0,0,0,0,0,0,0,0
"ABprppppppp","hyp10",293,NA,NA,NA,NA,0,0,0,0,0,0,0,0
"C",NA,49,0,0,0,0,0,0,0,0,0,0,0,0
"Ca",NA,67,0,0,0,0,0,0,0,0,0,0,0,0
"Caa",NA,94,0,0,0,0,0,0,0,0,0,0,0,0
"Caaa",NA,128,0,0,0,0,0,0,0,0,0,0,0,0
"Caaaa",NA,168,0,0,0,0,0,0,0,0,0,0,0,0
"Caaaaa","hyp7",219,NA,NA,NA,NA,0,0,0,0,0,0,0,0
"Caaaap","hyp7",219,NA,NA,NA,NA,0,0,0,0,0,0,0,0
"Caaap",NA,168,0,0,0,0,0,0,0,0,0,0,0,0
"Caaapa","hyp7",216,NA,NA,NA,NA,0,0,0,0,0,0,1,0
"Caaapp","hyp7",216,NA,NA,NA,NA,0,0,0,0,0,0,1,0
"Caap",NA,128,0,0,0,0,0,0,0,0,0,0,0,0
"Caapa",NA,176,0,0,0,0,0,0,0,0,0,0,0,0
"Caapaa","DVC",306,NA,NA,NA,NA,0,0,0,0,NA,0,0,0
"Caapap","death",306,NA,NA,NA,NA,0,0,0,0,NA,0,0,0
"Caapp",NA,176,0,0,0,0,0,0,0,0,0,0,0,0
"Caappd","hyp7",231,NA,NA,NA,NA,0,0,0,0,0,0,0,0
"Caappv","PVR",231,NA,NA,NA,NA,0,0,0,0,0,0,0,0
"Cap",NA,94,0,0,0,0,0,0,0,0,0,0,0,0
"Capa",NA,133,0,0,0,0,0,0,0,0,0,0,0,0
"Capaa",NA,189,0,0,0,0,0,0,0,0,0,0,0,0
"Capaaa",NA,247,0,0,0,0,0,0,0,0,1,0,0,0
"Capaaaa","mu_bod",327,NA,NA,NA,NA,0,0,0,0,NA,0,0,NA
"Capaaap","mu_bod",327,NA,NA,NA,NA,0,0,0,0,NA,0,0,NA
"Capaap",NA,247,0,0,0,0,0,0,0,0,0,0,0,0
"Capaapa","mu_bod",336,NA,NA,NA,NA,0,0,0,0,NA,0,0,NA
"Capaapp","mu_bod",336,NA,NA,NA,NA,0,0,0,0,NA,0,1,NA
"Capap",NA,189,0,0,0,0,0,0,0,0,0,0,0,0
"Capapa",NA,248,0,0,0,0,0,0,0,0,0,0,0,0
"Capapaa","mu_bod",333,NA,NA,NA,NA,0,0,0,0,NA,0,0,NA
"Capapap","mu_bod",333,NA,NA,NA,NA,0,0,0,0,NA,0,0,NA
"Capapp",NA,248,0,0,0,0,0,0,0,0,0,0,0,0
"Capappa","mu_bod",343,NA,NA,NA,NA,0,0,0,0,NA,0,0,NA
"Capappp","mu_bod",343,NA,NA,NA,NA,0,0,0,0,NA,0,0,NA
"Capp",NA,133,0,0,0,0,0,0,0,0,0,0,0,0
"Cappa",NA,181,0,0,0,0,0,0,0,0,0,0,0,0
"Cappaa",NA,237,0,0,1,0,0,0,1,0,0,0,0,0
"Cappaaa","mu_bod",311,NA,NA,NA,NA,0,0,1,0,1,0,0,0
"Cappaap","mu_bod",311,NA,NA,NA,NA,0,0,1,0,1,0,1,0
"Cappap",NA,237,0,0,0,0,0,0,0,0,0,0,0,0
"Cappapa","mu_bod",320,NA,NA,NA,NA,0,0,0,0,NA,0,1,0
"Cappapp","mu_bod",320,NA,NA,NA,NA,0,0,0,0,NA,0,0,0
"Cappp",NA,181,0,0,0,0,0,0,0,0,0,0,0,0
"Capppa",NA,242,0,0,0,0,0,0,0,0,0,0,0,0
"Capppaa","mu_bod",323,NA,NA,NA,NA,0,0,0,0,NA,0,1,NA
"Capppap","mu_bod",323,NA,NA,NA,NA,0,0,0,0,NA,0,0,NA
"Capppp",NA,242,0,0,0,0,0,0,0,0,0,0,0,0
"Cappppd","mu_bod",337,NA,NA,NA,NA,0,0,0,0,NA,0,0,NA
"Cappppv","mu_bod",337,NA,NA,NA,NA,0,0,0,0,NA,0,0,NA
"Cp",NA,67,0,0,0,0,0,0,0,0,0,0,0,0
"Cpa",NA,94,0,0,0,0,0,0,0,0,0,0,1,0
"Cpaa",NA,127,0,0,0,0,0,0,0,0,0,0,0,0
"Cpaaa",NA,165,0,0,0,0,0,0,0,0,0,0,0,0
"Cpaaaa","hyp7",220,NA,NA,NA,NA,0,0,0,0,0,0,0,0
"Cpaaap","hyp7",220,NA,NA,NA,NA,0,0,0,0,0,0,0,0
"Cpaap",NA,165,0,0,0,0,0,0,0,0,0,0,0,0
"Cpaapa","hyp7",216,NA,NA,NA,NA,0,0,0,0,0,0,0,0
"Cpaapp","hyp7",216,NA,NA,NA,NA,0,0,0,0,0,0,1,0
"Cpap",NA,127,0,0,0,0,0,0,0,0,0,0,0,0
"Cpapa",NA,167,0,0,0,0,0,0,0,0,0,0,0,0
"Cpapaa","hyp7",225,NA,NA,NA,NA,0,0,0,0,0,0,0,0
"Cpapap","hyp7",225,NA,NA,NA,NA,0,0,0,0,0,0,0,0
"Cpapp",NA,167,0,0,0,0,0,0,0,0,0,0,0,0
"Cpappd","hyp7",227,NA,NA,NA,NA,0,0,0,0,0,0,0,0
"Cpappv","hyp11",227,NA,NA,NA,NA,0,0,0,0,0,0,0,0
"Cpp",NA,94,0,0,0,0,0,0,0,0,0,0,0,0
"Cppa",NA,131,0,0,0,0,0,0,0,0,0,0,0,0
"Cppaa",NA,186,0,0,0,0,0,0,0,0,0,0,0,0
"Cppaaa",NA,244,0,0,0,0,0,0,0,0,0,0,0,0
"Cppaaaa","mu_bod",324,NA,NA,NA,NA,0,0,0,0,NA,0,0,0
"Cppaaap","mu_bod",324,NA,NA,NA,NA,0,0,0,0,NA,0,0,0
"Cppaap",NA,244,0,0,0,0,0,0,0,0,0,0,1,0
"Cppaapa","mu_bod",337,NA,NA,NA,NA,0,0,0,0,NA,0,0,NA
"Cppaapp","mu_bod",337,NA,NA,NA,NA,0,0,0,0,NA,0,0,NA
"Cppap",NA,186,0,0,0,0,0,0,0,0,0,0,0,0
"Cppapa",NA,245,0,0,0,0,0,0,0,0,1,0,1,0
"Cppapaa","mu_bod",331,NA,NA,NA,NA,0,0,0,0,NA,0,0,NA
"Cppapap","mu_bod",331,NA,NA,NA,NA,0,0,0,0,NA,0,1,NA
"Cppapp",NA,245,0,0,0,0,0,0,0,0,0,0,0,0
"Cppappa","mu_bod",340,NA,NA,NA,NA,0,0,0,0,NA,0,0,NA
"Cppappp","mu_bod",340,NA,NA,NA,NA,0,0,0,0,NA,0,0,NA
"Cppp",NA,131,0,0,0,0,0,0,0,0,0,0,0,0
"Cpppa",NA,178,0,0,0,0,0,0,0,0,0,0,0,0
"Cpppaa",NA,233,0,0,0,0,0,0,0,0,0,0,0,0
"Cpppaaa","mu_bod",303,NA,NA,NA,NA,0,0,0,0,NA,0,0,0
"Cpppaap","mu_bod",303,NA,NA,NA,NA,0,0,0,0,NA,0,0,0
"Cpppap",NA,233,0,0,0,0,0,0,0,0,0,0,0,0
"Cpppapa","mu_bod",317,NA,NA,NA,NA,0,0,0,0,NA,0,0,0
"Cpppapp","mu_bod",317,NA,NA,NA,NA,0,0,0,0,NA,0,0,0
"Cpppp",NA,178,0,0,0,0,0,0,0,0,0,0,0,0
"Cppppa",NA,237,0,0,0,0,0,0,0,0,0,0,0,0
"Cppppaa","mu_bod",317,NA,NA,NA,NA,0,0,0,0,NA,0,1,0
"Cppppap","mu_bod",317,NA,NA,NA,NA,0,0,0,0,NA,0,1,0
"Cppppp",NA,237,0,0,0,0,0,0,0,0,0,0,0,0
"Cpppppd","mu_bod",329,NA,NA,NA,NA,0,0,0,0,NA,0,0,NA
"Cpppppv","mu_bod",329,NA,NA,NA,NA,0,0,0,0,NA,0,0,NA
"D",NA,75,0,0,0,0,0,0,0,0,0,0,0,0
"Da",NA,114,0,0,0,0,0,0,0,0,0,0,0,0
"Daa",NA,161,0,0,0,0,0,0,0,0,0,0,0,0
"Daaa",NA,214,0,0,0,0,0,0,0,0,0,0,0,0
"Daaaa","mu_bod",276,NA,NA,NA,NA,0,0,0,0,1,0,0,0
"Daaap","mu_bod",276,NA,NA,NA,NA,0,0,0,0,1,0,0,0
"Daap",NA,214,0,0,0,0,0,0,0,0,0,0,0,0
"Daapa","mu_bod",281,NA,NA,NA,NA,0,0,0,0,1,0,0,0
"Daapp","mu_bod",281,NA,NA,NA,NA,0,0,0,0,0,0,0,0
"Dap",NA,161,0,0,0,0,0,0,0,0,0,0,0,0
"Dapa",NA,208,0,0,0,0,0,0,0,0,0,0,0,0
"Dapaa","mu_bod",271,NA,NA,NA,NA,0,0,0,0,1,0,0,0
"Dapap","mu_bod",271,NA,NA,NA,NA,0,0,0,0,1,0,0,0
"Dapp",NA,208,0,0,0,0,0,0,0,0,0,0,0,0
"Dappa",NA,268,0,0,0,0,0,0,0,0,0,0,0,0
"Dappaa","mu_bod",352,NA,NA,NA,NA,0,0,0,0,NA,0,0,NA
"Dappap","mu_bod",352,NA,NA,NA,NA,0,0,0,0,NA,0,0,NA
"Dappp",NA,268,0,0,0,0,0,0,0,0,0,0,0,0
"Dapppa","mu_bod",363,NA,NA,NA,NA,0,0,0,0,NA,0,NA,NA
"Dapppp","mu_bod",363,NA,NA,NA,NA,0,0,0,0,NA,0,NA,NA
"Dp",NA,114,0,0,0,0,0,0,0,0,0,0,0,0
"Dpa",NA,161,0,0,0,0,0,0,0,0,0,0,0,0
"Dpaa",NA,213,0,0,0,0,0,0,0,0,0,0,0,0
"Dpaaa","mu_bod",279,NA,NA,NA,NA,0,0,0,0,0,0,1,0
"Dpaap","mu_bod",279,NA,NA,NA,NA,0,0,0,0,0,0,0,0
"Dpap",NA,213,0,0,0,0,0,0,0,0,0,0,0,0
"Dpapa","mu_bod",280,NA,NA,NA,NA,0,0,0,0,0,0,0,0
"Dpapp","mu_bod",280,NA,NA,NA,NA,0,0,0,0,0,0,0,0
"Dpp",NA,161,0,0,0,0,0,0,0,0,0,0,0,0
"Dppa",NA,207,0,0,0,0,0,0,0,0,0,0,0,0
"Dppaa","mu_bod",274,NA,NA,NA,NA,0,0,0,0,0,0,0,0
"Dppap","mu_bod",274,NA,NA,NA,NA,0,0,0,0,0,0,0,0
"Dppp",NA,207,0,0,0,0,0,0,0,0,0,0,0,0
"Dpppa",NA,269,0,0,0,0,0,0,0,0,0,0,0,0
"Dpppaa","mu_bod",353,NA,NA,NA,NA,0,0,0,0,NA,0,0,NA
"Dpppap","mu_bod",353,NA,NA,NA,NA,0,0,0,0,NA,0,0,NA
"Dpppp",NA,269,0,0,0,0,0,0,0,0,0,0,0,0
"Dppppa","mu_bod",400,NA,NA,NA,NA,0,0,0,0,NA,NA,NA,NA
"Dppppp","mu_bod",400,NA,NA,NA,NA,0,0,0,0,NA,NA,NA,NA
"E",NA,46,0,0,0,0,0,0,0,0,0,0,0,0
"EMS",NA,23,0,0,0,0,0,0,0,0,0,0,0,0
"Ea",NA,63,0,0,0,0,0,0,0,0,0,0,0,0
"Eal",NA,108,0,0,0,0,0,0,0,0,0,0,0,0
"Eala",NA,155,0,0,0,0,0,0,0,0,0,0,0,0
"Ealaa",NA,224,0,0,0,0,0,0,0,0,0,0,1,0
"Ealaad","int",400,NA,NA,NA,NA,0,0,0,0,NA,NA,NA,NA
"Ealaav","int",400,NA,NA,NA,NA,0,0,0,0,NA,NA,NA,NA
"Ealap","int",224,NA,NA,NA,NA,0,0,0,0,0,0,0,0
"Ealapa",NA,NA,NA,NA,NA,NA,0,0,0,0,NA,NA,NA,NA
"Ealapp",NA,NA,NA,NA,NA,NA,0,0,0,0,NA,NA,NA,NA
"Ealp",NA,155,0,0,0,0,0,0,0,0,0,0,0,0
"Ealpa","int",227,NA,NA,NA,NA,0,0,0,0,0,0,0,0
"Ealpp","int",227,NA,NA,NA,NA,0,0,0,0,1,0,0,0
"Ealppa",NA,NA,NA,NA,NA,NA,0,0,0,0,NA,NA,NA,NA
"Ealppp",NA,NA,NA,NA,NA,NA,0,0,0,0,NA,NA,NA,NA
"Ear",NA,108,0,0,0,0,0,0,0,0,0,0,0,0
"Eara",NA,157,0,0,0,0,0,0,0,0,0,0,0,0
"Earaa",NA,230,0,0,0,0,0,0,0,0,0,0,0,0
"Earaad","int",400,NA,NA,NA,NA,0,0,0,0,NA,NA,NA,NA
"Earaav","int",400,NA,NA,NA,NA,0,0,0,0,NA,NA,NA,NA
"Earap","int",230,NA,NA,NA,NA,0,0,0,0,0,0,0,0
"Earapa",NA,NA,NA,NA,NA,NA,0,0,0,0,NA,NA,NA,NA
"Earapp",NA,NA,NA,NA,NA,NA,0,0,0,0,NA,NA,NA,NA
"Earp",NA,157,0,0,0,0,0,0,0,0,0,0,0,0
"Earpa","int",232,NA,1,NA,NA,0,1,0,0,1,0,0,0
"Earpaa",NA,NA,NA,NA,NA,NA,0,1,0,0,NA,NA,NA,NA
"Earpap",NA,NA,NA,NA,NA,NA,0,1,0,0,NA,NA,NA,NA
"Earpp","int",232,NA,1,NA,NA,0,1,0,0,0,0,0,0
"Earppa",NA,NA,NA,NA,NA,NA,0,1,0,0,NA,NA,NA,NA
"Earppp",NA,NA,NA,NA,NA,NA,0,1,0,0,NA,NA,NA,NA
"Ep",NA,63,0,0,0,0,0,0,0,0,0,0,0,0
"Epl",NA,110,0,0,0,0,0,0,0,0,0,0,0,0
"Epla",NA,160,0,0,0,0,0,0,0,0,0,0,0,0
"Eplaa","int",232,NA,NA,NA,NA,0,0,0,0,0,0,0,0
"Eplaaa",NA,NA,NA,NA,NA,NA,0,0,0,0,NA,NA,NA,NA
"Eplaap",NA,NA,NA,NA,NA,NA,0,0,0,0,NA,NA,NA,NA
"Eplap","int",232,NA,NA,NA,NA,0,0,0,0,0,0,0,0
"Eplapa",NA,NA,NA,NA,NA,NA,0,0,0,0,NA,NA,NA,NA
"Eplapp",NA,NA,NA,NA,NA,NA,0,0,0,0,NA,NA,NA,NA
"Eplp",NA,160,0,0,0,0,0,0,0,0,0,0,0,0
"Eplpa","int",238,NA,NA,NA,NA,0,0,0,0,0,0,0,0
"Eplpaa",NA,NA,NA,NA,NA,NA,0,0,0,0,NA,NA,NA,NA
"Eplpap",NA,NA,NA,NA,NA,NA,0,0,0,0,NA,NA,NA,NA
"Eplpp",NA,238,0,0,0,0,0,0,0,0,0,0,0,0
"Eplppa","int",400,NA,NA,NA,NA,0,0,0,0,NA,NA,NA,NA
"Eplppaa",NA,NA,NA,NA,NA,NA,0,0,0,0,NA,NA,NA,NA
"Eplppap",NA,NA,NA,NA,NA,NA,0,0,0,0,NA,NA,NA,NA
"Eplppp","int",400,NA,NA,NA,NA,0,0,0,0,NA,NA,NA,NA
"Eplpppa",NA,NA,NA,NA,NA,NA,0,0,0,0,NA,NA,NA,NA
"Eplpppp",NA,NA,NA,NA,NA,NA,0,0,0,0,NA,NA,NA,NA
"Epr",NA,110,0,0,0,0,0,0,0,0,0,0,0,0
"Epra",NA,161,0,0,0,0,0,0,0,0,0,0,0,0
"Epraa","int",235,NA,NA,NA,NA,0,0,0,0,0,0,0,0
"Epraaa",NA,NA,NA,NA,NA,NA,0,0,0,0,NA,NA,NA,NA
"Epraap",NA,NA,NA,NA,NA,NA,0,0,0,0,NA,NA,NA,NA
"Eprap","int",235,NA,NA,NA,NA,0,0,0,0,0,0,0,0
"Eprapa",NA,NA,NA,NA,NA,NA,0,0,0,0,NA,NA,NA,NA
"Eprapp",NA,NA,NA,NA,NA,NA,0,0,0,0,NA,NA,NA,NA
"Eprp",NA,161,0,0,0,0,0,0,0,0,0,0,0,0
"Eprpa","int",241,NA,NA,NA,NA,0,0,0,0,0,0,0,0
"Eprpaa",NA,NA,NA,NA,NA,NA,0,0,0,0,NA,NA,NA,NA
"Eprpap",NA,NA,NA,NA,NA,NA,0,0,0,0,NA,NA,NA,NA
"Eprpp",NA,241,0,0,0,0,0,0,0,0,0,0,0,0
"Eprppa","int",400,NA,NA,NA,NA,0,0,0,0,NA,NA,NA,NA
"Eprppaa",NA,NA,NA,NA,NA,NA,0,0,0,0,NA,NA,NA,NA
"Eprppap",NA,NA,NA,NA,NA,NA,0,0,0,0,NA,NA,NA,NA
"Eprppp","int",400,NA,NA,NA,NA,0,0,0,0,NA,NA,NA,NA
"Eprpppa",NA,NA,NA,NA,NA,NA,0,0,0,0,NA,NA,NA,NA
"Eprpppp",NA,NA,NA,NA,NA,NA,0,0,0,0,NA,NA,NA,NA
"MS",NA,46,0,0,0,0,0,0,0,0,0,0,0,0
"MSa",NA,62,0,0,0,0,0,0,0,0,0,0,0,0
"MSaa",NA,85,0,0,0,0,0,0,0,0,0,0,0,0
"MSaaa",NA,113,0,0,0,0,0,0,0,0,0,0,0,0
"MSaaaa",NA,145,0,0,0,0,0,0,0,0,0,0,0,0
"MSaaaaa",NA,179,0,0,0,0,0,0,0,0,0,0,0,0
"MSaaaaaa",NA,221,0,0,0,0,0,0,0,0,0,1,0,0
"MSaaaaaal","GLRDL",400,NA,NA,NA,NA,0,0,0,0,NA,NA,NA,NA
"MSaaaaaar","GLRDR",400,NA,NA,NA,NA,0,0,0,0,NA,NA,NA,NA
"MSaaaaap",NA,221,0,0,0,0,0,0,0,0,0,0,0,0
"MSaaaaapa",NA,271,0,0,0,1,0,0,0,1,0,0,1,0
"MSaaaaapaa","I3",346,NA,NA,NA,NA,0,0,0,1,NA,NA,NA,NA
"MSaaaaapap","g1P",346,NA,NA,NA,NA,0,0,0,1,NA,NA,NA,NA
"MSaaaaapp","m4DL",271,NA,NA,NA,NA,0,0,0,0,0,0,0,0
"MSaaaap",NA,179,0,0,0,0,0,0,0,0,0,0,0,0
"MSaaaapa",NA,225,0,0,0,0,0,0,0,0,0,0,0,0
"MSaaaapaa","I4",287,NA,NA,NA,NA,0,0,0,0,0,0,1,1
"MSaaaapap","m5DL",287,NA,NA,NA,NA,0,0,0,0,0,0,0,1
"MSaaaapp",NA,225,0,0,0,0,0,0,0,0,0,0,0,0
"MSaaaappa","death",300,NA,NA,NA,NA,0,0,0,0,NA,0,1,0
"MSaaaappp","m7D",300,NA,NA,NA,NA,0,0,0,0,NA,0,1,0
"MSaaap",NA,145,0,0,0,0,0,0,0,0,0,0,0,0
"MSaaapa",NA,183,0,0,0,0,0,0,0,0,0,0,0,0
"MSaaapaa",NA,223,0,0,0,0,0,0,0,0,0,0,0,0
"MSaaapaaa","m3DL",278,NA,NA,NA,NA,0,0,0,0,0,0,1,0
"MSaaapaap","m4L",278,NA,NA,NA,NA,0,0,0,0,0,0,0,0
"MSaaapap",NA,223,0,0,0,0,0,0,0,0,0,0,0,0
"MSaaapapa","mc3DL",285,NA,NA,NA,NA,0,0,0,0,0,0,0,0
"MSaaapapp","m8",285,NA,NA,NA,NA,0,0,0,0,0,0,1,0
"MSaaapp",NA,183,0,0,0,0,0,0,0,0,0,0,0,0
"MSaaappa","death",259,NA,NA,NA,NA,0,0,0,0,1,0,0,0
"MSaaappp","vpi3D",259,NA,NA,NA,NA,0,0,0,0,1,0,1,0
"MSaap",NA,113,0,0,0,0,0,0,0,0,0,0,0,0
"MSaapa",NA,145,0,0,0,0,0,0,0,0,0,0,0,0
"MSaapaa",NA,179,0,0,0,0,0,0,0,0,0,0,0,0
"MSaapaaa",NA,221,0,0,0,0,0,0,0,0,0,0,0,0
"MSaapaaaa","m4VL",282,NA,NA,NA,NA,0,0,0,0,0,0,0,0
"MSaapaaap","m5VL",282,NA,NA,NA,NA,0,0,0,0,0,0,0,0
"MSaapaap",NA,221,0,0,0,0,0,0,0,0,0,0,0,0
"MSaapaapa",NA,276,0,0,0,0,0,0,0,0,0,0,0,0
"MSaapaapaa","g1AL",400,NA,NA,NA,NA,0,0,0,0,NA,NA,NA,NA
"MSaapaapap","death",400,NA,NA,NA,NA,0,0,0,0,NA,NA,NA,NA
"MSaapaapp","m7VL",276,NA,NA,NA,NA,0,0,0,0,1,0,1,0
"MSaapap",NA,179,0,0,0,0,0,0,0,0,0,0,0,0
"MSaapapa",NA,231,0,0,1,0,0,0,1,0,0,0,0,0
"MSaapapaa","g2L",351,NA,NA,NA,NA,0,0,1,0,0,0,0,NA
"MSaapapap","death",351,NA,NA,NA,NA,0,0,1,0,1,0,0,NA
"MSaapapp",NA,231,0,0,0,0,0,0,0,0,0,0,0,0
"MSaapappa","m6VL",295,NA,NA,NA,NA,0,0,0,0,NA,1,0,0
"MSaapappp","vpi2DL",295,NA,NA,NA,NA,0,0,0,0,NA,0,0,0
"MSaapp",NA,145,0,0,0,0,0,0,0,0,0,0,0,0
"MSaappa",NA,189,0,0,0,0,0,0,0,0,0,0,0,0
"MSaappaa","vpi2V",276,NA,NA,NA,NA,0,0,0,0,0,0,1,0
"MSaappap","vpi3V",276,NA,NA,NA,NA,0,0,0,0,0,0,1,0
"MSaappp",NA,189,0,0,0,0,0,0,0,0,0,0,0,0
"MSaapppa",NA,266,0,0,0,0,0,0,0,0,0,0,0,0
"MSaapppaa","mu_bod",351,NA,NA,NA,NA,0,0,0,0,NA,0,0,NA
"MSaapppap","mu_bod",351,NA,NA,NA,NA,0,0,0,0,NA,0,0,NA
"MSaapppp",NA,266,0,0,0,0,0,0,0,0,0,0,0,0
"MSaappppa","mu_bod",400,NA,NA,NA,NA,0,0,0,0,NA,NA,NA,NA
"MSaappppp","mu_bod",400,NA,NA,NA,NA,0,0,0,0,NA,NA,NA,NA
"MSap",NA,85,0,0,0,0,0,0,0,0,0,0,0,0
"MSapa",NA,116,0,0,0,0,0,0,0,0,0,0,0,0
"MSapaa",NA,149,0,0,0,0,0,0,0,0,0,0,0,0
"MSapaaa",NA,189,0,0,0,0,0,0,0,0,0,0,0,0
"MSapaaaa",NA,239,0,0,0,0,0,0,0,0,0,0,0,0
"MSapaaaad","GLRL",400,NA,NA,NA,NA,0,0,0,0,NA,NA,NA,NA
"MSapaaaav","GLRVL",400,NA,NA,NA,NA,0,0,0,0,NA,NA,NA,NA
"MSapaaap","mu_bod",239,NA,NA,NA,NA,0,0,0,0,0,0,0,0
"MSapaap",NA,189,0,0,0,0,0,0,0,0,0,0,0,0
"MSapaapa","death",261,NA,NA,NA,NA,0,0,0,0,0,0,0,0
"MSapaapp","M",261,NA,NA,NA,NA,0,0,0,0,0,0,1,0
"MSapap",NA,149,0,0,0,0,0,0,0,0,0,0,0,0
"MSapapa",NA,189,0,0,0,0,0,0,0,0,0,0,0,0
"MSapapaa",NA,239,NA,NA,NA,NA,0,0,0,0,0,0,0,0
"MSapapaaa","ccAL",400,NA,NA,NA,NA,0,0,0,0,NA,NA,NA,NA
"MSapapaap","ccPL",400,NA,NA,NA,NA,0,0,0,0,NA,NA,NA,NA
"MSapapap","mu_bod",239,NA,NA,NA,NA,0,0,0,0,0,0,1,0
"MSapapp",NA,189,0,0,0,0,0,0,0,0,0,0,0,0
"MSapappa","mu_bod",249,NA,NA,NA,NA,0,0,0,0,1,0,0,0
"MSapappp","mu_bod",249,NA,NA,NA,NA,0,0,0,0,0,0,0,0
"MSapp",NA,116,0,0,0,0,0,0,0,0,0,0,0,0
"MSappa",NA,150,0,0,0,0,0,0,0,0,0,0,0,0
"MSappaa",NA,196,0,0,0,0,0,0,0,0,0,0,0,0
"MSappaaa","hmc",263,NA,NA,NA,NA,0,0,0,0,0,0,0,0
"MSappaap","Z4",263,NA,NA,NA,NA,0,0,0,0,1,0,1,0
"MSappap",NA,196,0,0,0,0,0,0,0,0,0,0,0,0
"MSappapa","death",273,NA,NA,NA,NA,0,0,0,0,0,0,0,0
"MSappapp","mu_bod",273,NA,NA,NA,NA,0,0,0,0,0,0,0,0
"MSappp",NA,150,0,0,0,0,0,0,0,0,0,0,0,0
"MSapppa",NA,200,0,0,0,0,0,0,0,0,0,0,0,0
"MSapppaa","mu_bod",260,NA,NA,NA,NA,0,0,0,0,0,0,0,0
"MSapppap","mu_bod",260,NA,NA,NA,NA,0,0,0,0,0,0,0,0
"MSapppp",NA,200,0,0,0,0,0,0,0,0,0,0,0,0
"MSappppa","mu_bod",265,NA,NA,NA,NA,0,0,0,0,0,0,0,0
"MSappppp","mu_bod",265,NA,NA,NA,NA,0,0,0,0,0,0,0,0
"MSp",NA,62,0,0,0,0,0,0,0,0,0,0,0,0
"MSpa",NA,85,0,0,0,0,0,0,0,0,0,0,0,0
"MSpaa",NA,113,0,0,0,0,0,0,0,0,0,0,0,0
"MSpaaa",NA,146,0,0,0,0,0,0,0,0,0,0,0,0
"MSpaaaa",NA,180,0,0,0,0,0,0,0,0,0,0,0,0
"MSpaaaaa",NA,222,0,0,0,0,0,0,0,0,0,0,1,0
"MSpaaaaaa","M4",320,NA,NA,NA,NA,0,0,0,0,NA,1,1,0
"MSpaaaaap","death",320,NA,NA,NA,NA,0,0,0,0,NA,1,0,0
"MSpaaaap",NA,222,0,0,0,0,0,0,0,0,0,0,0,0
"MSpaaaapa","m3DR",278,NA,NA,NA,NA,0,0,0,0,0,1,0,0
"MSpaaaapp","m4DR",278,NA,NA,NA,NA,0,0,0,0,0,0,0,0
"MSpaaap",NA,180,0,0,0,0,0,0,0,0,0,0,0,0
"MSpaaapa",NA,225,0,0,0,0,0,0,0,0,0,0,1,0
"MSpaaapaa","I6",311,NA,NA,NA,NA,0,0,0,0,NA,0,1,0
"MSpaaapap","M5",311,NA,NA,NA,NA,0,0,0,0,NA,0,1,1
"MSpaaapp",NA,225,0,0,0,0,0,0,0,0,0,0,0,0
"MSpaaappa","m5DR",281,NA,NA,NA,NA,0,0,0,0,0,0,0,0
"MSpaaappp","m6D",281,NA,NA,NA,NA,0,0,0,0,0,1,0,0
"MSpaap",NA,146,0,0,0,0,0,0,0,0,0,0,0,0
"MSpaapa",NA,187,0,0,0,0,0,0,0,0,0,0,0,0
"MSpaapaa",NA,231,0,0,0,0,0,0,0,0,0,0,0,0
"MSpaapaaa","M1",319,NA,NA,NA,NA,0,0,0,0,NA,0,1,0
"MSpaapaap","death",319,NA,NA,NA,NA,0,0,0,0,NA,0,1,0
"MSpaapap",NA,231,0,0,0,0,0,0,0,0,0,0,0,0
"MSpaapapa","mc3DR",291,NA,NA,NA,NA,0,0,0,0,NA,0,0,0
"MSpaapapp","vpi1",291,NA,NA,NA,NA,0,0,0,0,NA,0,1,0
"MSpaapp","death",187,NA,NA,NA,NA,0,0,0,0,0,0,0,0
"MSpap",NA,113,0,0,0,0,0,0,0,0,0,0,0,0
"MSpapa",NA,146,0,0,0,0,0,0,0,0,0,0,0,0
"MSpapaa",NA,180,0,0,0,0,0,0,0,0,0,0,0,0
"MSpapaaa",NA,222,0,0,0,0,0,0,0,0,0,0,0,0
"MSpapaaaa","m4VR",283,NA,NA,NA,NA,0,0,0,0,0,0,0,0
"MSpapaaap","m5VR",283,NA,NA,NA,NA,0,0,0,0,1,0,0,0
"MSpapaap",NA,222,0,0,0,0,0,0,0,0,0,0,0,0
"MSpapaapa",NA,277,0,0,0,0,0,0,0,0,0,0,0,0
"MSpapaapaa","g1AR",400,NA,NA,NA,NA,0,0,0,0,NA,NA,NA,NA
"MSpapaapap","death",400,NA,NA,NA,NA,0,0,0,0,NA,NA,NA,NA
"MSpapaapp","m7VR",277,NA,NA,NA,NA,0,0,0,0,0,0,1,0
"MSpapap",NA,180,0,0,0,0,0,0,0,0,0,0,0,0
"MSpapapa",NA,231,0,0,0,0,0,0,0,0,0,0,0,0
"MSpapapaa","g2R",343,NA,NA,NA,NA,0,0,0,0,NA,0,1,NA
"MSpapapap","death",343,NA,NA,NA,NA,0,0,0,0,NA,0,0,NA
"MSpapapp",NA,231,0,0,0,0,0,0,0,0,0,0,0,0
"MSpapappa","m6VR",295,NA,NA,NA,NA,0,0,0,0,0,0,1,0
"MSpapappp","vpi2DR",295,NA,NA,NA,NA,0,0,0,0,0,0,1,0
"MSpapp",NA,146,0,0,0,0,0,0,0,0,0,0,0,0
"MSpappa",NA,189,0,0,0,0,0,0,0,0,0,0,0,0
"MSpappaa","mu_bod",279,NA,NA,NA,NA,0,0,0,0,NA,0,1,0
"MSpappap","mu_bod",279,NA,NA,NA,NA,0,0,0,0,NA,0,0,0
"MSpappp",NA,189,0,0,0,0,0,0,0,0,0,0,0,0
"MSpapppa",NA,263,0,0,1,0,0,0,1,0,0,0,0,0
"MSpapppaa","mu_bod",348,NA,NA,NA,NA,0,0,1,0,0,0,0,NA
"MSpapppap","mu_bod",348,NA,NA,NA,NA,0,0,1,0,0,0,0,NA
"MSpapppp",NA,263,0,0,0,0,0,0,0,0,0,0,0,0
"MSpappppa","mu_bod",400,NA,NA,NA,NA,0,0,0,0,NA,NA,NA,NA
"MSpappppp","mu_bod",400,NA,NA,NA,NA,0,0,0,0,NA,NA,NA,NA
"MSpp",NA,85,0,0,0,0,0,0,0,0,0,0,0,0
"MSppa",NA,116,0,0,0,0,0,0,0,0,0,0,0,0
"MSppaa",NA,150,0,0,0,0,0,0,0,0,0,0,0,0
"MSppaaa",NA,190,0,0,0,0,0,0,0,0,0,0,0,0
"MSppaaaa",NA,238,0,0,0,0,0,0,0,0,0,0,0,0
"MSppaaaad","GLRR",400,NA,NA,NA,NA,0,0,0,0,NA,NA,NA,NA
"MSppaaaav","GLRVR",400,NA,NA,NA,NA,0,0,0,0,NA,NA,NA,NA
"MSppaaap","mu_bod",238,NA,NA,NA,NA,0,0,0,0,0,0,1,0
"MSppaap",NA,190,0,0,0,0,0,0,0,0,0,0,0,0
"MSppaapa","death",263,NA,NA,NA,NA,0,0,0,0,0,0,0,0
"MSppaapp","mu_int_R",263,NA,NA,NA,NA,0,0,0,0,0,0,1,0
"MSppap",NA,150,0,0,0,0,0,0,0,0,0,0,0,0
"MSppapa",NA,189,0,0,0,0,0,0,0,0,0,0,0,0
"MSppapaa",NA,238,NA,NA,NA,NA,0,0,0,0,0,0,0,0
"MSppapaaa","ccAR",400,NA,NA,NA,NA,0,0,0,0,NA,NA,NA,NA
"MSppapaap","ccPR",400,NA,NA,NA,NA,0,0,0,0,NA,NA,NA,NA
"MSppapap","mu_bod",238,NA,NA,NA,NA,0,0,0,0,0,0,0,0
"MSppapp",NA,189,0,0,0,0,0,0,0,0,0,0,0,0
"MSppappa","mu_bod",248,NA,NA,NA,NA,0,0,0,0,0,0,1,0
"MSppappp","mu_bod",248,NA,NA,NA,NA,0,0,0,0,0,0,1,0
"MSppp",NA,116,0,0,0,0,0,0,0,0,0,0,0,0
"MSpppa",NA,150,0,0,0,0,0,0,0,0,0,0,0,0
"MSpppaa",NA,194,0,0,0,0,0,0,0,0,0,0,0,0
"MSpppaaa","death",261,NA,NA,NA,NA,0,0,0,0,0,0,0,0
"MSpppaap","Z1",261,NA,NA,NA,NA,0,0,0,0,0,0,0,0
"MSpppap",NA,194,0,0,0,0,0,0,0,0,0,0,0,0
"MSpppapa","death",268,NA,NA,NA,NA,0,0,0,0,0,0,1,0
"MSpppapp","mu_bod",268,NA,NA,NA,NA,0,0,0,0,0,0,1,0
"MSpppp",NA,150,0,0,0,0,0,0,0,0,0,0,0,0
"MSppppa",NA,200,0,0,0,0,0,0,0,0,0,0,0,0
"MSppppaa","mu_bod",261,NA,NA,NA,NA,0,0,0,0,0,0,0,1
"MSppppap","mu_bod",261,NA,NA,NA,NA,0,0,0,0,0,0,1,0
"MSppppp",NA,200,0,0,0,0,0,0,0,0,0,0,0,0
"MSpppppa","mu_bod",266,NA,NA,NA,NA,0,0,0,0,0,0,1,1
"MSpppppp","mu_bod",266,NA,NA,NA,NA,0,0,0,0,0,0,0,1
"P0",NA,NA,0,NA,NA,NA,0,0,0,0,NA,NA,NA,NA
"P1",NA,3,0,0,0,0,0,0,0,0,0,0,0,0
"P2",NA,23,0,0,0,0,0,0,0,0,0,0,0,0
"P3",NA,49,0,0,0,0,0,0,0,0,0,0,0,0
"P4",NA,75,0,0,0,0,0,0,0,0,0,0,0,0
"Z2","Z2",142,NA,NA,NA,NA,0,0,0,0,0,0,0,0
"Z3","Z3",142,NA,NA,NA,NA,0,0,0,0,0,0,0,0
"ABplaappppa",NA,NA,NA,NA,NA,NA,0,0,0,0,NA,NA,NA,NA
"ABplaappppp",NA,NA,NA,NA,NA,NA,0,0,0,0,NA,NA,NA,NA
"MSpppappa",NA,NA,NA,NA,NA,NA,0,0,0,0,NA,NA,NA,NA
"MSpppappp",NA,NA,NA,NA,NA,NA,0,0,0,0,NA,NA,NA,NA
"P",NA,NA,NA,NA,NA,NA,0,0,0,0,NA,NA,NA,NA
