Cell	20081128_sulston	20221004_JIM712_ceh-32_L4	20221004_JIM712_ceh-32_L2	20220915_JIM712_ceh-32_L4	20220923_JIM712_ceh-32_L4
AB	NA	NA	NA	NA	NA
ABa	16	14.7	NA	NA	NA
ABal	17	14.7	3.3	5.1	5.8
ABala	21	16.4	18.5	15.4	14.6
ABalaa	29	26.2	25.3	23.3	23.5
ABalaaa	28	31.1	32	33.9	29.4
ABalaaaa	38	39.9	40.6	42.2	41.4
ABalaaaal	67	49.8	48.6	50.8	44.3
ABalaaaala	84	93.3	113.2	98.1	78
ABalaaaalal	NA	NA	NA	NA	NA
ABalaaaalar	NA	NA	NA	NA	NA
ABalaaaalp	129	87.9	90.7	84.4	92.8
ABalaaaalpa	NA	NA	NA	NA	NA
ABalaaaalpp	NA	NA	NA	NA	NA
ABalaaaar	67	49.8	52.2	53.5	47.3
ABalaaaarl	74	87.9	79.7	70.7	117.9
ABalaaaarla	NA	NA	NA	NA	NA
ABalaaaarlp	NA	NA	NA	NA	NA
ABalaaaarr	74	76.8	76	78.9	103
ABalaaaarra	NA	NA	NA	NA	NA
ABalaaaarrp	NA	NA	NA	NA	NA
ABalaaap	38	36.5	37.2	34.2	35.5
ABalaaapa	57	44.5	50.2	48	45.5
ABalaaapal	54	80.1	79.6	73.1	74.6
ABalaaapall	NA	NA	NA	NA	NA
ABalaaapalr	NA	NA	NA	NA	NA
ABalaaapar	64	76.4	98.1	86.8	77.8
ABalaaaparl	NA	NA	NA	NA	NA
ABalaaaparr	NA	NA	NA	NA	NA
ABalaaapp	57	49.7	50.2	50.8	48.7
ABalaaappl	64	85.8	88.8	84.2	78
ABalaaappll	NA	NA	NA	NA	NA
ABalaaapplr	NA	NA	NA	NA	NA
ABalaaappr	54	78.5	77.7	70.5	79.6
ABalaaapprl	NA	NA	NA	NA	NA
ABalaaapprr	NA	NA	NA	NA	NA
ABalaap	28	31.1	32	33.9	30.9
ABalaapa	38	43.3	45.7	42.2	41.4
ABalaapaa	67	56.9	54.1	56.1	53.6
ABalaapaaa	84	NA	100.7	98.3	NA
ABalaapaaal	NA	NA	NA	NA	NA
ABalaapaaar	NA	NA	NA	NA	NA
ABalaapaap	79	68.2	89.5	87.2	75.4
ABalaapaapa	NA	NA	NA	NA	NA
ABalaapaapp	NA	NA	NA	NA	NA
ABalaapap	67	46.5	54.1	53.5	44.3
ABalaapapa	NA	64.1	110.1	NA	73.3
ABalaapapaa	NA	NA	NA	NA	NA
ABalaapapap	NA	NA	NA	NA	NA
ABalaapapp	54	71.4	78.2	65.2	88
ABalaapappa	NA	NA	NA	NA	NA
ABalaapappp	NA	NA	NA	NA	NA
ABalaapp	38	36.5	38.9	36.8	36.9
ABalaappa	67	51.5	57.4	53.4	44.1
ABalaappaa	NA	NA	NA	NA	91
ABalaappaaa	NA	NA	NA	NA	NA
ABalaappaap	NA	NA	NA	NA	NA
ABalaappap	54	67.7	76.2	78.8	66.6
ABalaappapa	NA	NA	NA	NA	NA
ABalaappapp	NA	NA	NA	NA	NA
ABalaappp	52	42.8	50.3	53.4	42.5
ABalaapppa	89	83.6	109.4	100.8	55.2
ABalaapppaa	NA	NA	NA	NA	NA
ABalaapppap	NA	NA	NA	NA	NA
ABalaapppp	64	65.5	70.4	65.1	109
ABalaappppa	119	NA	NA	NA	NA
ABalaappppaa	NA	NA	NA	NA	NA
ABalaappppap	NA	NA	NA	NA	NA
ABalaappppp	NA	NA	NA	NA	NA
ABalap	29	24.6	25.3	23.3	23.5
ABalapa	28	31	32	31.3	27.9
ABalapaa	38	38.2	37.2	36.8	38.4
ABalapaaa	47	56.7	50.2	50.8	56.5
ABalapaaaa	119	NA	126.3	NA	NA
ABalapaaaaa	NA	NA	NA	NA	NA
ABalapaaaap	NA	NA	NA	NA	NA
ABalapaaap	69	71.5	79.6	75.9	81.7
ABalapaaapa	NA	NA	NA	NA	NA
ABalapaaapp	NA	NA	NA	NA	NA
ABalapaap	48	48	46.7	50.8	48.8
ABalapaapa	98	NA	133.5	111.7	102.7
ABalapaapaa	NA	NA	NA	NA	NA
ABalapaapap	NA	NA	NA	NA	NA
ABalapaapp	63	67.5	72	75.9	78
ABalapaappa	109	NA	NA	NA	NA
ABalapaappaa	NA	NA	NA	NA	NA
ABalapaappap	NA	NA	NA	NA	NA
ABalapaappp	NA	NA	NA	NA	NA
ABalapap	38	33.2	35.5	34.2	35.4
ABalapapa	48	51.4	55.5	48	48.6
ABalapapaa	NA	82	NA	NA	102.5
ABalapapaaa	NA	NA	NA	NA	NA
ABalapapaap	NA	NA	NA	NA	NA
ABalapapap	63	67.5	79.7	64.9	68.1
ABalapapapa	119	NA	NA	NA	NA
ABalapapapaa	NA	NA	NA	NA	NA
ABalapapapap	NA	NA	NA	NA	NA
ABalapapapp	NA	NA	NA	NA	NA
ABalapapp	42	53.1	48.4	48	45.5
ABalapappa	64	62.1	68.3	56.8	56.8
ABalapappaa	114	NA	NA	NA	NA
ABalapappaaa	NA	NA	NA	NA	NA
ABalapappaap	NA	NA	NA	NA	NA
ABalapappap	NA	NA	NA	NA	NA
ABalapappp	74	93.1	84.9	75.8	89.2
ABalapapppa	NA	NA	NA	NA	NA
ABalapapppp	NA	NA	NA	NA	NA
ABalapp	28	31	32	31.3	29.4
ABalappa	38	41.6	42.2	39.5	42.9
ABalappaa	67	58.6	59.3	58.7	55.1
ABalappaaa	NA	NA	NA	NA	NA
ABalappaap	99	79.1	98.9	73.4	80.4
ABalappaapa	NA	NA	NA	NA	NA
ABalappaapp	NA	NA	NA	NA	NA
ABalappap	52	46.4	48.6	48	48.9
ABalappapa	104	NA	92.7	NA	NA
ABalappapaa	NA	NA	NA	NA	NA
ABalappapap	NA	NA	NA	NA	NA
ABalappapp	64	65.7	68.6	67.7	68.6
ABalappappa	NA	NA	NA	NA	NA
ABalappappp	NA	NA	NA	NA	NA
ABalappp	38	36.5	37.2	34.2	36.9
ABalapppa	48	48	48.5	50.6	47.2
ABalapppaa	83	74.7	83.2	78.6	84.5
ABalapppaaa	NA	NA	NA	NA	NA
ABalapppaap	NA	NA	NA	NA	NA
ABalapppap	63	65.6	66.6	67.6	91
ABalapppapa	119	NA	NA	NA	NA
ABalapppapaa	NA	NA	NA	NA	NA
ABalapppapap	NA	NA	NA	NA	NA
ABalapppapp	NA	NA	NA	NA	NA
ABalapppp	42	49.7	50.2	50.6	42.6
ABalappppa	64	56.7	57.4	59.4	58.3
ABalappppaa	114	NA	NA	NA	NA
ABalappppaaa	NA	NA	NA	NA	NA
ABalappppaap	NA	NA	NA	NA	NA
ABalappppap	NA	NA	NA	NA	NA
ABalappppp	74	67.5	72.2	67.6	76.1
ABalapppppa	NA	NA	NA	NA	NA
ABalapppppp	NA	NA	NA	NA	NA
ABalp	21	16.4	18.5	15.4	14.6
ABalpa	29	26.2	25.3	23.3	23.5
ABalpaa	28	29.4	28.7	31.3	27.9
ABalpaaa	38	41.6	40.6	39.5	42.9
ABalpaaaa	62	55.1	53.8	56	56.7
ABalpaaaaa	84	78.9	83.4	67.8	91.9
ABalpaaaaaa	NA	NA	NA	NA	NA
ABalpaaaaap	NA	NA	NA	NA	NA
ABalpaaaap	84	80.8	70.4	76	110.3
ABalpaaaapa	NA	NA	NA	NA	NA
ABalpaaaapp	NA	NA	NA	NA	NA
ABalpaaap	62	51.6	57.4	50.6	59.8
ABalpaaapa	109	89.7	85.4	78.7	108.8
ABalpaaapaa	NA	NA	NA	NA	NA
ABalpaaapap	NA	NA	NA	NA	NA
ABalpaaapp	104	NA	96.6	75.9	100.4
ABalpaaappa	NA	NA	NA	NA	NA
ABalpaaappp	NA	NA	NA	NA	NA
ABalpaap	38	34.8	35.4	31.6	32.4
ABalpaapa	48	42.6	43.1	42.5	40.8
ABalpaapaa	78	72.6	71.6	67.4	74.1
ABalpaapaaa	NA	NA	NA	NA	NA
ABalpaapaap	NA	NA	NA	NA	NA
ABalpaapap	58	52.9	49.8	48.5	58
ABalpaapapa	NA	NA	NA	NA	NA
ABalpaapapp	NA	NA	NA	NA	NA
ABalpaapp	57	47.9	51.9	47.9	50
ABalpaappa	74	87.4	84.9	78.5	97.5
ABalpaappaa	NA	NA	NA	NA	NA
ABalpaappap	NA	NA	NA	NA	NA
ABalpaappp	64	72.8	81.2	70.2	74.6
ABalpaapppa	NA	NA	NA	NA	NA
ABalpaapppp	NA	NA	NA	NA	NA
ABalpap	28	29.4	28.7	28.6	27.9
ABalpapa	38	38.2	35.4	36.8	39.9
ABalpapaa	52	49.7	50.1	50.6	51.8
ABalpapaaa	59	65.7	71.9	64.9	80
ABalpapaaaa	NA	NA	NA	NA	NA
ABalpapaaap	NA	NA	NA	NA	NA
ABalpapaap	84	76.6	84.9	78.6	75.1
ABalpapaapa	NA	NA	NA	NA	NA
ABalpapaapp	NA	NA	NA	NA	NA
ABalpapap	52	49.7	48.4	48	50.2
ABalpapapa	59	67.6	73.6	70.4	71.7
ABalpapapaa	NA	NA	NA	NA	NA
ABalpapapap	104	NA	NA	NA	NA
ABalpapapapa	NA	NA	NA	NA	NA
ABalpapapapp	NA	NA	NA	NA	NA
ABalpapapp	79	64	75.6	70.4	89.7
ABalpapappa	NA	NA	NA	NA	NA
ABalpapappp	NA	NA	NA	NA	NA
ABalpapp	38	34.8	33.7	34.2	35.4
ABalpappa	42	42.6	43	42.5	40.8
ABalpappaa	84	76.2	75.1	72.9	80.7
ABalpappaaa	NA	NA	NA	NA	NA
ABalpappaap	89	NA	NA	NA	NA
ABalpappaapa	NA	NA	NA	NA	NA
ABalpappaapp	NA	NA	NA	NA	NA
ABalpappap	54	54.6	62.3	53.8	56.5
ABalpappapa	NA	NA	NA	NA	NA
ABalpappapp	NA	NA	NA	NA	NA
ABalpappp	39	47.9	44.8	45.3	42.4
ABalpapppa	107	NA	114.3	103.2	123.6
ABalpapppaa	NA	NA	NA	NA	NA
ABalpapppap	NA	NA	NA	NA	NA
ABalpapppp	47	53	49.8	48.5	58.2
ABalpappppa	NA	NA	NA	NA	NA
ABalpappppp	NA	NA	NA	NA	NA
ABalpp	29	27.8	23.6	23.3	23.5
ABalppa	28	29.5	32	28.6	27.9
ABalppaa	38	41.7	43.9	39.5	44.4
ABalppaaa	62	60.4	53.9	53.4	56.7
ABalppaaaa	NA	NA	NA	NA	NA
ABalppaaap	64	NA	78.1	73.2	75.5
ABalppaaapa	NA	NA	NA	NA	NA
ABalppaaapp	NA	NA	NA	NA	NA
ABalppaap	57	51.7	52.2	53.4	48.9
ABalppaapa	NA	NA	NA	NA	NA
ABalppaapp	74	67.9	78	67.7	76.7
ABalppaappa	NA	NA	NA	NA	NA
ABalppaappp	NA	NA	NA	NA	NA
ABalppap	38	34.9	35.4	34.2	36.9
ABalppapa	47	44.5	48.3	47.9	47.1
ABalppapaa	79	76.4	86.7	81.2	77.9
ABalppapaaa	NA	NA	NA	NA	NA
ABalppapaap	NA	NA	NA	NA	NA
ABalppapap	74	71	81.2	73	82.8
ABalppapapa	NA	NA	NA	NA	NA
ABalppapapp	NA	NA	NA	NA	NA
ABalppapp	42	42.8	44.8	42.5	44.1
ABalppappa	74	79.9	84.6	83.8	82.7
ABalppappaa	NA	NA	NA	NA	NA
ABalppappap	NA	NA	NA	NA	NA
ABalppappp	69	67.3	69.8	64.8	69.7
ABalppapppa	124	NA	NA	NA	NA
ABalppapppaa	NA	NA	NA	NA	NA
ABalppapppap	NA	NA	NA	NA	NA
ABalppapppp	NA	NA	NA	NA	NA
ABalppp	28	27.7	30.3	28.6	26.5
ABalpppa	38	38.2	38.9	36.8	39.9
ABalpppaa	62	53.2	53.7	56	53.4
ABalpppaaa	79	84.1	92.6	81.4	88.2
ABalpppaaaa	NA	NA	NA	NA	NA
ABalpppaaap	NA	NA	NA	NA	NA
ABalpppaap	89	78.7	88.9	84.2	84.9
ABalpppaapd	NA	NA	NA	NA	NA
ABalpppaapv	NA	NA	NA	NA	NA
ABalpppap	52	44.5	50.2	48	45.6
ABalpppapa	74	91	85.1	78.6	86
ABalpppapad	NA	NA	NA	NA	NA
ABalpppapav	NA	NA	NA	NA	NA
ABalpppapp	59	63.8	74	67.6	63.3
ABalpppappa	NA	NA	NA	NA	NA
ABalpppappp	94	NA	NA	NA	NA
ABalpppapppa	NA	NA	NA	NA	NA
ABalpppapppp	NA	NA	NA	NA	NA
ABalpppp	38	34.8	35.4	34.2	33.9
ABalppppa	48	46.1	46.6	47.9	45.4
ABalppppaa	68	78.2	84.6	75.7	80.8
ABalppppaad	NA	NA	NA	NA	NA
ABalppppaav	NA	NA	NA	NA	NA
ABalppppap	78	69.1	77.2	67.5	72.7
ABalppppapa	109	NA	NA	NA	NA
ABalppppapaa	NA	NA	NA	NA	NA
ABalppppapap	NA	NA	NA	NA	NA
ABalppppapp	NA	NA	NA	NA	NA
ABalppppp	42	39.2	39.7	42.5	37.8
ABalpppppa	64	72.5	76.9	72.9	77.2
ABalpppppaa	NA	NA	NA	NA	NA
ABalpppppap	NA	NA	NA	NA	NA
ABalpppppp	44	52.8	56.9	53.8	49.9
ABalppppppa	89	NA	87.1	NA	83.1
ABalppppppaa	NA	NA	NA	NA	NA
ABalppppppap	NA	NA	NA	NA	NA
ABalppppppp	89	NA	90.9	NA	73.1
ABalpppppppa	NA	NA	NA	NA	NA
ABalpppppppp	NA	NA	NA	NA	NA
ABar	17	14.7	3.3	5.1	5.8
ABara	21	16.4	16.8	15.4	14.6
ABaraa	29	26.2	27	23.3	22.1
ABaraaa	28	31.1	30.3	31.3	29.4
ABaraaaa	38	46.7	40.6	42.2	41.4
ABaraaaaa	67	51.8	55.7	50.8	50.3
ABaraaaaaa	84	77.3	79.9	70.6	86.5
ABaraaaaaaa	NA	NA	NA	NA	NA
ABaraaaaaap	NA	NA	NA	NA	NA
ABaraaaaap	89	86.4	76.2	73.3	86.5
ABaraaaaapa	NA	NA	NA	NA	NA
ABaraaaaapp	NA	NA	NA	NA	NA
ABaraaaap	72	57	61	58.7	53.5
ABaraaaapa	79	NA	98.8	84.5	103.2
ABaraaaapaa	NA	NA	NA	NA	NA
ABaraaaapap	NA	NA	NA	NA	NA
ABaraaaapp	NA	NA	NA	NA	NA
ABaraaap	38	36.5	35.4	39.5	33.9
ABaraaapa	48	42.8	41.3	42.7	40.9
ABaraaapaa	73	80	77.1	73.1	79.1
ABaraaapaaa	NA	NA	NA	NA	NA
ABaraaapaap	NA	NA	NA	NA	NA
ABaraaapap	58	61.9	58.8	59.4	59.7
ABaraaapapa	NA	NA	NA	NA	NA
ABaraaapapp	NA	NA	NA	NA	NA
ABaraaapp	59	53.2	51.9	53.4	56.3
ABaraaappa	72	89.7	90.6	84.3	91.4
ABaraaappaa	NA	NA	NA	NA	NA
ABaraaappap	NA	NA	NA	NA	NA
ABaraaappp	67	71.4	79.5	73.3	81.5
ABaraaapppa	NA	NA	NA	NA	NA
ABaraaapppp	NA	NA	NA	NA	NA
ABaraap	28	31.1	30.3	31.3	27.9
ABaraapa	38	38.3	37.2	36.8	38.4
ABaraapaa	57	46.4	48.4	48	47.1
ABaraapaaa	69	85.7	81.2	70.4	89.4
ABaraapaaaa	NA	NA	NA	NA	NA
ABaraapaaap	NA	NA	NA	NA	NA
ABaraapaap	54	65.7	68.3	62.1	68.1
ABaraapaapa	NA	NA	NA	NA	NA
ABaraapaapp	NA	NA	NA	NA	NA
ABaraapap	57	46.4	46.6	45.4	42.5
ABaraapapa	49	53.1	60.9	56.8	51.8
ABaraapapaa	129	NA	NA	NA	NA
ABaraapapaad	NA	NA	NA	NA	NA
ABaraapapaav	NA	NA	NA	NA	NA
ABaraapapap	NA	NA	NA	NA	NA
ABaraapapp	94	102.2	83	92.3	107.1
ABaraapappa	NA	NA	NA	NA	NA
ABaraapappp	NA	NA	NA	NA	NA
ABaraapp	38	36.5	35.4	34.2	35.4
ABaraappa	57	48	48.3	48	44
ABaraappaa	74	80.2	81.2	73.1	93.9
ABaraappaaa	NA	NA	NA	NA	NA
ABaraappaap	NA	NA	NA	NA	NA
ABaraappap	54	67.5	66.4	62.1	63
ABaraappapa	NA	NA	NA	NA	NA
ABaraappapp	NA	NA	NA	NA	NA
ABaraappp	57	44.5	44.8	48	44
ABaraapppa	49	58.3	64.3	59.4	51.7
ABaraapppaa	129	NA	NA	NA	NA
ABaraapppaad	NA	NA	NA	NA	NA
ABaraapppaav	NA	NA	NA	NA	NA
ABaraapppap	NA	NA	NA	NA	NA
ABaraapppp	89	98.4	92	84	112
ABaraappppa	NA	NA	NA	NA	NA
ABaraappppp	NA	NA	NA	NA	NA
ABarap	29	26.2	27	23.3	23.5
ABarapa	28	29.4	32	31.3	27.9
ABarapaa	38	39.9	37.2	36.8	38.4
ABarapaaa	62	56.8	52	50.8	53.4
ABarapaaaa	84	82.6	77.8	70.5	93.2
ABarapaaaaa	NA	NA	NA	NA	NA
ABarapaaaap	NA	NA	NA	NA	NA
ABarapaaap	89	88.1	92.6	81.4	101.4
ABarapaaapa	NA	NA	NA	NA	NA
ABarapaaapp	NA	NA	NA	NA	NA
ABarapaap	57	44.6	46.7	45.4	42.6
ABarapaapa	109	NA	94.2	86.8	118.9
ABarapaapaa	NA	NA	NA	NA	NA
ABarapaapap	NA	NA	NA	NA	NA
ABarapaapp	54	60.3	59.1	78.6	60
ABarapaappa	NA	NA	NA	NA	NA
ABarapaappp	NA	NA	NA	NA	NA
ABarapap	38	36.5	33.7	34.2	35.4
ABarapapa	42	44.5	46.6	45.3	44
ABarapapaa	89	72.7	84.8	75.7	82.5
ABarapapaaa	NA	NA	NA	NA	NA
ABarapapaap	84	NA	NA	NA	NA
ABarapapaapa	NA	NA	NA	NA	NA
ABarapapaapp	NA	NA	NA	NA	NA
ABarapapap	64	58.3	71.9	67.5	66.3
ABarapapapa	NA	NA	NA	NA	NA
ABarapapapp	NA	NA	NA	NA	NA
ABarapapp	38	42.8	44.8	42.7	40.8
ABarapappa	108	NA	114.4	116.9	138.6
ABarapappaa	NA	NA	NA	NA	NA
ABarapappap	NA	NA	NA	NA	NA
ABarapappp	48	54.7	55.3	53.9	50.1
ABarapapppa	NA	NA	NA	NA	NA
ABarapapppp	NA	NA	NA	NA	NA
ABarapp	28	31.1	30.3	31.3	27.9
ABarappa	38	39.9	38.9	42.2	38.4
ABarappaa	57	53.3	53.8	48	53.4
ABarappaaa	74	89.8	88.9	75.9	88.2
ABarappaaaa	NA	NA	NA	NA	NA
ABarappaaap	NA	NA	NA	NA	NA
ABarappaap	84	78.8	96.4	78.7	84.9
ABarappaapa	NA	NA	NA	NA	NA
ABarappaapp	NA	NA	NA	NA	NA
ABarappap	47	49.8	52	50.8	45.6
ABarappapa	74	69.6	74.1	70.6	73
ABarappapaa	NA	NA	NA	NA	NA
ABarappapap	109	NA	NA	NA	NA
ABarappapapa	NA	NA	NA	NA	NA
ABarappapapp	NA	NA	NA	NA	NA
ABarappapp	79	76.8	83.3	70.6	79.6
ABarappappa	NA	NA	NA	NA	NA
ABarappappp	NA	NA	NA	NA	NA
ABarappp	38	36.5	33.7	34.2	35.4
ABarapppa	48	51.5	51.9	48	50.1
ABarapppaa	73	85.9	86.8	84	82.9
ABarapppaaa	NA	NA	NA	NA	NA
ABarapppaap	NA	NA	NA	NA	NA
ABarapppap	73	76.7	79.4	81.3	79.6
ABarapppapa	NA	NA	NA	NA	NA
ABarapppapp	NA	NA	NA	NA	NA
ABarapppp	47	44.5	48.4	45.3	45.5
ABarappppa	74	78.3	94.1	83.9	84.3
ABarappppaa	NA	NA	NA	NA	NA
ABarappppap	NA	NA	NA	NA	NA
ABarappppp	69	63.8	73.6	75.7	72.9
ABarapppppa	114	NA	NA	NA	NA
ABarapppppaa	NA	NA	NA	NA	NA
ABarapppppap	NA	NA	NA	NA	NA
ABarapppppp	NA	NA	NA	NA	NA
ABarp	21	16.4	16.8	15.4	14.6
ABarpa	29	26.2	27	25.8	22.1
ABarpaa	28	27.7	28.7	26	27.9
ABarpaaa	38	50.1	45.6	47.5	44.4
ABarpaaaa	67	51.8	50.4	50.8	53.6
ABarpaaaaa	79	NA	81.6	87.1	105
ABarpaaaaal	NA	NA	NA	NA	NA
ABarpaaaaar	NA	NA	NA	NA	NA
ABarpaaaap	79	73.6	79.7	81.5	76.9
ABarpaaaapa	NA	NA	NA	NA	NA
ABarpaaaapp	NA	NA	NA	NA	NA
ABarpaaap	67	60.6	53.9	56.1	56.7
ABarpaaapa	74	NA	83.6	79	98.5
ABarpaaapaa	NA	NA	NA	NA	NA
ABarpaaapap	NA	NA	NA	NA	NA
ABarpaaapp	NA	NA	NA	NA	NA
ABarpaap	38	38.3	37.1	36.8	36.8
ABarpaapa	47	51.5	44.8	53.4	44
ABarpaapaa	NA	NA	NA	NA	NA
ABarpaapap	NA	NA	NA	NA	NA
ABarpaapp	42	49.7	46.6	50.6	44
ABarpaappa	NA	NA	NA	NA	NA
ABarpaappp	NA	NA	NA	NA	NA
ABarpap	28	29.4	30.3	26	29.4
ABarpapa	38	36.5	40.6	36.8	36.9
ABarpapaa	58	53.2	52.1	50.6	50.2
ABarpapaaa	88	87.7	83.4	89.5	63.4
ABarpapaaaa	NA	NA	NA	NA	NA
ABarpapaaap	NA	NA	NA	NA	NA
ABarpapaap	58	56.8	63	64.9	60.2
ABarpapaapa	NA	NA	NA	NA	NA
ABarpapaapp	90	NA	NA	NA	NA
ABarpapaappa	NA	NA	NA	NA	NA
ABarpapaappp	NA	NA	NA	NA	NA
ABarpapap	57	49.7	50.3	48	47.1
ABarpapapa	NA	NA	NA	NA	NA
ABarpapapp	NA	NA	NA	NA	NA
ABarpapp	38	36.5	40.6	36.8	38.4
ABarpappa	67	58.4	53.9	50.6	51.8
ABarpappaa	NA	NA	NA	NA	NA
ABarpappap	NA	NA	NA	NA	NA
ABarpappp	47	48	46.8	48	47.2
ABarpapppa	NA	NA	NA	NA	NA
ABarpapppp	NA	NA	NA	NA	NA
ABarpp	29	29.5	30.3	28.4	23.5
ABarppa	28	27.8	28.7	26	26.5
ABarppaa	38	41.7	42.2	42.2	47.4
ABarppaaa	62	56.9	55.7	50.8	55.2
ABarppaaaa	NA	NA	NA	NA	NA
ABarppaaap	NA	NA	NA	NA	NA
ABarppaap	57	51.7	50.4	45.4	52.1
ABarppaapa	NA	NA	NA	NA	NA
ABarppaapp	204	NA	NA	NA	NA
ABarppaappa	NA	NA	NA	NA	NA
ABarppaappp	NA	NA	NA	NA	NA
ABarppap	38	41.7	47.4	44.8	44.4
ABarppapa	57	56.9	54.2	53.5	52
ABarppapaa	NA	NA	NA	NA	NA
ABarppapap	NA	NA	NA	NA	NA
ABarppapp	57	58.7	54.2	53.5	53.6
ABarppappa	NA	NA	NA	NA	NA
ABarppappp	NA	NA	NA	NA	NA
ABarppp	28	29.5	28.7	26	27.9
ABarpppa	38	40	40.6	39.5	39.9
ABarpppaa	62	51.7	55.7	50.6	56.5
ABarpppaaa	NA	NA	NA	NA	NA
ABarpppaap	NA	NA	NA	NA	NA
ABarpppap	57	48.2	50.4	45.3	47.2
ABarpppapa	NA	NA	NA	NA	NA
ABarpppapp	199	NA	NA	NA	NA
ABarpppappa	NA	NA	NA	NA	NA
ABarpppappp	NA	NA	NA	NA	NA
ABarpppp	38	40	47.4	42.2	41.4
ABarppppa	57	53.4	52.4	53.4	59.7
ABarppppaa	NA	NA	NA	NA	NA
ABarppppap	NA	NA	NA	NA	NA
ABarppppp	52	56.9	54.2	53.4	58.2
ABarpppppa	NA	NA	NA	NA	NA
ABarpppppp	NA	NA	NA	NA	NA
ABp	16	13	NA	NA	NA
ABpl	17	16.3	3.3	5.1	5.8
ABpla	21	16.4	16.8	15.4	14.6
ABplaa	29	22.9	25.3	23.3	20.6
ABplaaa	28	31	28.7	28.6	27.9
ABplaaaa	38	38.3	43.9	42.1	35.4
ABplaaaaa	57	51.5	52.1	50.6	48.6
ABplaaaaaa	89	93.2	98.3	89.7	99
ABplaaaaaaa	NA	NA	NA	NA	NA
ABplaaaaaap	NA	NA	NA	NA	NA
ABplaaaaap	64	67.6	66.7	59.5	66.5
ABplaaaaapa	NA	NA	NA	NA	NA
ABplaaaaapp	89	NA	NA	NA	NA
ABplaaaaappa	NA	NA	NA	NA	NA
ABplaaaaappp	NA	NA	NA	NA	NA
ABplaaaap	57	53.2	55.7	53.4	48.6
ABplaaaapa	NA	NA	NA	NA	NA
ABplaaaapp	NA	NA	NA	NA	NA
ABplaaap	38	38.3	42.2	42.1	42.8
ABplaaapa	67	61.9	55.6	48	51.8
ABplaaapaa	NA	NA	NA	NA	NA
ABplaaapap	NA	NA	NA	NA	NA
ABplaaapp	52	53.2	50.2	48	48.8
ABplaaappa	NA	NA	NA	NA	NA
ABplaaappp	NA	NA	NA	NA	NA
ABplaap	28	31	28.7	26	26.5
ABplaapa	38	38.3	38.8	42.1	36.8
ABplaapaa	57	53.2	48.3	45.4	48.6
ABplaapaaa	79	84	86.7	78.6	90.8
ABplaapaaaa	NA	NA	NA	NA	NA
ABplaapaaap	NA	NA	NA	NA	NA
ABplaapaap	59	69.4	73.8	70.4	71.3
ABplaapaapa	NA	NA	NA	NA	NA
ABplaapaapp	NA	NA	NA	NA	NA
ABplaapap	57	49.7	50.1	45.4	43.9
ABplaapapa	79	82.1	88.6	81.3	88.9
ABplaapapaa	NA	NA	NA	NA	NA
ABplaapapap	NA	NA	NA	NA	NA
ABplaapapp	54	63.9	72	59.4	61.4
ABplaapappa	NA	NA	NA	NA	NA
ABplaapappp	109	NA	NA	NA	NA
ABplaapapppa	NA	NA	NA	NA	NA
ABplaapapppp	NA	NA	NA	NA	NA
ABplaapp	38	34.9	35.4	39.5	35.4
ABplaappa	57	58.3	48.3	48	53.1
ABplaappaa	NA	NA	NA	NA	NA
ABplaappap	NA	NA	NA	NA	NA
ABplaappp	42	49.6	46.5	48	46.9
ABplaapppa	NA	NA	NA	NA	NA
ABplaapppp	NA	NA	NA	NA	NA
ABplap	29	24.6	25.3	23.3	22.1
ABplapa	28	29.4	28.7	28.6	26.5
ABplapaa	38	38.3	38.8	36.8	38.3
ABplapaaa	47	49.7	48.3	45.3	48.6
ABplapaaaa	89	80.2	83	75.7	82.8
ABplapaaaaa	NA	NA	NA	NA	NA
ABplapaaaap	109	NA	NA	NA	NA
ABplapaaaapa	NA	NA	NA	NA	NA
ABplapaaaapp	NA	NA	NA	NA	NA
ABplapaaap	84	87.5	81.2	78.5	87.7
ABplapaaapa	114	NA	NA	NA	NA
ABplapaaapad	NA	NA	NA	NA	NA
ABplapaaapav	NA	NA	NA	NA	NA
ABplapaaapp	NA	NA	NA	NA	NA
ABplapaap	47	53.2	57.2	50.6	54.7
ABplapaapa	NA	NA	NA	NA	NA
ABplapaapp	NA	NA	NA	NA	NA
ABplapap	38	34.9	37.1	34.2	33.9
ABplapapa	42	49.6	51.9	53.3	48.5
ABplapapaa	334	NA	NA	NA	NA
ABplapapaaa	NA	NA	NA	NA	NA
ABplapapaap	NA	NA	NA	NA	NA
ABplapapap	NA	NA	NA	NA	NA
ABplapapp	42	47.9	46.6	45.3	46.9
ABplapappa	NA	NA	NA	NA	NA
ABplapappp	84	89.2	97.5	83.9	82.4
ABplapapppa	NA	NA	NA	NA	NA
ABplapapppp	94	NA	NA	NA	NA
ABplapappppa	84	NA	NA	NA	NA
ABplapappppaa	NA	NA	NA	NA	NA
ABplapappppap	NA	NA	NA	NA	NA
ABplapappppp	NA	NA	NA	NA	NA
ABplapp	28	29.4	30.3	28.6	27.9
ABplappa	38	39.9	40.6	42.1	35.4
ABplappaa	42	51.5	48.5	48	47.1
ABplappaaa	NA	NA	NA	NA	NA
ABplappaap	NA	NA	NA	NA	NA
ABplappap	42	51.5	53.8	48	50.1
ABplappapa	NA	NA	NA	NA	NA
ABplappapp	NA	NA	NA	NA	NA
ABplappp	38	43.3	43.9	42.1	38.4
ABplapppa	57	51.6	55.7	48	48.7
ABplapppaa	79	NA	89.2	86.9	96
ABplapppaaa	NA	NA	NA	NA	NA
ABplapppaap	NA	NA	NA	NA	NA
ABplapppap	59	64.2	72.5	65	69.9
ABplapppapa	NA	NA	NA	NA	NA
ABplapppapp	114	NA	NA	NA	NA
ABplapppappa	NA	NA	NA	NA	NA
ABplapppappp	NA	NA	NA	NA	NA
ABplapppp	57	55.1	55.7	48	51.8
ABplappppa	NA	NA	NA	NA	NA
ABplappppp	NA	NA	NA	NA	NA
ABplp	21	16.4	16.8	15.4	14.6
ABplpa	29	27.8	27	23.3	22.1
ABplpaa	28	29.5	30.3	31.3	29.4
ABplpaaa	38	34.9	37.2	39.5	36.9
ABplpaaaa	47	46.2	46.6	48	44.1
ABplpaaaaa	69	81.9	81.2	75.9	87.6
ABplpaaaaaa	NA	NA	NA	NA	NA
ABplpaaaaap	NA	NA	NA	NA	NA
ABplpaaaap	64	74.7	73.8	65	72.9
ABplpaaaapa	NA	NA	NA	NA	NA
ABplpaaaapp	NA	NA	NA	NA	NA
ABplpaaap	47	48	46.6	45.3	47.1
ABplpaaapa	84	94.8	101.6	84	107.5
ABplpaaapaa	NA	NA	NA	NA	NA
ABplpaaapap	NA	NA	NA	NA	NA
ABplpaaapp	69	65.6	73.8	59.4	71.5
ABplpaaappa	119	NA	NA	NA	NA
ABplpaaappaa	NA	NA	NA	NA	NA
ABplpaaappap	NA	NA	NA	NA	NA
ABplpaaappp	NA	NA	NA	NA	NA
ABplpaap	38	34.9	35.4	36.8	33.9
ABplpaapa	52	48	46.6	50.8	47.1
ABplpaapaa	79	71.1	75.6	75.9	85.9
ABplpaapaaa	NA	NA	NA	NA	NA
ABplpaapaap	NA	NA	NA	NA	NA
ABplpaapap	84	80.1	81.1	75.9	81
ABplpaapapa	NA	NA	NA	NA	NA
ABplpaapapp	NA	NA	NA	NA	NA
ABplpaapp	42	46.2	44.8	48	44
ABplpaappa	74	76.4	77.2	75.8	77.6
ABplpaappaa	NA	NA	NA	NA	NA
ABplpaappap	NA	NA	NA	NA	NA
ABplpaappp	64	69.2	71.7	70.4	69.5
ABplpaapppa	NA	NA	NA	NA	NA
ABplpaapppp	119	NA	NA	NA	NA
ABplpaappppa	NA	NA	NA	NA	NA
ABplpaappppp	NA	NA	NA	NA	NA
ABplpap	28	27.7	30.3	28.6	27.9
ABplpapa	38	38.2	35.4	36.8	35.4
ABplpapaa	47	53.2	53.6	61.4	54.8
ABplpapaaa	84	80.4	81.4	76	84.8
ABplpapaaaa	NA	NA	NA	NA	NA
ABplpapaaap	NA	NA	NA	NA	NA
ABplpapaap	79	78.7	85.1	73.3	83.1
ABplpapaapa	NA	NA	NA	NA	NA
ABplpapaapp	NA	NA	NA	NA	NA
ABplpapap	47	48	48.3	56	48.6
ABplpapapa	64	69.3	73.8	67.7	77.8
ABplpapapaa	NA	NA	NA	NA	NA
ABplpapapap	NA	NA	NA	NA	NA
ABplpapapp	74	74.8	71.9	70.5	71.4
ABplpapappa	NA	NA	NA	NA	NA
ABplpapappp	NA	NA	NA	NA	NA
ABplpapp	38	34.8	33.7	36.8	31
ABplpappa	37	42.6	44.8	45.3	42.2
ABplpappaa	54	56.5	53.5	59.4	49.9
ABplpappaaa	NA	NA	NA	NA	NA
ABplpappaap	NA	NA	NA	NA	NA
ABplpappap	NA	NA	NA	NA	NA
ABplpappp	49	51.4	55.4	56	49.9
ABplpapppa	57	74.8	77.7	73.2	82.5
ABplpapppaa	NA	NA	NA	NA	NA
ABplpapppap	NA	NA	NA	NA	NA
ABplpapppp	62	80.2	85.1	75.9	82.5
ABplpappppa	NA	NA	NA	NA	NA
ABplpappppp	NA	NA	NA	NA	NA
ABplpp	29	26.2	27	23.3	22.1
ABplppa	28	31.1	33.7	31.3	29.4
ABplppaa	38	39.9	40.6	39.5	39.9
ABplppaaa	57	55.1	50.4	53.4	50.2
ABplppaaaa	69	60.7	64.9	59.6	60.4
ABplppaaaaa	NA	NA	NA	NA	NA
ABplppaaaap	104	NA	NA	NA	NA
ABplppaaaapa	NA	NA	NA	NA	NA
ABplppaaaapp	NA	NA	NA	NA	NA
ABplppaaap	NA	NA	NA	NA	NA
ABplppaap	62	51.6	52.2	56	50.2
ABplppaapa	74	86.1	78	78.8	106.3
ABplppaapaa	NA	NA	NA	NA	NA
ABplppaapap	NA	NA	NA	NA	NA
ABplppaapp	69	75.1	85.4	73.3	78.3
ABplppaappa	NA	NA	NA	NA	NA
ABplppaappp	NA	NA	NA	NA	NA
ABplppap	38	38.3	37.2	36.8	35.4
ABplppapa	57	48.1	50.3	50.8	45.5
ABplppapaa	59	67.6	75.9	73.2	68
ABplppapaaa	119	NA	NA	NA	NA
ABplppapaaaa	NA	NA	NA	NA	NA
ABplppapaaap	NA	NA	NA	NA	NA
ABplppapaap	NA	NA	NA	NA	NA
ABplppapap	84	87.6	88.9	84.2	82.7
ABplppapapa	NA	NA	NA	NA	NA
ABplppapapp	NA	NA	NA	NA	NA
ABplppapp	57	51.6	55.7	56.1	51.7
ABplppappa	79	73.1	83.6	73.3	74.8
ABplppappaa	NA	NA	NA	NA	NA
ABplppappap	NA	NA	NA	NA	NA
ABplppappp	89	86	91	81.5	82.9
ABplppapppa	NA	NA	NA	NA	NA
ABplppapppp	NA	NA	NA	NA	NA
ABplppp	28	27.7	32	28.6	27.9
ABplpppa	38	36.5	35.5	39.5	35.4
ABplpppaa	52	49.6	51.9	48	47.1
ABplpppaaa	64	80.1	87	78.6	79.4
ABplpppaaaa	NA	NA	NA	NA	NA
ABplpppaaap	NA	NA	NA	NA	NA
ABplpppaap	32	72.9	85.1	73.1	77.8
ABplpppaapa	176	NA	NA	NA	NA
ABplpppaapaa	NA	NA	NA	NA	NA
ABplpppaapap	NA	NA	NA	NA	NA
ABplpppaapp	NA	NA	NA	NA	NA
ABplpppap	52	47.9	55.5	48	47.1
ABplpppapa	49	51.3	61.2	54	50.3
ABplpppapaa	NA	NA	NA	NA	NA
ABplpppapap	NA	NA	NA	NA	NA
ABplpppapp	NA	NA	NA	NA	NA
ABplpppp	38	34.9	35.5	36.8	33.9
ABplppppa	47	46.1	50.2	48	43.9
ABplppppaa	69	67.3	79.5	67.6	71.1
ABplppppaaa	NA	NA	NA	NA	NA
ABplppppaap	NA	NA	NA	NA	NA
ABplppppap	59	70.9	81.4	81.3	67.8
ABplppppapa	NA	NA	NA	NA	NA
ABplppppapp	NA	NA	NA	NA	NA
ABplppppp	49	51.4	55.5	53.4	51.6
ABplpppppa	67	85.7	94.5	97.9	92.6
ABplpppppaa	NA	NA	NA	NA	NA
ABplpppppap	NA	NA	NA	NA	NA
ABplpppppp	67	60.3	79.7	67.7	66.6
ABplppppppa	NA	NA	NA	NA	NA
ABplppppppp	NA	NA	NA	NA	NA
ABpr	17	16.3	3.3	5.1	5.8
ABpra	21	16.4	16.8	15.4	14.6
ABpraa	29	26.2	25.3	23.3	22.1
ABpraaa	28	31.1	32	28.6	27.9
ABpraaaa	38	41.7	38.9	42.1	45.8
ABpraaaaa	62	55.2	53.8	50.6	55.1
ABpraaaaaa	79	80.9	90.8	84.2	75.5
ABpraaaaaaa	NA	NA	NA	NA	NA
ABpraaaaaap	NA	NA	NA	NA	NA
ABpraaaaap	89	90	94.5	84.2	90.2
ABpraaaaapd	NA	NA	NA	NA	NA
ABpraaaaapv	NA	NA	NA	NA	NA
ABpraaaap	52	46.5	48.5	45.3	44.3
ABpraaaapa	79	87.7	79.5	78.6	96.3
ABpraaaapad	NA	NA	NA	NA	NA
ABpraaaapav	NA	NA	NA	NA	NA
ABpraaaapp	59	64	70.3	70.4	68.4
ABpraaaappa	NA	NA	NA	NA	NA
ABpraaaappp	94	NA	NA	NA	NA
ABpraaaapppa	NA	NA	NA	NA	NA
ABpraaaapppp	NA	NA	NA	NA	NA
ABpraaap	38	36.5	33.7	36.8	36.8
ABpraaapa	52	49.7	46.6	50.6	47
ABpraaapaa	64	78.5	82.7	75.8	77.8
ABpraaapaad	NA	NA	NA	NA	NA
ABpraaapaav	NA	NA	NA	NA	NA
ABpraaapap	74	74.9	73.5	70.4	71.4
ABpraaapapa	104	NA	NA	NA	NA
ABpraaapapaa	NA	NA	NA	NA	NA
ABpraaapapap	NA	NA	NA	NA	NA
ABpraaapapp	NA	NA	NA	NA	NA
ABpraaapp	42	41	43.1	39.9	37.8
ABpraaappa	64	76.3	73.4	78.3	78.9
ABpraaappaa	NA	NA	NA	NA	NA
ABpraaappap	NA	NA	NA	NA	NA
ABpraaappp	44	51.1	55.3	51.1	51.5
ABpraaapppa	89	NA	81.5	NA	NA
ABpraaapppaa	NA	NA	NA	NA	NA
ABpraaapppap	NA	NA	NA	NA	NA
ABpraaapppp	89	NA	75.9	68.5	NA
ABpraaappppa	NA	NA	NA	NA	NA
ABpraaappppp	NA	NA	NA	NA	NA
ABpraap	28	27.7	30.3	28.6	26.5
ABpraapa	38	41.7	37.1	36.8	41.3
ABpraapaa	57	49.8	48.3	48	47.2
ABpraapaaa	74	85.9	86.7	81.3	81.2
ABpraapaaaa	NA	NA	NA	NA	NA
ABpraapaaap	NA	NA	NA	NA	NA
ABpraapaap	59	71.3	68.3	70.4	69.9
ABpraapaapa	NA	NA	NA	NA	NA
ABpraapaapp	NA	NA	NA	NA	NA
ABpraapap	57	48.1	50.1	50.6	45.6
ABpraapapa	79	82.2	86.8	78.6	82.8
ABpraapapaa	NA	NA	NA	NA	NA
ABpraapapap	NA	NA	NA	NA	NA
ABpraapapp	59	64	68.3	59.4	64.9
ABpraapappa	NA	NA	NA	NA	NA
ABpraapappp	104	NA	NA	NA	NA
ABpraapapppa	NA	NA	NA	NA	NA
ABpraapapppp	NA	NA	NA	NA	NA
ABpraapp	38	36.5	35.4	36.8	35.4
ABpraappa	57	54.8	51.9	53.4	54.7
ABpraappaa	NA	NA	NA	NA	109.3
ABpraappaaa	NA	NA	NA	NA	NA
ABpraappaap	NA	NA	NA	NA	NA
ABpraappap	NA	NA	NA	NA	NA
ABpraappp	47	49.6	50.1	48	50
ABpraapppa	NA	NA	NA	NA	NA
ABpraapppp	NA	NA	NA	NA	NA
ABprap	29	24.6	27	23.3	23.5
ABprapa	28	29.4	30.3	26	26.5
ABprapaa	38	38.3	38.9	42.1	38.4
ABprapaaa	49	48	48.5	45.4	45.5
ABprapaaaa	87	80.1	90.6	78.6	81.1
ABprapaaaaa	NA	NA	NA	NA	NA
ABprapaaaap	114	NA	NA	NA	NA
ABprapaaaapa	NA	NA	NA	NA	NA
ABprapaaaapp	NA	NA	NA	NA	NA
ABprapaaap	82	72.9	85.1	73.1	73
ABprapaaapa	119	NA	NA	NA	NA
ABprapaaapad	NA	NA	NA	NA	NA
ABprapaaapav	NA	NA	NA	NA	NA
ABprapaaapp	NA	NA	NA	NA	NA
ABprapaap	52	55	53.8	53.4	48.7
ABprapaapa	NA	NA	NA	NA	NA
ABprapaapp	NA	NA	NA	NA	NA
ABprapap	38	34.9	35.4	36.8	35.4
ABprapapa	47	49.6	50.1	47.9	45.5
ABprapapaa	329	NA	NA	NA	NA
ABprapapaaa	NA	NA	NA	NA	NA
ABprapapaap	NA	NA	NA	NA	NA
ABprapapap	NA	NA	NA	NA	NA
ABprapapp	47	44.4	46.6	45.3	44
ABprapappa	NA	NA	NA	NA	NA
ABprapappp	79	83.5	95.9	86.7	90.6
ABprapapppa	NA	NA	NA	NA	NA
ABprapapppp	94	NA	NA	NA	NA
ABprapappppa	84	NA	NA	NA	NA
ABprapappppaa	NA	NA	NA	NA	NA
ABprapappppap	NA	NA	NA	NA	NA
ABprapappppp	NA	NA	NA	NA	NA
ABprapp	28	31	30.3	28.6	27.9
ABprappa	38	38.2	40.6	44.8	42.9
ABprappaa	45	49.7	50.3	48	50.4
ABprappaaa	NA	NA	NA	NA	NA
ABprappaap	NA	NA	NA	NA	NA
ABprappap	45	48	52.1	45.4	50.4
ABprappapa	NA	NA	NA	NA	NA
ABprappapp	NA	NA	NA	NA	NA
ABprappp	38	41.6	43.9	44.8	39.9
ABprapppa	57	55.1	52.2	50.8	53.4
ABprapppaa	79	NA	92.9	84.3	99.8
ABprapppaaa	NA	NA	NA	NA	NA
ABprapppaap	NA	NA	NA	NA	NA
ABprapppap	59	71.6	76.2	65.1	70.3
ABprapppapa	NA	NA	NA	NA	NA
ABprapppapp	114	NA	NA	NA	NA
ABprapppappa	NA	NA	NA	NA	NA
ABprapppappp	NA	NA	NA	NA	NA
ABprapppp	57	53.3	55.7	48	53.4
ABprappppa	NA	NA	NA	NA	NA
ABprappppp	NA	NA	NA	NA	NA
ABprp	21	16.4	18.5	15.4	14.6
ABprpa	29	24.6	25.3	23.3	22.1
ABprpaa	28	31	32	28.6	29.4
ABprpaaa	38	36.5	37.2	36.8	36.9
ABprpaaaa	49	46.2	46.7	45.3	44.1
ABprpaaaaa	67	72.8	83.1	73	81
ABprpaaaaaa	NA	NA	NA	NA	NA
ABprpaaaaap	NA	NA	NA	NA	NA
ABprpaaaap	67	67.4	75.7	64.8	74.6
ABprpaaaapa	NA	NA	NA	NA	NA
ABprpaaaapp	NA	NA	NA	NA	NA
ABprpaaap	49	48	46.7	45.3	44.1
ABprpaaapa	87	93	103.5	92.1	100.7
ABprpaaapaa	NA	NA	NA	NA	NA
ABprpaaapap	NA	NA	NA	NA	NA
ABprpaaapp	67	65.6	70.1	70.2	61.6
ABprpaaappa	115	NA	NA	NA	NA
ABprpaaappaa	NA	NA	NA	NA	NA
ABprpaaappap	NA	NA	NA	NA	NA
ABprpaaappp	NA	NA	NA	NA	NA
ABprpaap	38	36.5	35.5	34.2	35.4
ABprpaapa	49	49.7	50.2	47.9	47
ABprpaapaa	77	87.5	74	73	84.4
ABprpaapaaa	NA	NA	NA	NA	NA
ABprpaapaap	NA	NA	NA	NA	NA
ABprpaapap	77	80.2	88.8	73	86
ABprpaapapa	NA	NA	NA	NA	NA
ABprpaapapp	NA	NA	NA	NA	NA
ABprpaapp	42	46.2	48.4	47.9	42.4
ABprpaappa	81	74.7	79.4	75.7	79.2
ABprpaappaa	NA	NA	NA	NA	NA
ABprpaappap	NA	NA	NA	NA	NA
ABprpaappp	74	69.2	79.4	70.2	77.6
ABprpaapppa	NA	NA	NA	NA	NA
ABprpaapppp	114	NA	NA	NA	NA
ABprpaappppa	NA	NA	NA	NA	NA
ABprpaappppp	NA	NA	NA	NA	NA
ABprpap	28	31	30.3	28.6	27.9
ABprpapa	38	36.5	35.4	36.8	35.4
ABprpapaa	49	51.5	51.9	50.6	48.6
ABprpapaaa	81	74.9	77.7	73.1	82.7
ABprpapaaaa	NA	NA	NA	NA	NA
ABprpapaaap	NA	NA	NA	NA	NA
ABprpapaap	77	73	83.2	70.4	77.8
ABprpapaapa	NA	NA	NA	NA	NA
ABprpapaapp	NA	NA	NA	NA	NA
ABprpapap	47	48	53.6	50.6	44
ABprpapapa	64	69.2	66.6	62.1	66.3
ABprpapapaa	NA	NA	NA	NA	NA
ABprpapapap	NA	NA	NA	NA	NA
ABprpapapp	69	71.1	72.2	64.9	69.5
ABprpapappa	NA	NA	NA	NA	NA
ABprpapappp	NA	NA	NA	NA	NA
ABprpapp	38	34.8	35.4	34.2	33.9
ABprpappa	42	46.1	48.3	47.9	47
ABprpappaa	69	65.5	68.3	67.5	69.5
ABprpappaaa	NA	NA	NA	NA	NA
ABprpappaap	NA	NA	NA	NA	NA
ABprpappap	69	69.1	77.5	70.2	69.5
ABprpappapa	NA	NA	NA	NA	NA
ABprpappapp	NA	NA	NA	NA	NA
ABprpappp	49	47.9	50.1	47.9	43.9
ABprpapppa	67	74.7	81.2	86.7	80.7
ABprpapppaa	NA	NA	NA	NA	NA
ABprpapppap	NA	NA	NA	NA	NA
ABprpapppp	62	71	73.8	70.2	72.6
ABprpappppa	NA	NA	NA	NA	NA
ABprpappppp	NA	NA	NA	NA	NA
ABprpp	29	26.2	27	23.3	22.1
ABprppa	28	32.7	30.3	31.3	29.4
ABprppaa	38	40	42.2	36.8	35.4
ABprppaaa	57	51.7	55.7	50.8	54.7
ABprppaaaa	67	60.6	65.2	56.8	62
ABprppaaaaa	NA	NA	NA	NA	NA
ABprppaaaap	111	NA	NA	NA	NA
ABprppaaaapa	NA	NA	NA	NA	NA
ABprppaaaapp	NA	NA	NA	NA	NA
ABprppaaap	NA	NA	NA	NA	NA
ABprppaap	62	49.9	50.4	56.1	48.6
ABprppaapa	79	84.3	85.3	81.5	94.2
ABprppaapaa	NA	NA	NA	NA	NA
ABprppaapap	NA	NA	NA	NA	NA
ABprppaapp	69	75.1	87.1	73.3	79.6
ABprppaappa	NA	NA	NA	NA	NA
ABprppaappp	NA	NA	NA	NA	NA
ABprppap	38	36.7	38.9	36.8	35.4
ABprppapa	57	51.6	52.1	48	47
ABprppapaa	59	67.7	74.1	67.6	68.1
ABprppapaaa	119	NA	NA	NA	NA
ABprppapaaaa	NA	NA	NA	NA	NA
ABprppapaaap	NA	NA	NA	NA	NA
ABprppapaap	NA	NA	NA	NA	NA
ABprppapap	84	89.7	88.9	84	97.5
ABprppapapa	NA	NA	NA	NA	NA
ABprppapapp	NA	NA	NA	NA	NA
ABprppapp	57	55.1	55.7	53.4	57.9
ABprppappa	74	80.7	78	78.7	76.7
ABprppappaa	NA	NA	NA	NA	NA
ABprppappap	NA	NA	NA	NA	NA
ABprppappp	89	91.7	94.8	89.7	104.8
ABprppapppa	NA	NA	NA	NA	NA
ABprppapppp	NA	NA	NA	NA	NA
ABprppp	28	31.1	28.7	28.6	29.4
ABprpppa	38	34.9	37.2	36.8	33.9
ABprpppaa	52	48	50.2	53.4	48.6
ABprpppaaa	64	72.9	77.7	75.9	77.8
ABprpppaaaa	NA	NA	NA	NA	NA
ABprpppaaap	NA	NA	NA	NA	NA
ABprpppaap	59	82	81.4	78.7	77.8
ABprpppaapa	149	NA	NA	NA	NA
ABprpppaapaa	NA	NA	NA	NA	NA
ABprpppaapap	NA	NA	NA	NA	NA
ABprpppaapp	NA	NA	NA	NA	NA
ABprpppap	52	48	51.9	53.4	48.6
ABprpppapa	49	53	63	56.8	52
ABprpppapaa	NA	NA	NA	NA	NA
ABprpppapap	NA	NA	NA	NA	NA
ABprpppapp	NA	NA	NA	NA	NA
ABprpppp	38	34.9	35.4	36.8	33.9
ABprppppa	49	49.7	46.6	50.6	44
ABprppppaa	67	72.9	83	67.6	72.7
ABprppppaaa	NA	NA	NA	NA	NA
ABprppppaap	NA	NA	NA	NA	NA
ABprppppap	57	71.2	75.6	67.6	69.5
ABprppppapa	NA	NA	NA	NA	NA
ABprppppapp	NA	NA	NA	NA	NA
ABprppppp	49	51.5	50.1	53.4	45.5
ABprpppppa	67	96.8	84.9	81.4	97.2
ABprpppppaa	NA	NA	NA	NA	NA
ABprpppppap	NA	NA	NA	NA	NA
ABprpppppp	67	65.7	70.1	62.3	64.7
ABprppppppa	NA	NA	NA	NA	NA
ABprppppppp	NA	NA	NA	NA	NA
C	23	18	11.7	10.2	13.2
Ca	29	26.1	27	23.2	20.6
Caa	37	32.7	33.7	31.3	30.9
Caaa	27	38.2	38.8	36.8	38.3
Caaaa	51	56.6	48.3	50.5	51.6
Caaaaa	NA	NA	NA	NA	NA
Caaaap	NA	NA	NA	NA	NA
Caaap	56	53.1	48.3	47.9	54.7
Caaapa	NA	NA	NA	NA	NA
Caaapp	NA	NA	NA	NA	NA
Caap	46	51.7	49.1	44.7	50.2
Caapa	147	130.9	126.6	NA	117.4
Caapaa	NA	NA	NA	NA	NA
Caapap	NA	NA	NA	NA	NA
Caapp	52	58.9	59.4	56.1	53.6
Caappd	NA	NA	NA	NA	NA
Caappv	NA	NA	NA	NA	NA
Cap	37	39.4	47.2	41.7	38.2
Capa	54	57	56.3	52.8	53.5
Capaa	54	57.5	56.5	56.3	50.8
Capaaa	74	NA	77.3	NA	77.4
Capaaaa	NA	NA	NA	NA	NA
Capaaap	NA	NA	NA	NA	NA
Capaap	84	NA	83	NA	87.3
Capaapa	NA	NA	NA	NA	NA
Capaapp	NA	NA	NA	NA	NA
Capap	54	55.7	54.7	56.3	50.8
Capapa	79	NA	81.1	NA	82.3
Capapaa	NA	NA	NA	NA	NA
Capapap	NA	NA	NA	NA	NA
Capapp	85	NA	98	NA	92.3
Capappa	NA	NA	NA	NA	NA
Capappp	NA	NA	NA	NA	NA
Capp	61	50.2	47.6	44.8	49
Cappa	42	46.7	50.9	56.2	50.7
Cappaa	69	71.7	61.9	32.5	67.3
Cappaaa	NA	NA	NA	NA	NA
Cappaap	NA	NA	NA	NA	NA
Cappap	79	86.4	73	NA	78.8
Cappapa	NA	NA	NA	NA	NA
Cappapp	NA	NA	NA	NA	NA
Cappp	42	55.5	52.7	59	53.8
Capppa	79	NA	69.4	NA	79
Capppaa	NA	NA	NA	NA	NA
Capppap	NA	NA	NA	NA	NA
Capppp	89	NA	75	NA	92.2
Cappppd	NA	NA	NA	NA	NA
Cappppv	NA	NA	NA	NA	NA
Cp	29	26.1	27	23.2	22.1
Cpa	37	31.1	32	31.3	29.4
Cpaa	34	36.4	35.4	34.2	35.4
Cpaaa	49	61.7	53.5	55.9	54.5
Cpaaaa	NA	NA	NA	NA	NA
Cpaaap	NA	NA	NA	NA	NA
Cpaap	47	61.7	51.8	50.5	53
Cpaapa	NA	NA	NA	NA	NA
Cpaapp	NA	NA	NA	NA	NA
Cpap	44	39.8	37.1	36.8	36.8
Cpapa	49	61.8	69.5	61.3	54.6
Cpapaa	NA	NA	NA	NA	NA
Cpapap	NA	NA	NA	NA	NA
Cpapp	54	60.1	62.4	55.9	60.8
Cpappd	NA	NA	NA	NA	NA
Cpappv	NA	NA	NA	NA	NA
Cpp	37	37.7	38.8	33.8	36.7
Cppa	54	55.3	57.7	55.4	55
Cppaa	54	53.9	54.5	58.9	49.3
Cppaaa	74	77.7	71.4	NA	77.4
Cppaaaa	NA	NA	NA	NA	NA
Cppaaap	NA	NA	NA	NA	NA
Cppaap	84	NA	86.3	NA	85.6
Cppaapa	NA	NA	NA	NA	NA
Cppaapp	NA	NA	NA	NA	NA
Cppap	59	55.6	50.9	58.9	54
Cppapa	74	NA	86.2	NA	80.9
Cppapaa	NA	NA	NA	NA	NA
Cppapap	NA	NA	NA	NA	NA
Cppapp	81	NA	95.5	NA	87.6
Cppappa	NA	NA	NA	NA	NA
Cppappp	NA	NA	NA	NA	NA
Cppp	54	46.7	47.4	44.7	44.5
Cpppa	49	50.1	56	58.7	49
Cpppaa	69	75.3	69	NA	75.2
Cpppaaa	NA	NA	NA	NA	NA
Cpppaap	NA	NA	NA	NA	NA
Cpppap	79	79	87.7	NA	80.2
Cpppapa	NA	NA	NA	NA	NA
Cpppapp	NA	NA	NA	NA	NA
Cpppp	49	57	56	56	50.5
Cppppa	79	73.8	69	NA	78.6
Cppppaa	NA	NA	NA	NA	NA
Cppppap	NA	NA	NA	NA	NA
Cppppp	89	NA	87.7	NA	83.5
Cpppppd	NA	NA	NA	NA	NA
Cpppppv	NA	NA	NA	NA	NA
D	39	40.9	38.8	36.2	32.3
Da	45	44.6	47.3	44.5	44.2
Daa	47	53	49.9	47.8	54.3
Daaa	64	60.3	58.8	53.8	59.8
Daaaa	NA	NA	NA	NA	NA
Daaap	NA	NA	NA	NA	NA
Daap	64	63.9	64.3	64.8	67.8
Daapa	NA	NA	NA	NA	NA
Daapp	NA	NA	NA	NA	NA
Dap	37	49.5	46.4	45.1	48.2
Dapa	69	56.5	58.7	53.8	61.1
Dapaa	NA	NA	NA	NA	NA
Dapap	NA	NA	NA	NA	NA
Dapp	59	53	60.5	56.4	53.1
Dappa	81	NA	85.5	NA	88.4
Dappaa	NA	NA	NA	NA	NA
Dappap	NA	NA	NA	NA	NA
Dappp	99	NA	NA	NA	93.5
Dapppa	NA	NA	NA	NA	NA
Dapppp	NA	NA	NA	NA	NA
Dp	45	44.6	49	41.9	44.2
Dpa	46	51.3	50	47.8	52.8
Dpaa	63	63.8	62.5	59.2	56.5
Dpaaa	NA	NA	NA	NA	NA
Dpaap	NA	NA	NA	NA	NA
Dpap	65	65.6	62.5	67.4	66.2
Dpapa	NA	NA	NA	NA	NA
Dpapp	NA	NA	NA	NA	NA
Dpp	37	47.8	44.7	45.2	46.7
Dppa	64	58.2	64.1	61.9	61.1
Dppaa	NA	NA	NA	NA	NA
Dppap	NA	NA	NA	NA	NA
Dppp	59	52.9	58.7	56.6	51.5
Dpppa	79	NA	87.3	NA	86.6
Dpppaa	NA	NA	NA	NA	NA
Dpppap	NA	NA	NA	NA	NA
Dpppp	99	NA	NA	NA	98.4
Dppppa	NA	NA	NA	NA	NA
Dppppp	NA	NA	NA	NA	NA
E	22	18	10	10.2	11.7
EMS	22	14.7	NA	NA	NA
Ea	43	44.2	45.5	41.3	42.6
Eal	54	47.7	43.9	41.8	48.6
Eala	73	71.8	74.2	66.5	63.8
Ealaa	123	NA	NA	NA	129.9
Ealaad	NA	NA	NA	NA	NA
Ealaav	NA	NA	NA	NA	NA
Ealap	313	NA	NA	NA	NA
Ealapa	NA	NA	NA	NA	NA
Ealapp	NA	NA	NA	NA	NA
Ealp	73	75.3	70.6	66.5	65.4
Ealpa	NA	NA	NA	NA	NA
Ealpp	313	NA	NA	NA	NA
Ealppa	NA	NA	NA	NA	NA
Ealppp	NA	NA	NA	NA	NA
Ear	54	47.7	45.6	44.4	50
Eara	73	77.1	72.5	69.3	70.2
Earaa	123	NA	NA	NA	NA
Earaad	NA	NA	NA	NA	NA
Earaav	NA	NA	NA	NA	NA
Earap	313	NA	NA	NA	NA
Earapa	NA	NA	NA	NA	NA
Earapp	NA	NA	NA	NA	NA
Earp	73	80.6	70.7	66.5	73.3
Earpa	NA	NA	87.1	NA	NA
Earpaa	NA	NA	NA	NA	NA
Earpap	NA	NA	NA	NA	NA
Earpp	313	NA	83.4	NA	NA
Earppa	NA	NA	NA	NA	NA
Earppp	NA	NA	NA	NA	NA
Ep	45	47.4	47.2	46.5	44.2
Epl	56	51.1	52.3	47.3	50
Epla	68	70.4	74.8	66.6	62.5
Eplaa	314	NA	NA	NA	NA
Eplaaa	NA	NA	NA	NA	NA
Eplaap	NA	NA	NA	NA	NA
Eplap	314	NA	NA	NA	NA
Eplapa	NA	NA	NA	NA	NA
Eplapp	NA	NA	NA	NA	NA
Eplp	78	73.9	74.8	69.3	71.8
Eplpa	304	NA	NA	NA	NA
Eplpaa	NA	NA	NA	NA	NA
Eplpap	NA	NA	NA	NA	NA
Eplpp	124	NA	NA	NA	NA
Eplppa	179	NA	NA	NA	NA
Eplppaa	NA	NA	NA	NA	NA
Eplppap	NA	NA	NA	NA	NA
Eplppp	179	NA	NA	NA	NA
Eplpppa	NA	NA	NA	NA	NA
Eplpppp	NA	NA	NA	NA	NA
Epr	56	49.4	49	47.3	48.6
Epra	68	77.3	78.1	69.3	70.2
Epraa	314	NA	NA	NA	NA
Epraaa	NA	NA	NA	NA	NA
Epraap	NA	NA	NA	NA	NA
Eprap	314	NA	NA	NA	NA
Eprapa	NA	NA	NA	NA	NA
Eprapp	NA	NA	NA	NA	NA
Eprp	78	79.1	78.1	69.3	73.3
Eprpa	304	NA	NA	NA	NA
Eprpaa	NA	NA	NA	NA	NA
Eprpap	NA	NA	NA	NA	NA
Eprpp	124	NA	NA	NA	NA
Eprppa	179	NA	NA	NA	NA
Eprppaa	NA	NA	NA	NA	NA
Eprppap	NA	NA	NA	NA	NA
Eprppp	179	NA	NA	NA	NA
Eprpppa	NA	NA	NA	NA	NA
Eprpppp	NA	NA	NA	NA	NA
MS	19	18	10	7.7	10.2
MSa	26	19.6	21.9	20.6	19.1
MSaa	25	27.8	25.2	25.9	22
MSaaa	32	31.2	32	28.7	29.5
MSaaaa	36	31.8	33.9	31.7	31.1
MSaaaaa	46	39.5	40	40	38
MSaaaaaa	124	NA	NA	NA	140.5
MSaaaaaal	NA	NA	NA	NA	NA
MSaaaaaar	NA	NA	NA	NA	NA
MSaaaaap	49	44.1	50.1	48.6	47
MSaaaaapa	74	NA	NA	NA	NA
MSaaaaapaa	NA	NA	NA	NA	NA
MSaaaaapap	NA	NA	NA	NA	NA
MSaaaaapp	NA	NA	NA	NA	NA
MSaaaap	51	48.2	47.1	45.4	44.2
MSaaaapa	49	66	66.8	59.5	56.9
MSaaaapaa	NA	NA	NA	NA	NA
MSaaaapap	NA	NA	NA	NA	NA
MSaaaapp	64	75.1	77.9	NA	69.9
MSaaaappa	NA	NA	NA	NA	NA
MSaaaappp	NA	NA	NA	NA	NA
MSaaap	43	35.1	37.3	37	35.6
MSaaapa	49	37.9	36.5	37.4	36.5
MSaaapaa	44	51.3	57.4	56.7	50.3
MSaaapaaa	NA	NA	NA	NA	NA
MSaaapaap	NA	NA	NA	NA	NA
MSaaapap	59	58.6	68.4	64.9	63.2
MSaaapapa	NA	NA	NA	NA	NA
MSaaapapp	NA	NA	NA	NA	NA
MSaaapp	89	76.6	70.3	67.1	74.1
MSaaappa	NA	NA	NA	NA	NA
MSaaappp	NA	NA	NA	NA	NA
MSaap	32	31.2	30.3	28.7	27.9
MSaapa	35	31.8	33.9	31.7	31
MSaapaa	52	41.2	39.9	40	37.9
MSaapaaa	44	62.1	62.8	62.1	61.4
MSaapaaaa	NA	NA	NA	NA	NA
MSaapaaap	NA	NA	NA	NA	NA
MSaapaap	46	58.6	55.5	48.6	53.4
MSaapaapa	99	NA	NA	NA	NA
MSaapaapaa	NA	NA	NA	NA	NA
MSaapaapap	NA	NA	NA	NA	NA
MSaapaapp	NA	NA	NA	NA	NA
MSaapap	57	48.2	50.5	50.8	47.2
MSaapapa	114	NA	106.1	54.1	119.3
MSaapapaa	NA	NA	NA	NA	NA
MSaapapap	NA	NA	NA	NA	NA
MSaapapp	49	64.2	70.6	NA	74.8
MSaapappa	NA	NA	NA	NA	NA
MSaapappp	NA	NA	NA	NA	NA
MSaapp	48	40.3	42.5	45	43
MSaappa	94	87.6	75.8	80.8	90.5
MSaappaa	NA	NA	NA	NA	NA
MSaappap	NA	NA	NA	NA	NA
MSaappp	74	78.7	61.4	80.8	76.1
MSaapppa	69	NA	67.7	NA	85.1
MSaapppaa	NA	NA	NA	NA	NA
MSaapppap	NA	NA	NA	NA	NA
MSaapppp	94	NA	103.4	NA	NA
MSaappppa	NA	NA	NA	NA	NA
MSaappppp	NA	NA	NA	NA	NA
MSap	27	31.1	28.6	25.9	23.4
MSapa	34	34.5	31.9	31.4	30.9
MSapaa	39	40.5	39.2	34.3	38.6
MSapaaa	49	50.4	50.9	45.5	47.6
MSapaaaa	114	NA	NA	NA	NA
MSapaaaad	NA	NA	NA	NA	NA
MSapaaaav	NA	NA	NA	NA	NA
MSapaaap	NA	NA	NA	NA	NA
MSapaap	69	77.2	66.9	69.7	63.3
MSapaapa	NA	NA	NA	NA	NA
MSapaapp	NA	NA	NA	NA	NA
MSapap	39	38.7	39.2	39.7	35.6
MSapapa	49	46.8	50.9	45.5	47.5
MSapapaa	199	NA	NA	NA	NA
MSapapaaa	NA	NA	NA	NA	NA
MSapapaap	NA	NA	NA	NA	NA
MSapapap	NA	NA	NA	NA	NA
MSapapp	59	59.2	66.9	59	53.7
MSapappa	NA	NA	NA	NA	NA
MSapappp	NA	NA	NA	NA	NA
MSapp	34	32.8	31.9	34	29.4
MSappa	44	49.1	46.1	39.7	46.1
MSappaa	64	63.1	63.6	64.4	57.3
MSappaaa	NA	NA	NA	NA	NA
MSappaap	NA	NA	NA	NA	NA
MSappap	74	70.3	72.6	67.2	78
MSappapa	NA	NA	NA	NA	NA
MSappapp	NA	NA	NA	NA	NA
MSappp	47	52.6	54.8	53.1	49.2
MSapppa	61	63.3	62.2	59.2	54.2
MSapppaa	NA	NA	NA	NA	NA
MSapppap	NA	NA	NA	NA	NA
MSapppp	61	61.6	65.8	72.9	62.2
MSappppa	NA	NA	NA	NA	NA
MSappppp	NA	NA	NA	NA	NA
MSp	26	19.6	20.3	20.6	19.1
MSpa	25	26.2	26.9	25.9	25
MSpaa	32	32.8	32	28.7	27.9
MSpaaa	35	31.8	32.3	31.7	29.6
MSpaaaa	47	39.5	41.7	40	36.4
MSpaaaaa	99	94.8	86.9	NA	95.5
MSpaaaaaa	NA	NA	NA	NA	NA
MSpaaaaap	NA	NA	NA	NA	NA
MSpaaaap	59	54.8	55.6	56.8	58.2
MSpaaaapa	NA	NA	NA	NA	NA
MSpaaaapp	NA	NA	NA	NA	NA
MSpaaap	52	41.2	43.4	42.7	41
MSpaaapa	84	82.1	83.3	NA	100.8
MSpaaapaa	NA	NA	NA	NA	NA
MSpaaapap	NA	NA	NA	NA	NA
MSpaaapp	64	53.1	53.8	56.7	53.6
MSpaaappa	NA	NA	NA	NA	NA
MSpaaappp	NA	NA	NA	NA	NA
MSpaap	43	38.6	39.1	39.6	34.1
MSpaapa	56	43.2	43.7	42.8	41.2
MSpaapaa	77	88	79.9	NA	89.5
MSpaapaaa	NA	NA	NA	NA	NA
MSpaapaap	NA	NA	NA	NA	NA
MSpaapap	57	60.6	54	NA	55.3
MSpaapapa	NA	NA	NA	NA	NA
MSpaapapp	NA	NA	NA	NA	NA
MSpaapp	NA	NA	NA	NA	NA
MSpap	32	31.1	32	28.7	27.9
MSpapa	35	33.4	32.3	31.7	32.5
MSpapaa	61	39.5	39.9	37.3	39.6
MSpapaaa	35	58.4	62.8	51.2	56.9
MSpapaaaa	NA	NA	NA	NA	NA
MSpapaaap	NA	NA	NA	NA	NA
MSpapaap	30	53	55.5	53.9	52
MSpapaapa	109	NA	NA	NA	NA
MSpapaapaa	NA	NA	NA	NA	NA
MSpapaapap	NA	NA	NA	NA	NA
MSpapaapp	NA	NA	NA	NA	NA
MSpapap	57	51.7	48.7	45.4	45.7
MSpapapa	114	NA	115.3	NA	116.3
MSpapapaa	NA	NA	NA	NA	NA
MSpapapap	NA	NA	NA	NA	NA
MSpapapp	49	62.5	66.8	62.3	62
MSpapappa	NA	NA	NA	NA	NA
MSpapappp	NA	NA	NA	NA	NA
MSpapp	46	41.9	45.9	42.3	38.6
MSpappa	76	93.1	107.3	97	85.6
MSpappaa	NA	NA	NA	NA	NA
MSpappap	NA	NA	NA	NA	NA
MSpappp	76	73.3	70.6	80.6	79.2
MSpapppa	74	NA	79.5	13.5	80.3
MSpapppaa	NA	NA	NA	NA	NA
MSpapppap	NA	NA	NA	NA	NA
MSpapppp	89	NA	92.7	NA	88.6
MSpappppa	NA	NA	NA	NA	NA
MSpappppp	NA	NA	NA	NA	NA
MSpp	27	29.5	30.2	25.9	26.5
MSppa	34	32.8	31.9	31.4	29.4
MSppaa	39	42.1	39.2	37	40.2
MSppaaa	49	45	47.3	48.1	41.4
MSppaaaa	124	NA	NA	NA	NA
MSppaaaad	NA	NA	NA	NA	NA
MSppaaaav	NA	NA	NA	NA	NA
MSppaaap	NA	NA	NA	NA	NA
MSppaap	69	71.7	66.9	61.6	65
MSppaapa	NA	NA	NA	NA	NA
MSppaapp	NA	NA	NA	NA	NA
MSppap	29	38.7	39.2	37	40.2
MSppapa	59	50.2	47.3	45.4	49.2
MSppapaa	199	NA	NA	NA	NA
MSppapaaa	NA	NA	NA	NA	NA
MSppapaap	NA	NA	NA	NA	NA
MSppapap	NA	NA	NA	NA	NA
MSppapp	69	59	66.9	61.6	55.5
MSppappa	NA	NA	NA	NA	NA
MSppappp	NA	NA	NA	NA	NA
MSppp	34	32.8	31.9	31.4	29.4
MSpppa	44	43.8	40.9	39.7	43.2
MSpppaa	67	66.4	63.4	64.3	57.3
MSpppaaa	NA	NA	NA	NA	NA
MSpppaap	NA	NA	NA	NA	NA
MSpppap	74	75.4	72.4	72.5	65.2
MSpppapa	NA	NA	NA	NA	NA
MSpppapp	NA	NA	NA	NA	NA
MSpppp	44	49	49.5	50.3	46.2
MSppppa	64	63.1	65.6	59.2	57.4
MSppppaa	NA	NA	NA	NA	NA
MSppppap	NA	NA	NA	NA	NA
MSppppp	64	63.1	65.6	70	57.4
MSpppppa	NA	NA	NA	NA	NA
MSpppppp	NA	NA	NA	NA	NA
P0	NA	NA	NA	NA	NA
P1	NA	NA	NA	NA	NA
P2	25	19.6	NA	NA	NA
P3	32	27.8	20.1	17.9	19
P4	66	73.8	74.2	78.1	55.9
Z2	NA	NA	NA	NA	NA
Z3	NA	NA	NA	NA	NA
